element_type,osmid,amenity,parking,geometry,maxstay,maxheight,layer,name,access,golf_cart,motor_vehicle,surface,nodes,fee:conditional,note,ref,building,capacity,source,fee,parking:orientation,authentication:app,payment:cash,payment:credit_cards,addr:city,addr:housenumber,addr:state,addr:street,building:levels,loc_name,maxspeed,paloalto_ca:id,roof:levels,location,ways,type
node,823273791,parking,surface,POINT (-122.1736507 37.4376428),,,,,,,,,,,,,,,,,,,,,,,,,,,,,,,,
node,1255986280,parking,,POINT (-122.164736 37.429984),20 minutes,,,,,,,,,,,,,,,,,,,,,,,,,,,,,,,
node,4987408937,parking,underground,POINT (-122.1759606 37.4263375),,,-1,Roble Field Garage,,,,,,,,,,,,,,,,,,,,,,,,,,,,
node,6212884662,parking,,POINT (-122.1647622 37.4249569),,,,,permit,designated,no,,,,,,,,,,,,,,,,,,,,,,,,,
way,25841836,parking,underground,"POLYGON ((-122.1649121 37.4234926, -122.1635523 37.4231973, -122.1631773 37.423118, -122.163225 37.4229756, -122.1634506 37.4230233, -122.1634792 37.4229381, -122.1635045 37.4228658, -122.1632848 37.4228173, -122.1633354 37.422673, -122.1650051 37.423042, -122.1649906 37.4232681, -122.1649481 37.4233879, -122.1649121 37.4234926))",,,-1,Wilbur Field Garage,private,,,,"[281866258, 6212885392, 281867202, 287480550, 6212885395, 3316594110, 6212885394, 287480567, 281866260, 281867783, 281866262, 6212885393, 281866258]",yes @ (Mo-Fr 08:00-16:00),Also includes student permit parking,PS6,,,,,,,,,,,,,,,,,,,,
way,26249484,parking,,"POLYGON ((-122.1711085 37.4227189, -122.1710656 37.4235283, -122.1717305 37.4235439, -122.1716367 37.4227465, -122.1711085 37.4227189))",,,,,,,,,"[926083391, 926083392, 287468539, 287468540, 926083391]",,,,,,,,,,,,,,,,,,,,,,,
way,26249681,parking,surface,"POLYGON ((-122.1848726 37.4294918, -122.1848878 37.4291732, -122.18457 37.4291617, -122.1845741 37.428999, -122.1844776 37.4289994, -122.1844462 37.4294936, -122.1847506 37.4295098, -122.1848726 37.4294918))",,,,,,,,,"[287472065, 287472070, 8249775216, 8249775215, 287472067, 287472071, 8249799717, 287472065]",,,,,,,,,,,,,,,,,,,,,,,
way,26249768,parking,multi-storey,"POLYGON ((-122.1829094 37.4317991, -122.182345 37.4310591, -122.1820681 37.4311931, -122.1817122 37.4313685, -122.1812488 37.4315951, -122.1818558 37.4323725, -122.1821224 37.432236, -122.1824846 37.4320569, -122.1828837 37.4318538, -122.1828624 37.4318207, -122.1829094 37.4317991))",,,,Stock Farm Garage,,,,,"[287472884, 287472873, 7131526986, 7131526997, 287472885, 287472875, 6318792955, 540510207, 1330035236, 1330035421, 287472884]",,,,parking,,,,,,,,,,,,,,,,,,,
way,26250074,parking,surface,"POLYGON ((-122.1761732 37.4313251, -122.1761433 37.4314181, -122.1769787 37.4315873, -122.1770923 37.4312334, -122.1766482 37.4311434, -122.1765995 37.4312949, -122.1763641 37.4312472, -122.1763289 37.4313566, -122.1761732 37.4313251))",,,,LKSC Parking Lot,,,,,"[287475631, 354725238, 354725535, 354725536, 354725537, 287475633, 287475634, 287475636, 287475631]",,,,,60,Personal Visit,,,,,,,,,,,,,,,,,
way,26250622,parking,,"POLYGON ((-122.1609156 37.4327428, -122.1600648 37.4319643, -122.1588161 37.4328438, -122.1591339 37.4331269, -122.1592774 37.433133, -122.1600507 37.4328882, -122.1607531 37.4328781, -122.1609156 37.4327428))",,,,Varsity Lot,,,,,"[287481906, 287481907, 287481908, 4405808468, 287481909, 354734712, 4405808469, 287481906]",,,,,,,,,,,,,,,,,,,,,,,
way,26250624,parking,,"POLYGON ((-122.1633075 37.4333652, -122.1638101 37.4319386, -122.1636504 37.4319053, -122.1635495 37.431929, -122.162768 37.4325177, -122.162728 37.4324847, -122.1620122 37.4330056, -122.1621304 37.4331378, -122.1633075 37.4333652))",,,,,,,,,"[287481913, 287481914, 8143013111, 287481915, 8143013109, 8143013110, 287481916, 8143013108, 287481913]",,,,,,,,,,,,,,,,,,,,,,,
way,26308516,parking,,"POLYGON ((-122.1657258 37.4337836, -122.1651964 37.4341451, -122.1651262 37.4340945, -122.165077 37.4341398, -122.1649183 37.4341097, -122.1647239 37.4339941, -122.1640588 37.4336897, -122.1641107 37.4336367, -122.1640487 37.4336105, -122.1641365 37.4335085, -122.1644082 37.4331902, -122.1643488 37.433023, -122.1645385 37.4328765, -122.1644013 37.4327625, -122.1646389 37.4326173, -122.1647495 37.4327467, -122.1648929 37.432721, -122.1649367 37.4328879, -122.1650397 37.4330788, -122.1653573 37.4333309, -122.1657063 37.4335075, -122.1658264 37.4336171, -122.1656556 37.4337193, -122.1657258 37.4337836))",,,,Galvez Parking Lot (L-96),,,,,"[288211735, 9913605249, 9913605248, 288211736, 9913605247, 288211738, 288211739, 9913605246, 1255522054, 1255522051, 9913605245, 9913605244, 9913605243, 9913605241, 288211742, 9913605240, 1255520119, 288211743, 288211744, 288211745, 288211746, 9913605231, 9913605232, 288211735]",,,,,,,,,,,,,,,,,,,,,,,
way,28590891,parking,surface,"POLYGON ((-122.1818119 37.4233016, -122.1818093 37.4232934, -122.1818118 37.4232862, -122.1818183 37.4232811, -122.1818294 37.4232792, -122.1818754 37.4232916, -122.1819493 37.4231209, -122.1819619 37.4230852, -122.181968 37.4230489, -122.1819678 37.4230117, -122.1819596 37.42297, -122.1818846 37.4227101, -122.1818314 37.4227198, -122.1818048 37.4227116, -122.1817329 37.4227247, -122.1817235 37.4227427, -122.1816694 37.4227525, -122.1817061 37.4228796, -122.1817698 37.422868, -122.1817817 37.4229091, -122.1817199 37.4229204, -122.1817454 37.423009, -122.1817473 37.423023, -122.1817466 37.4230377, -122.1817436 37.4230509, -122.1817386 37.4230633, -122.1816564 37.4232529, -122.181713 37.4232684, -122.1817195 37.4232764, -122.1816934 37.423364, -122.1817281 37.4233439, -122.1817589 37.4233338, -122.1817955 37.4233288, -122.1818277 37.4233301, -122.1818163 37.4233157, -122.1818119 37.4233016))",,,,,,,,,"[10877834788, 10877834780, 10877834781, 10877834782, 314048881, 10877834783, 314048882, 10877834778, 10877834777, 10877834779, 314049024, 314048869, 10877834796, 314054343, 10877834794, 10877834795, 314048870, 314048871, 314048872, 8530996044, 8530996045, 314048874, 10877834776, 10877834775, 10877834774, 314048875, 8530996046, 10877834790, 8530996047, 10877834791, 10877834785, 10877834786, 10877834784, 10877834789, 10877834787, 10877834788]",,,,,,,,,,,,,,,,,,,,,,,
way,28590899,parking,surface,"POLYGON ((-122.1817149 37.4254131, -122.1818216 37.4250856, -122.1819807 37.4251174, -122.1818707 37.4254454, -122.1817149 37.4254131))",,,,,,,,,"[314049392, 314049395, 314049397, 314049402, 314049392]",,,,,,,,,,,,,,,,,,,,,,,
way,28591072,parking,,"POLYGON ((-122.1753304 37.4196653, -122.1753019 37.4197387, -122.175193 37.4200198, -122.1756737 37.420197, -122.175914 37.4199653, -122.1753304 37.4196653))",,,,,,,,,"[314051489, 522183648, 314051492, 314051494, 314051496, 314051489]",,,,,,,,,,,,,,,,,,,,,,,
way,31699729,parking,surface,"POLYGON ((-122.1604534 37.4368543, -122.1607897 37.4366275, -122.1609454 37.4364238, -122.1607898 37.4361688, -122.160814 37.4360511, -122.1604338 37.4358976, -122.1602359 37.435787, -122.1599543 37.4355943, -122.1595131 37.4352173, -122.1594185 37.4351348, -122.1593052 37.4350113, -122.1592086 37.4348948, -122.1590289 37.4345677, -122.1589069 37.4342547, -122.1586146 37.4336424, -122.1573814 37.4344421, -122.1574773 37.4346647, -122.1577536 37.4348691, -122.1578877 37.4350001, -122.1580888 37.4351098, -122.1588385 37.4356976, -122.1595547 37.4363312, -122.1598403 37.4366145, -122.1599905 37.4366123, -122.1601863 37.4367987, -122.1604534 37.4368543))",,,,,,,,compacted,"[354719241, 354719243, 7129243152, 7129243148, 7129243153, 354719245, 7129243154, 7129243155, 7129243156, 7129243149, 7129243147, 354725110, 7129243150, 7129243151, 354719246, 354719247, 7129243083, 7129243085, 7129243084, 7129243086, 7129243091, 7129243090, 7129243088, 7129243089, 7129243087, 354719241]",,,,,,,,,,,,,,,,,,,,,,,
way,31700001,parking,surface,"POLYGON ((-122.1680852 37.43259, -122.168147 37.4326028, -122.1681157 37.4326855, -122.1670466 37.432455, -122.1670723 37.4323765, -122.1671855 37.4323965, -122.1672074 37.4323352, -122.168108 37.4325247, -122.1680852 37.43259))",,,,,,,,,"[354719643, 6527889813, 6527889812, 354719644, 9913584210, 354719645, 9913584208, 354719646, 354719643]",,,,,,,,,,,,,,,,,,,,,,,
way,31700065,parking,surface,"POLYGON ((-122.1682806 37.4323702, -122.1681575 37.4323459, -122.1681373 37.4324012, -122.1672465 37.4322116, -122.16727 37.4321467, -122.1671527 37.4321235, -122.1671807 37.4320363, -122.1683135 37.4322785, -122.1682806 37.4323702))",,,,,,,,,"[354719657, 9913584214, 9913584213, 9913584211, 9913584212, 354719658, 354719659, 354719660, 354719657]",,,,,,,,,,,,,,,,,,,,,,,
way,31700183,parking,surface,"POLYGON ((-122.169943 37.4330756, -122.1687868 37.4328298, -122.1688191 37.4327361, -122.1689361 37.4327642, -122.1689547 37.4327062, -122.1698885 37.4329048, -122.1698681 37.4329645, -122.1699729 37.4329877, -122.169943 37.4330756))",,,,,yes,,,,"[354719686, 354719687, 9913584205, 9913584204, 354719688, 354719689, 9913584199, 9913584178, 354719686]",,,,,,,,,,,,,,,,,,,,,,,
way,31700246,parking,surface,"POLYGON ((-122.1699301 37.4327846, -122.1699522 37.4327163, -122.1700542 37.4327403, -122.1700821 37.4326561, -122.1689306 37.4324137, -122.1689056 37.432492, -122.1690189 37.4325165, -122.1689954 37.4325842, -122.1699301 37.4327846))",,,,,yes,,,,"[354719745, 9913584200, 9913584201, 354719746, 354719747, 9913584203, 9913584202, 354719748, 354719745]",,,,,,,,,,,,,,,,,,,,,,,
way,31700379,parking,surface,"POLYGON ((-122.1666718 37.4332369, -122.166627 37.4332275, -122.1669216 37.432347, -122.1669662 37.4323564, -122.1666718 37.4332369))",,,,,,,,,"[354719781, 354719782, 354719783, 354719784, 354719781]",,,,,,,,,,,,,,,,,,,,,,,
way,31700397,parking,surface,"POLYGON ((-122.1670516 37.4321016, -122.1670022 37.432091, -122.1672784 37.4312784, -122.167328 37.431289, -122.1670516 37.4321016))",,,,,,,,,"[354719789, 354719790, 354719791, 354719792, 354719789]",,,,,,,,,,,,,,,,,,,,,,,
way,31700570,parking,surface,"POLYGON ((-122.1674047 37.4311787, -122.1673899 37.4312234, -122.1686993 37.4314967, -122.1687141 37.4314522, -122.1674047 37.4311787))",,,,,,,,,"[354719830, 354719831, 354719832, 354719833, 354719830]",,,,,,,,,,,,,,,,,,,,,,,
way,31700632,parking,surface,"POLYGON ((-122.1687006 37.4313681, -122.1674205 37.431089, -122.1674349 37.4310474, -122.1687149 37.4313267, -122.1687006 37.4313681))",,,,,,,,,"[354720074, 354720077, 354720080, 354720082, 354720074]",,,,,,,,,,,,,,,,,,,,,,,
way,31700675,parking,street_side,"POLYGON ((-122.1691966 37.4315458, -122.169183 37.4315862, -122.1703293 37.4318304, -122.1703429 37.4317902, -122.1691966 37.4315458))",,,,,,,,asphalt,"[354720263, 354720266, 354720267, 354720269, 354720263]",,,,,,,yes,perpendicular,,,,,,,,,,,,,,,
way,31700770,parking,street_side,"POLYGON ((-122.1703561 37.4317241, -122.1703721 37.4316761, -122.1692219 37.4314351, -122.1692059 37.4314832, -122.1703561 37.4317241))",,,,,,,,asphalt,"[354720726, 354720728, 354720729, 354720731, 354720726]",,,,,,,yes,perpendicular,,,,,,,,,,,,,,,
way,31701074,parking,surface,"POLYGON ((-122.1692895 37.4310743, -122.1692696 37.4310266, -122.1692558 37.4309865, -122.1693025 37.4309642, -122.1693664 37.4309172, -122.1694717 37.4308305, -122.1695813 37.4307238, -122.1696583 37.4306324, -122.1697324 37.4305321, -122.169844 37.4303589, -122.169934 37.4301929, -122.1699979 37.4300426, -122.1700498 37.4298773, -122.1700761 37.4297503, -122.1700917 37.4296081, -122.1700905 37.4294822, -122.1700781 37.4293757, -122.1702471 37.4293232, -122.1702583 37.4293947, -122.1702598 37.4295368, -122.1702554 37.4296885, -122.1702386 37.4298245, -122.1702101 37.4299473, -122.1701764 37.4300528, -122.1701109 37.4302, -122.1700403 37.4303388, -122.1699523 37.4304894, -122.169879 37.4305959, -122.1697318 37.4307856, -122.1696794 37.4307712, -122.1696312 37.4308313, -122.1695611 37.4308877, -122.1694257 37.430987, -122.1692895 37.4310743))",,,,,,,,,"[354721042, 9913605150, 354721043, 354721044, 9913605163, 847428698, 354721045, 847428699, 847428700, 354721047, 847428701, 847428702, 354721048, 847428748, 847428752, 847428750, 354721049, 354721050, 847428753, 847428751, 847428749, 354721051, 9913605152, 847428723, 354721052, 847428703, 847428704, 9913605160, 9913605161, 354721054, 847428724, 354721055, 9913605162, 354721042]",,,,,,,,,,,,,,,,,,,,,,,
way,31701232,parking,surface,"POLYGON ((-122.1689368 37.4309085, -122.1688046 37.4309065, -122.1687666 37.4307927, -122.1687404 37.4306707, -122.1687235 37.4305712, -122.168668 37.4306001, -122.168647 37.4303908, -122.1686505 37.4302387, -122.1686657 37.4300963, -122.1686827 37.4299755, -122.1687247 37.4297816, -122.1687461 37.4296983, -122.1687967 37.4295816, -122.1688784 37.4294353, -122.168931 37.4294318, -122.1689728 37.4293551, -122.1690739 37.4292093, -122.1691564 37.4291105, -122.1692094 37.4290825, -122.1692465 37.4291019, -122.1692841 37.4291518, -122.1692033 37.4292314, -122.1691048 37.4293646, -122.1690147 37.4294996, -122.168962 37.4295948, -122.1689104 37.429731, -122.1688838 37.4298179, -122.1688591 37.4299414, -122.1688332 37.4300738, -122.1688212 37.4302034, -122.1688145 37.4303635, -122.1688168 37.4304673, -122.1688323 37.4305883, -122.168855 37.4307201, -122.1688994 37.4308374, -122.1689368 37.4309085))",,,,,,,,,"[354721166, 354721167, 847428767, 847428768, 847428769, 354721168, 847428771, 847428772, 354721169, 847428773, 354721171, 847428774, 847428775, 354721172, 9913605189, 847428779, 847428780, 9913605154, 354721173, 9913605153, 354721174, 847428685, 847428686, 847428687, 354721175, 847428688, 354721176, 847428565, 9913605190, 847428547, 354721177, 847428528, 847428529, 354721178, 9913605191, 354721166]",,,,,,,,,,,,,,,,,,,,,,,
way,31701485,parking,surface,"POLYGON ((-122.166656 37.4298598, -122.1667083 37.4297055, -122.1652984 37.4294047, -122.1652462 37.4295588, -122.166656 37.4298598))",,,,,,,,,"[354721365, 354721366, 354721367, 354721368, 354721365]",,,,,,,,,,,,,,,,,,,,,,,
way,31705591,parking,,"POLYGON ((-122.1660848 37.4268972, -122.1660977 37.4268596, -122.1668866 37.4270311, -122.1668737 37.4270685, -122.1660848 37.4268972))",,,,,,,,,"[354726480, 354726481, 354726482, 6533328188, 354726480]",,,,,,,,,,,,,,,,,,,,,,,
way,31705678,parking,surface,"POLYGON ((-122.1633062 37.4261488, -122.1631827 37.4265585, -122.162795 37.4264848, -122.162868 37.4262424, -122.1625344 37.426179, -122.1625655 37.426076, -122.1627801 37.4261168, -122.1627995 37.4260525, -122.1633062 37.4261488))",,,,,private,,,,"[354728665, 354728666, 354728667, 354728669, 7525362150, 354728670, 7525362152, 7525362151, 354728665]",,,,,,,,,,,,,,,,,,,,,,,
way,31705884,parking,surface,"POLYGON ((-122.1667858 37.4324703, -122.1667343 37.4324591, -122.1664816 37.4331915, -122.1665329 37.4332027, -122.1667858 37.4324703))",,,,,,,,,"[354735810, 354735811, 354735812, 354735813, 354735810]",,,,,,,,,,,,,,,,,,,,,,,
way,31705896,parking,surface,"POLYGON ((-122.1670568 37.4316803, -122.1669964 37.4316679, -122.1671968 37.431051, -122.1672573 37.4310634, -122.1670568 37.4316803))",,,,,,,,,"[354736011, 354736013, 354736014, 354736015, 354736011]",,,,,,,,,,,,,,,,,,,,,,,
way,31706002,parking,surface,"POLYGON ((-122.1708664 37.4253673, -122.1708034 37.425544, -122.1705832 37.4254946, -122.1706462 37.4253178, -122.1708664 37.4253673))",,,,,,,,,"[354739500, 354739501, 354739502, 354739503, 354739500]",,,,,,,,,,,,,,,,,,,,,,,
way,31706004,parking,surface,"POLYGON ((-122.1711744 37.4247909, -122.1711572 37.4248727, -122.1729082 37.4252544, -122.1729339 37.4251726, -122.1711744 37.4247909))",,,,,,,,,"[354739569, 354739570, 354739571, 354739572, 354739569]",,,,,,,,,,,,,,,,,,,,,,,
way,31706033,parking,,"POLYGON ((-122.1709512 37.4216758, -122.1702045 37.4212873, -122.1706336 37.4209942, -122.1713031 37.4213895, -122.1709512 37.4216758))",,,,,,,,,"[354740636, 354740637, 354740638, 354740639, 354740636]",,,,,,,,,,,,,,,,,,,,,,,
way,31706034,parking,,"POLYGON ((-122.1698381 37.4219059, -122.1698322 37.4216539, -122.1697238 37.421335, -122.1694519 37.4214453, -122.1693905 37.4214794, -122.1694587 37.4216771, -122.1694694 37.4219274, -122.1696187 37.4219184, -122.1698381 37.4219059))",,,,,,,,,"[354740683, 354740684, 354740685, 354740686, 354740687, 10878197810, 10878197811, 354740688, 354740683]",,,,,,,,,,,,,,,,,,,,,,,
way,31709922,parking,street_side,"POLYGON ((-122.1701848 37.4327734, -122.1704659 37.4319296, -122.1705195 37.4319409, -122.1702382 37.4327847, -122.1701848 37.4327734))",,,,,yes,,,asphalt,"[354783055, 354783056, 354783057, 354783058, 354783055]",,,,,,,yes,perpendicular,,,,,,,,,,,,,,,
way,31709981,parking,,"POLYGON ((-122.1701412 37.4330424, -122.170089 37.4330315, -122.1697644 37.4340081, -122.1698169 37.4340191, -122.1701412 37.4330424))",,,,,yes,,,,"[354783073, 354783074, 354783075, 354783076, 354783073]",,,,,,,,,,,,,,,,,,,,,,,
way,31711544,parking,,"POLYGON ((-122.1719948 37.42508, -122.1719338 37.4252754, -122.1717966 37.4252484, -122.1717702 37.425333, -122.1716914 37.4253175, -122.1717788 37.4250374, -122.1719948 37.42508))",,,,,,,,,"[354786153, 354786154, 354786156, 354786157, 354786158, 354786159, 354786153]",,,,,,,,,,,,,,,,,,,,,,,
way,31711609,parking,,"POLYGON ((-122.1626366 37.424847, -122.1625854 37.4249941, -122.1625156 37.4251946, -122.1623109 37.4251497, -122.1624318 37.4248021, -122.1626366 37.424847))",,,,,,,,,"[354788320, 6533185370, 354788321, 354788322, 354788323, 354788320]",,,,,,,,,,,,,,,,,,,,,,,
way,31711610,parking,,"POLYGON ((-122.1634037 37.4249782, -122.1626569 37.4248214, -122.1626741 37.4247669, -122.1634208 37.4249237, -122.1634037 37.4249782))",,,,,private,,,,"[354788550, 354788551, 354788552, 354788553, 354788550]",,,,,,,,,,,,,,,,,,,,,,,
way,31711611,parking,lane,"POLYGON ((-122.1626053 37.4246436, -122.1626218 37.4245932, -122.1632193 37.4247164, -122.1632028 37.4247668, -122.1626053 37.4246436))",,,,,private,,,,"[354788666, 354788667, 354788668, 354788669, 354788666]",,,,,,,,,,,,,,,,,,,,,,,
way,31711629,parking,,"POLYGON ((-122.1632962 37.4238058, -122.1630737 37.4237569, -122.1631701 37.4234883, -122.1632834 37.4235146, -122.1633388 37.4235279, -122.1633338 37.4236952, -122.1632962 37.4238058))",,,,,,,,,"[354789123, 354789124, 354789125, 518824010, 354789126, 1787964582, 354789123]",,,,,,,,,,,,,,,,,,,,,,,
way,42053707,parking,,"POLYGON ((-122.1744551 37.4196487, -122.1743778 37.4196692, -122.1738628 37.4194987, -122.1737598 37.4194101, -122.1738543 37.4192806, -122.1739573 37.4192124, -122.1741547 37.4192397, -122.1741547 37.4193351, -122.1744637 37.4194442, -122.174498 37.4195465, -122.1744551 37.4196487))",,,,,,,,,"[522189949, 522189951, 522189954, 522189957, 522189959, 522189962, 522189964, 522189967, 522189970, 522189973, 522189949]",,,,,,,,,,,,,,,,,,,,,,,
way,42055986,parking,surface,"POLYGON ((-122.1727805 37.4356463, -122.1724232 37.4363498, -122.1723038 37.436347, -122.1722979 37.4364307, -122.1722338 37.4364288, -122.1722367 37.4363934, -122.1718675 37.4363862, -122.1718662 37.4363357, -122.1718024 37.4363334, -122.1717398 37.4363176, -122.1717553 37.4362921, -122.1717126 37.4362657, -122.1723696 37.4356087, -122.1723715 37.4355772, -122.1726607 37.4355839, -122.1726583 37.4356305, -122.1727045 37.4356313, -122.1727805 37.4356463))",,,,,,,,asphalt,"[522262608, 9490940683, 9490940684, 9490940685, 9490940686, 9490940687, 9490940688, 9490940691, 9490940692, 9490940693, 1433951047, 1433951046, 9490940690, 522262622, 1433951044, 1433951045, 9490940689, 522262608]",,,,,,,,,,,,,,,,,,,,,,,
way,79296821,parking,surface,"POLYGON ((-122.1709209 37.4235183, -122.1709693 37.422711, -122.1700929 37.422671, -122.170359 37.4234958, -122.1709209 37.4235183))",,,,,yes,,,,"[926083393, 926083394, 287468541, 287468542, 926083393]",,,,,,,yes,,yes,no,yes,,,,,,,,,,,,
way,82161953,parking,surface,"POLYGON ((-122.1687861 37.4402052, -122.1691822 37.4394901, -122.1692593 37.4395161, -122.1692799 37.4394756, -122.170352 37.4398611, -122.1703295 37.4399044, -122.1704215 37.4399343, -122.1700956 37.4406757, -122.1700291 37.4408151, -122.1698036 37.4407481, -122.169414 37.440431, -122.1694081 37.4403944, -122.1693836 37.4403759, -122.1693366 37.4403791, -122.1693183 37.4403966, -122.1687861 37.4402052))",,,,,,,,,"[956661148, 1433951074, 956661149, 1433951073, 1433951101, 956661151, 1433951104, 956661152, 1433951134, 1433951130, 1433951109, 1433951107, 1433951105, 1433951106, 1433951108, 956661148]",,,,,,,,,,,,,,,,,,,,,,,
way,82161987,parking,surface,"POLYGON ((-122.1681548 37.4410757, -122.1681032 37.4410342, -122.1677103 37.4407129, -122.1673789 37.4413271, -122.1678761 37.4417108, -122.1681194 37.4415138, -122.1678757 37.4413092, -122.1681094 37.441113, -122.1681548 37.4410757))",,,,,,,,,"[956661502, 8910432631, 956661503, 956661504, 956661505, 6814758769, 6814758768, 8910432635, 956661502]",,,,,,,,,,,,,,,,,,,,,,,
way,86355796,parking,surface,"POLYGON ((-122.177938 37.4303969, -122.177668 37.43033, -122.177451 37.430283, -122.177464 37.4302383, -122.1773855 37.4302216, -122.177422 37.4301161, -122.177993 37.4302335, -122.177938 37.4303969))",,,,,private,,,,"[1003203945, 2411555839, 2411555832, 1003203946, 7324140235, 7324140236, 1003203956, 1003203945]",,,,,,,,,,,,,,,,,,,,,,,
way,109150500,parking,surface,"POLYGON ((-122.1713145 37.438476, -122.1715897 37.4379293, -122.1715403 37.4379137, -122.1715664 37.4378618, -122.1714428 37.4378226, -122.171419 37.43787, -122.1712478 37.4378157, -122.1712719 37.4377679, -122.1708366 37.4376299, -122.1708143 37.4376741, -122.170749 37.4376534, -122.1705059 37.4381364, -122.1712254 37.4383647, -122.1711894 37.4384363, -122.1713145 37.438476))",,,,,,,,,"[1250337837, 1250337940, 9491006789, 9491006791, 9491006792, 9491006790, 1433951060, 7323872474, 1433951059, 1433951058, 1250337848, 1250337802, 1433951062, 1433951064, 1250337837]",,,,,,,,,,,,,,,,,,,,,,,
way,109915390,parking,,"POLYGON ((-122.1663894 37.4223664, -122.1662856 37.422222, -122.1666936 37.4220368, -122.1667975 37.4221811, -122.1663894 37.4223664))",,,,,,,,,"[1257070636, 1257070770, 1257070673, 1257070653, 1257070636]",,,,,,,,,,,,,,,,,,,,,,,
way,130097057,parking,surface,"POLYGON ((-122.1706986 37.439901, -122.1707431 37.43979, -122.1708008 37.4398069, -122.1708121 37.4397825, -122.170755 37.4397661, -122.1708096 37.4397522, -122.1708622 37.4396452, -122.1707876 37.4396332, -122.1703908 37.4397517, -122.1703588 37.4398089, -122.1704955 37.4398467, -122.1705745 37.4398199, -122.1705557 37.4398647, -122.1706986 37.439901))",,,,,,,,,"[1433951103, 1433951096, 1433951097, 1433951095, 1433951094, 1433951093, 1433951083, 1433951081, 1433951092, 1433951098, 1433951100, 1433951099, 1433951102, 1433951103]",,,,,,,,,,,,,,,,,,,,,,,
way,164139677,parking,,"POLYGON ((-122.1757415 37.4372862, -122.1754572 37.4373544, -122.1744605 37.4371416, -122.174615 37.4366516, -122.1756986 37.4368773, -122.1757415 37.4372862))",,,,,,,,,"[1758054004, 1758054018, 1758054030, 1758054071, 1758054070, 1758054004]",,,,,,,,,,,,,,,,,,,,,,,
way,166769922,parking,surface,"POLYGON ((-122.1730752 37.4288047, -122.1731576 37.4285573, -122.1730293 37.4285304, -122.1729469 37.4287778, -122.1730752 37.4288047))",,,,,,,,,"[1782081134, 1782081131, 1782081128, 1782081133, 1782081134]",,,,,8,,,,,,,,,,,,,,,,,,
way,182326202,parking,surface,"POLYGON ((-122.164747 37.4287584, -122.1649705 37.4280867, -122.1647518 37.4280408, -122.1646786 37.4282606, -122.1648102 37.4282882, -122.1646598 37.4287401, -122.164747 37.4287584))",,,,,,,,,"[1926782719, 1926782716, 1926782714, 1926782717, 1926782718, 1926782715, 1926782719]",,,,,,,,,,,,,,,,,,,,,,,
way,211779021,parking,surface,"POLYGON ((-122.1776105 37.4277127, -122.1766402 37.4275107, -122.1767384 37.4272132, -122.177875 37.4274499, -122.1779844 37.4277961, -122.1779311 37.427958, -122.1775553 37.4278799, -122.1776105 37.4277127))",,,,,,,,,"[2217384966, 2217384979, 2217384950, 2217384968, 8678167539, 8678167538, 8678167537, 2217384966]",,,,,,,,,,,,,,,,,,,,,,,
way,232805755,parking,surface,"POLYGON ((-122.1761488 37.4278646, -122.1757153 37.4277807, -122.175773 37.4275927, -122.1762065 37.4276766, -122.1761488 37.4278646))",,,,,private,,,,"[2411240669, 2411240657, 2411240632, 2411240648, 2411240669]",,,,,,https://campus-map.stanford.edu/#,,,,,,,,,,,,,,,,,
way,232841895,parking,multi-storey,"POLYGON ((-122.177055 37.428362, -122.177045 37.428383, -122.176371 37.428241, -122.176352 37.428231, -122.176344 37.428218, -122.1764229 37.4279664, -122.176486 37.427765, -122.176504 37.427771, -122.176523 37.427767, -122.176537 37.427753, -122.176537 37.427739, -122.177129 37.427864, -122.177146 37.427892, -122.177141 37.42792, -122.177248 37.427943, -122.177262 37.427954, -122.177269 37.42798, -122.177259 37.428006, -122.177306 37.428018, -122.177317 37.428027, -122.1772672 37.428185, -122.177232 37.428297, -122.177215 37.428304, -122.17717 37.428293, -122.177154 37.428323, -122.177129 37.428324, -122.177112 37.428372, -122.177055 37.428362))",,"8'0""",,Via Ortega Garage,private,,,,"[2411555368, 2411555373, 2411555360, 2411555359, 2411555358, 4675013242, 2411555340, 2411555342, 2411555341, 2411555338, 2411555337, 2411555345, 2411555346, 2411555347, 2411555349, 2411555350, 2411555351, 2411555354, 2411555355, 2411555356, 2572379215, 2411555363, 2411555364, 2411555362, 2411555365, 2411555366, 2411555371, 2411555368]",,,,parking,,City of Palo Alto CA 0713,,,,,,Stanford,285,CA,Panama Street,5,Parking Structure 2,10 mph,29216,0,,,
way,232841898,parking,multi-storey,"POLYGON ((-122.172564 37.433463, -122.1720051 37.4333398, -122.171897 37.433316, -122.172243 37.432281, -122.1723668 37.4323072, -122.172919 37.432424, -122.172934 37.432449, -122.172894 37.432556, -122.172957 37.432576, -122.172958 37.432577, -122.172962 37.43258, -122.172965 37.432583, -122.172968 37.432586, -122.172971 37.43259, -122.172974 37.432593, -122.172977 37.432597, -122.172979 37.432601, -122.172981 37.432605, -122.172983 37.432609, -122.172841 37.433026, -122.17284 37.433027, -122.172839 37.433027, -122.172839 37.433028, -122.172838 37.433029, -122.172837 37.433029, -122.172836 37.43303, -122.172835 37.433031, -122.172834 37.433031, -122.172833 37.433031, -122.172832 37.433032, -122.172831 37.433032, -122.17283 37.433033, -122.172829 37.433033, -122.172828 37.433033, -122.172826 37.433033, -122.172825 37.433034, -122.172824 37.433034, -122.172823 37.433034, -122.172822 37.433034, -122.172784 37.433026, -122.1727795 37.4330394, -122.172777 37.433047, -122.172823 37.433057, -122.172828 37.433068, -122.172807 37.433131, -122.172792 37.433136, -122.172753 37.43313, -122.172746 37.433149, -122.172747 37.433149, -122.172749 37.43315, -122.172751 37.433151, -122.172753 37.433152, -122.172755 37.433154, -122.172757 37.433155, -122.172759 37.433156, -122.17276 37.433158, -122.172762 37.433159, -122.172763 37.433161, -122.172765 37.433162, -122.172708 37.433326, -122.172707 37.433327, -122.172706 37.433328, -122.172705 37.43333, -122.172704 37.433331, -122.172703 37.433332, -122.172701 37.433333, -122.1727 37.433334, -122.172699 37.433335, -122.172697 37.433336, -122.172696 37.433337, -122.172694 37.433338, -122.172692 37.433339, -122.172691 37.433339, -122.172689 37.43334, -122.172687 37.43334, -122.172686 37.433341, -122.172684 37.433341, -122.172682 37.433342, -122.17268 37.433342, -122.172678 37.433342, -122.172676 37.433342, -122.172674 37.433342, -122.172673 37.433342, -122.172671 37.433342, -122.172669 37.433342, -122.172667 37.433341, -122.172665 37.433341, -122.172663 37.433341, -122.172663 37.43334, -122.172662 37.43334, -122.172661 37.433339, -122.17266 37.433339, -122.172659 37.433339, -122.172659 37.433338, -122.172658 37.433338, -122.172657 37.433338, -122.172656 37.433338, -122.172655 37.433338, -122.172654 37.433338, -122.172653 37.433338, -122.172652 37.433338, -122.172651 37.433338, -122.17265 37.433338, -122.172649 37.433338, -122.172648 37.433338, -122.172647 37.433338, -122.172647 37.433339, -122.172646 37.433339, -122.172645 37.433339, -122.172644 37.433339, -122.172643 37.43334, -122.172642 37.433341, -122.172641 37.433341, -122.172641 37.433342, -122.17264 37.433342, -122.17264 37.433343, -122.172639 37.433343, -122.172639 37.433344, -122.172638 37.433344, -122.172638 37.433345, -122.172637 37.433346, -122.172602 37.433444, -122.172564 37.433463))",,,,Roth Way Garage,,,,,"[2411556260, 314070856, 2411556186, 2411556035, 3316594109, 2411556040, 2411556043, 2411556054, 2411556055, 2411556056, 2411556057, 2411556058, 2411556061, 2411556062, 2411556063, 2411556064, 2411556067, 2411556069, 2411556071, 2411556118, 2411556120, 2411556119, 2411556121, 2411556123, 2411556122, 2411556124, 2411556127, 2411556126, 2411556125, 2411556129, 2411556128, 2411556133, 2411556132, 2411556131, 2411556130, 2411556137, 2411556136, 2411556135, 2411556134, 2411556117, 6925108722, 2411556138, 2411556139, 2411556142, 2411556154, 2411556155, 2411556153, 2411556160, 2411556161, 2411556162, 2411556163, 2411556164, 2411556166, 2411556167, 2411556170, 2411556171, 2411556172, 2411556173, 2411556174, 2411556188, 2411556189, 2411556190, 2411556191, 2411556192, 2411556193, 2411556194, 2411556195, 2411556196, 2411556197, 2411556199, 2411556213, 2411556223, 2411556222, 2411556228, 2411556227, 2411556235, 2411556234, 2411556245, 2411556244, 2411556243, 2411556242, 2411556241, 2411556240, 2411556239, 2411556238, 2411556233, 2411556232, 2411556231, 2411556226, 2411556225, 2411556221, 2411556220, 2411556219, 2411556212, 2411556211, 2411556210, 2411556209, 2411556208, 2411556207, 2411556206, 2411556205, 2411556204, 2411556203, 2411556202, 2411556201, 2411556200, 2411556218, 2411556217, 2411556216, 2411556215, 2411556224, 2411556230, 2411556229, 2411556237, 2411556236, 2411556247, 2411556246, 2411556249, 2411556248, 2411556250, 2411556251, 2411556258, 2411556260]",,,,parking,,City of Palo Alto CA 0713,,,,,,Stanford,345,,Campus Drive,,,,29687,,,,
way,324983015,parking,underground,"POLYGON ((-122.1789238 37.4341999, -122.1790848 37.4337186, -122.1776364 37.4334033, -122.1774647 37.4338889, -122.1789238 37.4341999))",,,-1,Pasteur Visitor Garage A,,,,,"[3316594111, 3316594112, 3316594113, 3316594114, 3316594111]",,,,,,,,,,,,,,,,,,,,,,,
way,324983016,parking,underground,"POLYGON ((-122.162034 37.4285333, -122.1618733 37.4284988, -122.1608645 37.428282, -122.1609667 37.4279774, -122.1610496 37.4277303, -122.1622217 37.4279795, -122.162034 37.4285333))",,,-1,Knight Management Center Garage,,,,,"[3316594115, 1758004045, 3316594116, 1757902279, 3316594117, 3316594118, 3316594115]",,,,,,,,,,,,,,,,,,,,,,,
way,324983017,parking,multi-storey,"POLYGON ((-122.1693859 37.4412184, -122.1692846 37.441138, -122.1690748 37.4409713, -122.1689836 37.4410459, -122.1685115 37.4406668, -122.1689031 37.4403367, -122.1696144 37.4408772, -122.1697158 37.4409543, -122.1693859 37.4412184))",,,,Hoover Pavilion Garage,,,,,"[3316594119, 3316594463, 3316594120, 3316594121, 3316594122, 3316594123, 3316594126, 3316594124, 3316594119]",,,,parking,,,,,,,,,,,,,,,,,,,
way,325113347,parking,,"POLYGON ((-122.1773118 37.4364328, -122.1769792 37.4361325, -122.177065 37.4358556, -122.1775344 37.435945, -122.177749 37.4353828, -122.1784678 37.4355319, -122.1773118 37.4364328))",,,,,,,,,"[3317804547, 3317804548, 3317804549, 3317804550, 3317804551, 3317804552, 3317804547]",,,,,,,,,,,,,,,,,,,,,,,
way,338598725,parking,surface,"POLYGON ((-122.1841138 37.4308061, -122.1840512 37.4310372, -122.1839124 37.4312648, -122.1837601 37.4314336, -122.1836751 37.4315083, -122.1835833 37.4314256, -122.1834803 37.4315083, -122.1832632 37.4316309, -122.1833113 37.431726, -122.1830259 37.4318585, -122.1823786 37.4310213, -122.1828835 37.4307749, -122.1828914 37.4307033, -122.1840628 37.4307511, -122.1840564 37.4307976, -122.1841138 37.4308061))",,,,,,,,,"[3457085623, 3457085630, 3457085633, 3457085638, 3457085641, 3457085636, 3457085640, 3457085642, 3457085643, 3457085644, 3457085628, 3457085618, 3457085615, 3457085616, 3457085621, 3457085623]",,,,,,,,,,,,,,,,,,,,,,,
way,338598726,parking,,"POLYGON ((-122.1825335 37.4308213, -122.1815942 37.4312766, -122.1815526 37.4312224, -122.1824918 37.4307671, -122.1825335 37.4308213))",,,,,,,,,"[3457085626, 3457085634, 3457085632, 3457085617, 3457085626]",,,,,,,,,,,,,,,,,,,,,,,
way,430272941,parking,,"POLYGON ((-122.1672284 37.4309443, -122.1673517 37.4305801, -122.1671184 37.4305268, -122.1670433 37.4307717, -122.1670943 37.4309123, -122.1672284 37.4309443))",,,,,customers;permit,,,,"[4295505300, 4295505301, 4295505302, 4295505303, 4295505304, 4295505300]",,,7282,,,,,,,,,,,,,,,,,,,,
way,430280128,parking,,"POLYGON ((-122.1829691 37.4286097, -122.1812471 37.4282093, -122.1816924 37.4268802, -122.1824273 37.4270591, -122.1830818 37.4273445, -122.1836129 37.4276257, -122.1829691 37.4286097))",,,,,,,,,"[4295590319, 4295590320, 4295590321, 4295590322, 4295590323, 4295590324, 4295590319]",,,,,,,,,,,,,,,,,,,,,,,
way,468516940,parking,surface,"POLYGON ((-122.1752915 37.4255827, -122.1744707 37.4254015, -122.174703 37.4247378, -122.1749568 37.4247938, -122.1747975 37.4252488, -122.1753646 37.425374, -122.1752915 37.4255827))",,,,,private,,,,"[4630489270, 4630489271, 4630489272, 4630489273, 4630489274, 4630489275, 4630489270]",,,,,,,,,,,,,,,,,,,,,,,
way,518904231,parking,,"POLYGON ((-122.1727874 37.4241681, -122.1727536 37.4241049, -122.1731204 37.4239812, -122.1731542 37.4240444, -122.1727874 37.4241681))",,,,,,,,,"[5060846136, 5060846137, 5060846138, 5060846139, 5060846136]",,,,,,,,,,,,,,,,,,,,,,,
way,518904232,parking,,"POLYGON ((-122.1732241 37.4239168, -122.1731338 37.4239428, -122.1730232 37.4237004, -122.1731134 37.4236744, -122.1732241 37.4239168))",,,,,,,,,"[5060846140, 5060846141, 5060846142, 5060846143, 5060846140]",,,,,,,,,,,,,,,,,,,,,,,
way,521119430,parking,surface,"POLYGON ((-122.1617162 37.4243512, -122.1619332 37.4237191, -122.1621696 37.4230328, -122.1617264 37.4229323, -122.1614997 37.42294, -122.1614267 37.423081, -122.1613362 37.4230333, -122.161139 37.4232509, -122.1607668 37.4241643, -122.1617162 37.4243512))",,,,,private,,,,"[1787964658, 8910620849, 1787964537, 5078054391, 5078054392, 6212885400, 5078054395, 5078054393, 5078054394, 1787964658]",,,,,,,,,,,,,,,,,,,,,,,
way,521119431,parking,surface,"POLYGON ((-122.1629939 37.423072, -122.1631639 37.4225639, -122.162916 37.4225068, -122.1625641 37.422502, -122.1620983 37.4225735, -122.1618604 37.4226576, -122.161816 37.4227524, -122.1618756 37.4228445, -122.1629939 37.423072))",,,,,private,,,,"[5078054396, 5078054397, 5078054398, 5078054399, 5078054400, 5078054401, 5078054402, 5078054403, 5078054396]",,,,,,,,,,,,,,,,,,,,,,,
way,538383201,parking,surface,"POLYGON ((-122.1801487 37.4324349, -122.1801916 37.4322879, -122.18015 37.4319855, -122.1801688 37.4319844, -122.1801138 37.4315893, -122.1801796 37.4315808, -122.1801581 37.4314967, -122.1800991 37.4315084, -122.1798335 37.4310079, -122.1804451 37.4303476, -122.1806986 37.4297161, -122.1809413 37.4297693, -122.1810566 37.4298045, -122.1811368 37.4298446, -122.1809158 37.4303742, -122.1811517 37.4304466, -122.1812824 37.4305158, -122.1812283 37.4305957, -122.1811362 37.4306959, -122.1804987 37.4313923, -122.1811116 37.4313433, -122.1811559 37.4317001, -122.1812337 37.4316926, -122.1812511 37.4319461, -122.1811934 37.4319557, -122.1812176 37.4321633, -122.181471 37.4321399, -122.1814751 37.432191, -122.1815394 37.4321846, -122.1815622 37.4324232, -122.1815032 37.4324296, -122.1815086 37.4324743, -122.1810727 37.4325137, -122.181062 37.4324679, -122.1809493 37.4324668, -122.1807267 37.4324828, -122.1807227 37.4324956, -122.1808085 37.4325084, -122.1807978 37.4325403, -122.1806328 37.4325116, -122.1804961 37.4324924, -122.1801487 37.4324349))",,,,,,,,asphalt,"[5211311578, 5211311579, 5211311580, 5211311581, 5211311582, 5211311583, 5211311584, 5211311585, 5211311586, 5211311587, 5211311588, 5211311589, 2574077062, 8410892007, 5211311591, 5211311592, 8410892008, 5211311593, 8410920058, 5211311594, 5211311595, 5211311596, 5211311597, 5211311598, 5211311599, 5211311600, 5211311601, 5211311602, 5211311603, 5211311604, 5211311605, 5211311606, 5211311607, 5211311608, 5211311609, 5211311610, 5211311611, 5211311612, 5211311613, 5211311614, 5211311615, 5211311578]",,,,,,,,,,,,,,,,,,,,,,,
way,591686706,parking,,"POLYGON ((-122.1714825 37.4270665, -122.1712007 37.4270139, -122.1712471 37.426857, -122.1715289 37.4269096, -122.1715055 37.4269888, -122.1714825 37.4270665))",,,,,,,,,"[5648594195, 5648594196, 5648594197, 5648594198, 256568866, 5648594195]",,,,,,,,,,,,,,,,,,,,,,,
way,591686707,parking,,"POLYGON ((-122.1710834 37.4269192, -122.1708523 37.4267663, -122.170894 37.4267266, -122.171125 37.4268795, -122.1710834 37.4269192))",,,,,,,,,"[5648594199, 5648594200, 5648594201, 5648594202, 5648594199]",,,,,,,,,,,,,,,,,,,,,,,
way,591686708,parking,,"POLYGON ((-122.1695861 37.4265457, -122.1695742 37.4265951, -122.169825 37.4266334, -122.169837 37.426584, -122.1695861 37.4265457))",,,,,,,,,"[5648594203, 5648594204, 5648594205, 5648594206, 5648594203]",,,,,,,,,,,,,,,,,,,,,,,
way,607637972,parking,underground,"POLYGON ((-122.1729331 37.4306224, -122.172938 37.4306052, -122.1729837 37.4304706, -122.1729919 37.4304473, -122.1725753 37.4303593, -122.1723144 37.4303035, -122.1722261 37.4302845, -122.1720994 37.430258, -122.1720689 37.4303487, -122.172062 37.4303691, -122.1721278 37.4303831, -122.1720896 37.4304968, -122.17202 37.4305361, -122.171977 37.4305273, -122.1719713 37.4305447, -122.1719664 37.4305596, -122.1720248 37.4305716, -122.1721088 37.4305242, -122.1725857 37.4306255, -122.1726407 37.4304622, -122.1728478 37.4305062, -122.172817 37.4305978, -122.1729331 37.4306224))",,,-1,Biology Loading Dock,no,,,,"[5686156664, 6524008584, 6239344432, 5758204507, 2411555837, 6467494629, 2411555829, 5758204508, 2411555835, 6239344405, 6239344404, 6239344403, 6239344402, 6239344401, 6239344412, 6239344400, 6239344399, 5758204509, 5758204510, 5758204511, 6524008579, 6524008580, 5686156664]",,,,,,,,,,,,,,,,,,,,,underground,,
way,700064617,parking,,"POLYGON ((-122.170911 37.4313344, -122.1710939 37.4313724, -122.1711497 37.4312028, -122.1709668 37.4311649, -122.170911 37.4313344))",,,,,private,,,asphalt,"[6574133567, 6574133568, 6574133569, 6574133570, 6574133567]",,,,,,,,,,,,,,,,,,,,,,,
way,703808918,parking,,"POLYGON ((-122.1642249 37.4276601, -122.1643 37.427438, -122.1640769 37.4273904, -122.1640017 37.4276125, -122.1642249 37.4276601))",,,,,,,,,"[6608996253, 6608996254, 6608996255, 6608996256, 6608996253]",,,,,,,,,,,,,,,,,,,,,,,
way,727172123,parking,,"POLYGON ((-122.1687062 37.4419399, -122.1685624 37.4420615, -122.1688492 37.4422754, -122.1692191 37.4419627, -122.1690534 37.4418391, -122.1688272 37.4420302, -122.1687062 37.4419399))",,,,,,,,,"[6814758759, 6814758760, 6814758761, 6814758762, 6814758763, 6814758764, 6814758759]",,,,,,,,,,,,,,,,,,,,,,,
way,891732465,parking,,"POLYGON ((-122.1790555 37.4346689, -122.1788788 37.4351885, -122.1784492 37.4350964, -122.1778273 37.434963, -122.1776424 37.4349234, -122.1778205 37.4344047, -122.1779761 37.4344386, -122.1780385 37.4344522, -122.1785492 37.4345611, -122.1786305 37.4345784, -122.1790555 37.4346689))",,,,Pasteur Staff Garage,,,,,"[6467494585, 6467494586, 7693163426, 7693163429, 6467494587, 8287966679, 7693163431, 7078764383, 7078764376, 7693163433, 6467494585]",,,,garage,,,,,,,,,1189,,Welch Road,,,,,,,,
way,936907369,parking,,"POLYGON ((-122.1778549 37.4259536, -122.1780532 37.4253711, -122.1780553 37.4251428, -122.1780091 37.4250579, -122.177866 37.4250272, -122.1779209 37.4248657, -122.1772319 37.4247179, -122.1771946 37.4248279, -122.1777356 37.4249439, -122.1776328 37.425246, -122.1774356 37.4252037, -122.1772998 37.425603, -122.1774073 37.4256261, -122.1773339 37.4258417, -122.1778549 37.4259536))",,,,,,,,,"[8681111891, 8681111892, 8681111893, 8681111894, 8681111895, 8681111896, 8681111897, 8681111898, 8681111899, 8681111900, 8681111901, 8681111902, 8681111903, 8681111904, 8681111891]",,,,,,,,,,,,,,,,,,,,,,,
way,936907371,parking,,"POLYGON ((-122.1749737 37.4238893, -122.1748583 37.4240467, -122.1751738 37.4241994, -122.1758586 37.4243675, -122.1758913 37.4242773, -122.1754777 37.4241368, -122.1749737 37.4238893))",,,,,,,,,"[8681111914, 8681111915, 8681111916, 8681114617, 8681114618, 8681114619, 8681111914]",,,,,,,,,,,,,,,,,,,,,,,
way,938235610,parking,,"POLYGON ((-122.1645317 37.4258629, -122.164456 37.4258473, -122.1644451 37.4259261, -122.1645081 37.4259392, -122.1645317 37.4258629))",,,,,,,,,"[8692045501, 8692045502, 8692045503, 8692045504, 8692045501]",,,,,,,,,,,,,,,,,,,,,,,
way,938235611,parking,,"POLYGON ((-122.1645533 37.4257979, -122.1644771 37.4257811, -122.1645179 37.4256647, -122.164594 37.4256815, -122.1645533 37.4257979))",,,,,,,,,"[8692045505, 8692045506, 8692045507, 8692045508, 8692045505]",,,,,,,,,,,,,,,,,,,,,,,
way,1135975112,parking,,"POLYGON ((-122.1785369 37.434514, -122.1785864 37.4343606, -122.1781374 37.4342632, -122.178086 37.4344178, -122.1785369 37.434514))",,,,,,,,,"[7078769385, 10589382817, 10589382839, 7078764380, 7078769385]",,,,,,,,,,,,,,,,,,,,,,,
way,1169137076,parking,,"POLYGON ((-122.1730702 37.4226379, -122.1730596 37.4225007, -122.1728787 37.4225095, -122.172849 37.4224713, -122.1728775 37.4224187, -122.17294 37.4224401, -122.1729992 37.4223364, -122.1729557 37.4223015, -122.1729653 37.4222856, -122.1728158 37.4222287, -122.1726776 37.4224451, -122.1727303 37.4224649, -122.1727114 37.4224968, -122.1726586 37.422477, -122.1725788 37.4226079, -122.1727679 37.4226257, -122.1727788 37.4225768, -122.1728354 37.4225847, -122.172825 37.4226313, -122.1730702 37.4226379))",,,,,,,,,"[10871785543, 10871785542, 10871785541, 10871785540, 10871785539, 10871785538, 10871785537, 10871785536, 10871785535, 10871785534, 10871785533, 10871785532, 10871785531, 10871785530, 10871785529, 10871785528, 10871785527, 10871785526, 10871785525, 10871785543]",,,,,,,,,,,,,,,,,,,,,,,
way,1169137077,parking,,"POLYGON ((-122.172247 37.421768, -122.172185 37.4216446, -122.1721212 37.4216748, -122.1722057 37.4217875, -122.172247 37.421768))",,,,,,,,,"[10871785547, 10871785546, 10871785545, 10871785544, 10871785547]",,,,,,,,,,,,,,,,,,,,,,,
way,1169137078,parking,street_side,"POLYGON ((-122.1715569 37.4212713, -122.1716749 37.4212877, -122.171793 37.4213093, -122.1719382 37.4213432, -122.1721128 37.4213955, -122.1723119 37.421472, -122.1725144 37.4215684, -122.1726448 37.4216476, -122.1726862 37.4216792, -122.1727125 37.4217055, -122.1727359 37.4217353, -122.1727576 37.4217733, -122.1727711 37.4218085, -122.1727798 37.4218456, -122.1727929 37.4218815, -122.1728123 37.4219196, -122.1728468 37.4219634, -122.1729151 37.4220291, -122.1729393 37.4220123, -122.1728685 37.4219482, -122.1728395 37.4219069, -122.1728225 37.4218736, -122.1728096 37.4218364, -122.1728029 37.421803, -122.1727886 37.4217685, -122.172766 37.4217272, -122.1727414 37.4216923, -122.1727121 37.4216644, -122.1726749 37.4216346, -122.1726178 37.4215977, -122.1725298 37.4215466, -122.1724253 37.4214923, -122.1723289 37.4214479, -122.1722323 37.4214084, -122.1721264 37.4213702, -122.1720291 37.4213397, -122.171958 37.42132, -122.1718239 37.4212886, -122.1717172 37.4212686, -122.1715612 37.4212451, -122.1715569 37.4212713))",,,,,,,,,"[10871785573, 10871785557, 10871785558, 10871785559, 10871785560, 10871785561, 10871785563, 10871785564, 10871785562, 10871785565, 10871785566, 10871785567, 10871785568, 10871785569, 10871785570, 10871785571, 10871785572, 10871785596, 10871785595, 10871785594, 10871785593, 10871785592, 10871785591, 10871785590, 10871785589, 10871785588, 10871785587, 10871785586, 10871785585, 10871785584, 10871785583, 10871785582, 10871785581, 10871785580, 10871785579, 10871785578, 10871785577, 10871785576, 10871785575, 10871785574, 10871785573]",,,,,,,,,,,,,,,,,,,,,,,
way,1169137090,parking,street_side,"POLYGON ((-122.1720503 37.4207427, -122.1720311 37.420702, -122.1718836 37.4207457, -122.1719027 37.4207864, -122.1720503 37.4207427))",,,,,,,,,"[10871785620, 10871785619, 10871785618, 10871785617, 10871785620]",,,,,,,,,,,,,,,,,,,,,,,
way,1169137091,parking,street_side,"POLYGON ((-122.1729687 37.4215255, -122.1729351 37.4215354, -122.17297 37.4216214, -122.1729996 37.4217076, -122.1730248 37.4217961, -122.1730449 37.4218846, -122.1730821 37.4218807, -122.1730619 37.4217891, -122.1730368 37.4217017, -122.1730056 37.4216132, -122.1729687 37.4215255))",,,,,,,,,"[10871785633, 10871785632, 10871785625, 10871785628, 10871785627, 10871785631, 10871785630, 10871785626, 10871785629, 10871785624, 10871785633]",,,,,,,,,,,,,,,,,,,,,,,
way,1169137092,parking,street_side,"POLYGON ((-122.1727263 37.4208127, -122.1727702 37.4207683, -122.1727414 37.4207377, -122.1726911 37.4207094, -122.1726542 37.4206951, -122.1726361 37.4206911, -122.1726106 37.4206761, -122.1725781 37.42067, -122.1725714 37.420665, -122.172499 37.4206583, -122.1724789 37.4207219, -122.1725573 37.4207307, -122.1727183 37.4208197, -122.1727263 37.4208127))",,,,,,,,,"[10865892198, 10612387441, 10865892195, 10865892188, 10865892189, 10865892191, 10865892190, 10865892192, 10865892193, 10865892194, 10612387462, 10871785639, 10871785638, 10865892198]",,,,,,,,,,,,,,,,,,,,,,,
way,1169137093,parking,street_side,"POLYGON ((-122.1728172 37.4208082, -122.1728018 37.4208219, -122.1727564 37.4208303, -122.1728739 37.4209145, -122.172915 37.4208784, -122.1728172 37.4208082))",,,,,,,,,"[10871785644, 10871785643, 10871785642, 10871785641, 10871785640, 10871785644]",,,,,,,,,,,,,,,,,,,,,,,
way,1169137094,parking,street_side,"POLYGON ((-122.1729666 37.4210808, -122.1730246 37.4210568, -122.1730975 37.421168, -122.1730394 37.421192, -122.1729666 37.4210808))",,,,,,,,,"[10871785648, 10871785647, 10871785646, 10871785645, 10871785648]",,,,,,,,,,,,,,,,,,,,,,,
way,1169137095,parking,street_side,"POLYGON ((-122.1731987 37.4214872, -122.1731139 37.421513, -122.1730938 37.4214787, -122.172914 37.4212452, -122.172849 37.4211367, -122.1729265 37.421115, -122.1729795 37.4212082, -122.1731223 37.4213996, -122.1731987 37.4214872))",,,,,,,,,"[10871785654, 10871785637, 10871785653, 10871785652, 10871785651, 10871785650, 10871785636, 10871785649, 10871785654]",,,,,,,,,,,,,,,,,,,,,,,
way,1169137096,parking,street_side,"POLYGON ((-122.1728293 37.4209908, -122.1727789 37.4210173, -122.1728696 37.4211261, -122.17292 37.4210996, -122.1728293 37.4209908))",,,,,,,,,"[10871785658, 10871785657, 10871785656, 10871785655, 10871785658]",,,,,,,,,,,,,,,,,,,,,,,
way,1169897604,parking,surface,"POLYGON ((-122.1816248 37.423521, -122.1812784 37.4244028, -122.1813789 37.424424, -122.181714 37.4244948, -122.1820852 37.4245732, -122.1820926 37.4235464, -122.1818839 37.4235272, -122.18187 37.4235708, -122.1816248 37.423521))",,,,,,,,,"[10877834792, 314048876, 1782366271, 1782366282, 314048877, 314048879, 314048880, 10877834793, 10877834792]",,,,,,,,,,,,,,,,,,,,,,,
way,1169948762,parking,,"POLYGON ((-122.1694953 37.4209144, -122.1694453 37.4209291, -122.1693269 37.4209372, -122.169321 37.4208825, -122.1693823 37.4207856, -122.1692973 37.4207383, -122.1697751 37.4203573, -122.1698107 37.4203856, -122.1698581 37.4203481, -122.1699221 37.420399, -122.1698754 37.4204359, -122.1699442 37.4205001, -122.1699474 37.4205299, -122.1699384 37.420558, -122.1699159 37.4205842, -122.1696867 37.4207696, -122.1697323 37.4207962, -122.16957 37.4208921, -122.1695884 37.4209775, -122.1696556 37.4209731, -122.1696604 37.421054, -122.1696505 37.4211273, -122.1696295 37.4211933, -122.1695973 37.4212565, -122.1695517 37.4213194, -122.1694786 37.4213904, -122.1692829 37.4212903, -122.1693406 37.4212346, -122.1693825 37.4211712, -122.1694063 37.421107, -122.1694144 37.4210412, -122.1695124 37.421054, -122.1694963 37.4209837, -122.1695131 37.4209826, -122.1694953 37.4209144))",,,,,,,,,"[10878192080, 10878192088, 10878383923, 10878192089, 10878383924, 10878192090, 10878192091, 10878192092, 10878192093, 10878192094, 10878192095, 10878192083, 10878192082, 10878192081, 10878192084, 10878192085, 10878192086, 10878192087, 10878192078, 10878192104, 10878192097, 10878192096, 10878192100, 10878192098, 10878192099, 10878197809, 10878197808, 10878192101, 10878192103, 10878192102, 10878197807, 10878197806, 10878197805, 10878192079, 10878192080]",,,,,,,,,,,,,,,,,,,,,,,
way,1169948763,parking,surface,"POLYGON ((-122.1700542 37.4214385, -122.1701105 37.4215354, -122.1700622 37.4220179, -122.170077 37.4220829, -122.1700421 37.4221361, -122.1700341 37.4222235, -122.1700515 37.4222671, -122.1700314 37.4223843, -122.1697967 37.4224035, -122.1697819 37.4223449, -122.169845 37.4222916, -122.169853 37.4222128, -122.1698235 37.4221627, -122.169739 37.4221319, -122.1696317 37.4219561, -122.1698637 37.4219348, -122.1698248 37.4214534, -122.1700542 37.4214385))",,,,,,,,,"[10878197828, 10878197827, 10878197826, 10878197825, 10878197824, 10878197823, 10878197822, 10878197821, 10878197820, 10878197819, 10878197818, 10878197817, 10878197816, 10878197815, 10878197814, 10878197813, 10878197812, 10878197828]",,,,,,,,,,,,,,,,,,,,,,,
way,1193027682,parking,,"POLYGON ((-122.1848383 37.4300713, -122.1848432 37.429995, -122.1847877 37.4299907, -122.1846077 37.4299813, -122.1845787 37.4299798, -122.184574 37.4300593, -122.1848383 37.4300713))",,,,,,,,,"[11074162919, 11074162920, 6317078811, 6317078812, 11074162921, 11074162922, 11074162919]",,,,,,,,,,,,,,,,,,,,,,,
way,1193027686,parking,,"POLYGON ((-122.1843039 37.4263817, -122.1836561 37.426272, -122.1836668 37.4262251, -122.1835019 37.426191, -122.1834187 37.4261612, -122.1834724 37.4260621, -122.1836816 37.4261218, -122.184442 37.4262432, -122.1844313 37.426289, -122.1843226 37.4263412, -122.1843039 37.4263817))",,,,,,,,,"[11074162943, 11074162944, 11074162945, 11074162946, 11074162947, 11074162948, 11074162949, 11074162950, 11074162951, 11074162952, 11074162943]",,,,,,,,,,,,,,,,,,,,,,,
way,1193027688,parking,,"POLYGON ((-122.1833718 37.4260174, -122.183316 37.4260848, -122.1832481 37.4260545, -122.1831167 37.4260119, -122.1821601 37.4257772, -122.1821889 37.425683, -122.1826784 37.4258044, -122.1831411 37.4259184, -122.1833718 37.4260174))",,,,,,,,,"[11074162956, 11074162957, 847460110, 847460112, 11074162958, 11074162959, 11074162960, 11074162961, 11074162956]",,,,,,,,,,,,,,,,,,,,,,,
relation,15815522,parking,,"POLYGON ((-122.1736275 37.420392, -122.1737208 37.4204196, -122.1737493 37.4204369, -122.173764 37.4204553, -122.1737713 37.4204782, -122.1737702 37.4204969, -122.1736832 37.4206647, -122.1732102 37.4205859, -122.1732112 37.4205658, -122.1732046 37.4205529, -122.1731896 37.4205407, -122.1731488 37.4205124, -122.173253 37.4203135, -122.1733737 37.4203033, -122.1733955 37.4202493, -122.1734539 37.4202594, -122.173651 37.4203489, -122.1736275 37.420392), (-122.1733825 37.4204301, -122.173401 37.4203956, -122.1734002 37.4203879, -122.1733916 37.4203817, -122.1733797 37.4203824, -122.1733733 37.4203879, -122.1733243 37.4204763, -122.1733226 37.4204872, -122.1733263 37.4204935, -122.1733329 37.420498, -122.1733432 37.4204999, -122.1736386 37.4205533, -122.1736524 37.4205535, -122.1736621 37.4205512, -122.1736704 37.4205472, -122.1736965 37.4204977, -122.173698 37.4204904, -122.1736939 37.4204848, -122.1736867 37.4204823, -122.17368 37.4204832, -122.173673 37.4204898, -122.1736554 37.4205217, -122.1733825 37.4204301))",,,,,,,,,"[[[10871751368, 10871751361, 10871751358, 10871751356, 10871751357, 10871751359, 10871751362, 10871751363, 10871751360, 10871751355, 10871751364, 10871751354, 10871751353, 10871751351, 10871751352, 10871751365, 10871751366, 10871751350, 10871751348, 10871751349, 10871751367, 10871751369, 10871751368], [10865892154, 10871751381, 10871751380, 10871751372, 10871751371, 10871751370, 10871751374, 10871751373, 10865892157, 10865892156, 10865892155, 10865892158, 10865892159, 10612387444, 10612387445, 10865892152, 10865892153, 10865892154]]]",,,,,,,,,,,,,,,,,,,,,,"[1169137072, 1169137073]",multipolygon
relation,15815523,parking,,"POLYGON ((-122.1733654 37.421292, -122.1732986 37.4212692, -122.1731669 37.4210657, -122.1731688 37.4210189, -122.1731111 37.4209985, -122.1732809 37.4206964, -122.173344 37.4207188, -122.1733721 37.4206999, -122.1734144 37.420684, -122.1734743 37.4206794, -122.1735247 37.4206901, -122.1735586 37.4207069, -122.1735921 37.4207368, -122.1736122 37.4207747, -122.173616 37.4208134, -122.1736054 37.4208495, -122.1733654 37.421292), (-122.173545 37.4208045, -122.1735418 37.4207912, -122.1735352 37.4207782, -122.1735196 37.4207608, -122.1734989 37.4207481, -122.1734776 37.4207411, -122.1734562 37.4207391, -122.1734344 37.4207426, -122.1734222 37.4207472, -122.1734108 37.420754, -122.1734059 37.4207587, -122.1734052 37.4207664, -122.1734088 37.4207745, -122.1734177 37.420781, -122.1734502 37.4207925, -122.1732736 37.4211127, -122.1733791 37.4211493, -122.1733981 37.4211148, -122.1733318 37.4210918, -122.1734894 37.4208061, -122.1735445 37.4208218, -122.173545 37.4208045))",,,,,,,,,"[[[10871751402, 10871751401, 10871751400, 10871751399, 10871751398, 10871751397, 10871751396, 10871751395, 10871751392, 10871751390, 10871751394, 10871751391, 10871751386, 10871751387, 10871751388, 10871751389, 10871751393, 10871751385, 10871751384, 10871751382, 10871751383, 10871751402], [10871785518, 10871785517, 10871785516, 10871785515, 10871785514, 10871785513, 10871785512, 10871785511, 10871785510, 10871785509, 10871785508, 10871785507, 10871785506, 10871785505, 10871751404, 10871751403, 10871785518]]]",,,,,,,,,,,,,,,,,,,,,,"[1169137074, 1169137075]",multipolygon
relation,15826187,parking,surface,"POLYGON ((-122.1814393 37.4340577, -122.1812911 37.4340146, -122.1812644 37.4340633, -122.1800103 37.4337931, -122.1799475 37.4337169, -122.1799371 37.4336459, -122.1798501 37.433663, -122.1798493 37.4336168, -122.1798443 37.4335981, -122.1797913 37.4335891, -122.179804 37.4335145, -122.1798121 37.4334879, -122.17989 37.4335129, -122.1799135 37.433467, -122.1798671 37.4334521, -122.1798845 37.4334033, -122.1799213 37.4333836, -122.180199 37.4334469, -122.1802063 37.4334704, -122.1802372 37.4334789, -122.1802553 37.4335215, -122.1803103 37.433538, -122.1803002 37.4335806, -122.1803076 37.4336072, -122.1803243 37.4336178, -122.1803378 37.4336455, -122.1803663 37.4336515, -122.1803773 37.4336727, -122.180374 37.4337009, -122.1804008 37.4337211, -122.1804491 37.4337419, -122.1804471 37.4337164, -122.1806348 37.4337323, -122.1806562 37.4337505, -122.1807086 37.4337523, -122.1807055 37.4337776, -122.1807103 37.4337989, -122.1807185 37.4338141, -122.1807307 37.4338283, -122.1807507 37.4338429, -122.1807882 37.4338553, -122.1808226 37.4338575, -122.1808556 37.4338519, -122.180883 37.4338442, -122.1809134 37.4338313, -122.1809542 37.4338036, -122.1809883 37.4337627, -122.181015 37.433711, -122.1812772 37.433752, -122.1813007 37.4337717, -122.181486 37.4338119, -122.1813981 37.4339252, -122.1815304 37.4339933, -122.1814393 37.4340577), (-122.1801755 37.4335603, -122.1801433 37.4334905, -122.1801116 37.4334649, -122.1800675 37.4334539, -122.180031 37.4334578, -122.1799984 37.433473, -122.1799705 37.4335086, -122.1799766 37.4335621, -122.1800347 37.4336285, -122.1800783 37.4336301, -122.180169 37.4337109, -122.1801974 37.4337187, -122.1802279 37.4337173, -122.1802497 37.4337097, -122.1802655 37.4336994, -122.1802785 37.433684, -122.1802851 37.4336675, -122.180282 37.4336373, -122.1802716 37.4336213, -122.1802546 37.4335987, -122.1801755 37.4335603))",,,,,private,,,,"[[[10878034304, 10878034303, 10878034302, 10878034301, 10878034300, 10878034296, 10878034299, 10878034298, 10878034297, 10878034295, 10878034294, 10878034293, 10878034287, 10878034286, 10878034285, 10878034292, 10878034288, 10878034289, 10878034291, 10878034290, 10878034304], [10553299966, 7131526995, 10878034352, 10878034337, 10878034338, 10878034339, 10878034335, 10878034334, 10878034333, 10878034332, 10878034331, 10878034336, 10878034328, 10878034329, 10878034330, 10878034324, 10878034325, 10878034326, 10878034327, 10878034340, 10878034323, 10878034322, 10878034321, 10878034320, 10878034319, 10878034318, 9055247695, 10878034317, 10878034316, 10878034314, 10878034313, 10878034315, 10878034312, 10878034311, 10878034310, 10878034309, 10878034308, 10878034306, 10878034305, 10878034307, 10878034342, 10553299968, 10878034343, 10878034344, 10878034345, 10878034346, 10878034347, 10878034348, 10878034349, 10553299969, 10878034350, 10878034351, 10553299970, 10553299966]]]",,,,,,,,,,,,,,,,,,,,,,"[1169931574, 1131828789]",multipolygon
relation,15859245,parking,surface,"POLYGON ((-122.1727638 37.4250018, -122.1727531 37.4250077, -122.1727482 37.425018, -122.1727516 37.4250284, -122.1726331 37.4250045, -122.1726514 37.424987, -122.1726623 37.4249658, -122.1726643 37.424941, -122.1726557 37.4249165, -122.1725778 37.4248007, -122.1725408 37.4247223, -122.1725194 37.4246597, -122.1725061 37.4246041, -122.1727455 37.424649, -122.1727646 37.4246475, -122.1727798 37.4246395, -122.1727882 37.4246282, -122.17279 37.4246148, -122.1727883 37.4245889, -122.1730237 37.4245791, -122.1730266 37.4246223, -122.1730696 37.4246233, -122.1730889 37.424562, -122.1728952 37.4245234, -122.1729483 37.4243599, -122.1732603 37.4244311, -122.1732436 37.4244772, -122.1732934 37.4244886, -122.1732653 37.424564, -122.1732519 37.424555, -122.1732328 37.4245489, -122.1732153 37.4245481, -122.1731981 37.4245515, -122.1731738 37.4245792, -122.1731494 37.4246167, -122.1731319 37.4246574, -122.1731287 37.424672, -122.1731295 37.424687, -122.1731334 37.4246999, -122.173159 37.4247688, -122.1731643 37.424798, -122.1731619 37.4248327, -122.1731534 37.4248594, -122.1731395 37.4248844, -122.1731172 37.4249104, -122.1730931 37.4249298, -122.1730672 37.4249447, -122.1727638 37.4250018), (-122.172602 37.4247333, -122.1726193 37.4247701, -122.1726397 37.4248059, -122.1726631 37.4248406, -122.1726896 37.4248738, -122.172698 37.4248796, -122.1727059 37.4248803, -122.1727119 37.4248785, -122.1727175 37.4248737, -122.1727194 37.4248674, -122.1727117 37.4248441, -122.1730254 37.4247783, -122.1730379 37.4248143, -122.1730433 37.4248216, -122.1730522 37.4248258, -122.1730617 37.4248262, -122.1730732 37.4248215, -122.173079 37.4248124, -122.1730782 37.4248043, -122.1730537 37.4247291, -122.1730018 37.424738, -122.1729481 37.4247444, -122.1728933 37.424748, -122.1728342 37.4247488, -122.1727781 37.4247465, -122.1727232 37.4247413, -122.1726728 37.424734, -122.1726197 37.4247236, -122.1726359 37.4246719, -122.1726208 37.4246712, -122.1726059 37.4246754, -122.1725938 37.4246846, -122.172588 37.4246956, -122.172602 37.4247333))",,,,,,,,,"[[[10899869358, 10899869356, 10899869355, 10899869357, 10899869353, 10899869354, 10899869351, 10899869350, 10899869352, 10899869349, 10899869348, 10899869346, 10899869347, 10899869345, 10899869333, 10899869332, 10899869334, 10899869331, 10899869330, 10899869344, 10899869343, 10899869339, 10899869340, 10899869338, 10899869341, 10899869336, 10899869337, 10899869335, 10899869342, 10899869329, 10899869327, 10899869328, 10899869326, 10899869358], [3483096418, 10899869380, 3483096419, 10899869384, 10899869381, 10899869382, 10899869383, 10899869385, 10899869379, 10899869375, 10899869376, 10899869377, 10899869373, 10899869372, 10899869374, 10899869370, 10899869371, 10899869369, 10899869378, 3483096420, 10899869367, 10899869368, 3483096421, 10899869364, 10899869363, 10899869325, 10899869324, 10899869362, 10899869366, 10899869365, 10899869359, 10899869361, 10899869360, 3483096422, 5060846150, 10899869391, 10899869392, 10899869394, 10899869393, 10899869389, 10899869390, 10899869388, 3483096423, 3483096424, 10899869387, 10899869386, 3483096425, 3483096418]]]",,,,,,,,,,,,,,,,,,,,,,"[1173103932, 341081678]",multipolygon
