element_type,osmid,geometry,nodes,building:colour,building:levels,height,name,name:zh,name:zh-Hans,name:zh-Hant,roof:colour,roof:shape,addr:housename,building,layer,roof:material,building:material,ref,roof:height,roof:levels,amenity,bench,bin,lit,shelter_type,capacity,man_made,content,office,material,construction,building:level,building:prefabricated,ways,type,note,healthcare
way,673279464,"POLYGON ((116.1455358 40.2554974, 116.1462254 40.2556925, 116.1466032 40.2549144, 116.1459138 40.2547193, 116.1455358 40.2554974))","[6305137126, 6305137127, 6305137128, 6305137129, 6305137126]",gray,错层,15,工程实习中心,工程实习中心,工程实习中心,工程實習中心,darkgrey,,泰瑞楼,industrial,1,,,,,,,,,,,,,,,,,,,,,,
way,673279468,"POLYGON ((116.1397976 40.2522587, 116.1398014 40.251796, 116.1399959 40.2517969, 116.1399955 40.2518385, 116.1404396 40.2518406, 116.1404386 40.2519643, 116.1404121 40.2519642, 116.1404096 40.2522661, 116.1403931 40.252266, 116.140391 40.2525194, 116.1398504 40.2525168, 116.1398524 40.2522589, 116.1397976 40.2522587))","[6305137139, 6305137140, 7761005966, 7761005965, 6305137141, 7761005970, 7761005969, 7761005971, 7761005972, 6305137142, 7761005968, 7761005967, 6305137139]",maroon,4,,紫竹餐厅,紫竹餐厅,紫竹餐厅,紫竹餐廳,maroon,,,yes,,,,,,,,,,,,,,,,,,,,,,,
way,673279470,"POLYGON ((116.1397282 40.2513325, 116.1397242 40.2512798, 116.1397157 40.2511685, 116.139849 40.2511641, 116.1404951 40.2511427, 116.1405001 40.2512164, 116.1405019 40.251242, 116.1405062 40.2513051, 116.1397282 40.2513325))","[6305137147, 10246266177, 6305137148, 9956851464, 6305137149, 9981305836, 10246266184, 6305137150, 6305137147]",maroon',7,22,樱花苑3号楼,樱花苑3号楼,樱花苑3号楼,櫻花苑3號樓,darkgrey,hipped,,apartments,,steel,concrete,3,2,1,,,,,,,,,,,,,,,,,
way,673279471,"POLYGON ((116.1398107 40.2508118, 116.1398006 40.2506632, 116.1399186 40.2506585, 116.1399714 40.2506564, 116.140295 40.2506436, 116.140277 40.2503794, 116.1399546 40.2503922, 116.1398918 40.2503947, 116.1398293 40.2503971, 116.139782 40.250399, 116.1397716 40.2502458, 116.140447 40.250219, 116.1404525 40.2502994, 116.1404533 40.2503118, 116.1404541 40.2503236, 116.1404796 40.2506998, 116.1404809 40.2507187, 116.1404821 40.2507368, 116.1404854 40.2507851, 116.1398107 40.2508118))","[6305137151, 6305629183, 9956851458, 8114020474, 6305629180, 6305629179, 8114020475, 9956851459, 8114185481, 6305629178, 6305137152, 6305137153, 9981305851, 9981305853, 9981305850, 9981305838, 9981305852, 9981305837, 6305137154, 6305137151]",maroon,7,22,樱花苑4号楼,樱花苑4号楼,樱花苑4号楼,櫻花苑4號樓,darkgrey,hipped,,apartments,,steel,concrete,4,2,1,,,,,,,,,,,,,,,,,
way,673279472,"POLYGON ((116.1398759 40.2499643, 116.1398617 40.2497999, 116.1398989 40.2497981, 116.1399951 40.2497933, 116.1400503 40.2497905, 116.1405127 40.2497674, 116.1404861 40.2494571, 116.140022 40.2494802, 116.1399725 40.2494827, 116.1398981 40.2494864, 116.1398366 40.2494895, 116.1398319 40.2494347, 116.1398306 40.2494195, 116.1398294 40.2494053, 116.139824 40.2493419, 116.1406646 40.2492998, 116.1406668 40.2493238, 116.1406689 40.2493468, 116.1406706 40.2493672, 116.1407136 40.2498708, 116.1407151 40.2498877, 116.1407162 40.2499013, 116.1407181 40.2499221, 116.140008 40.2499577, 116.1399923 40.2499585, 116.1399772 40.2499593, 116.1398759 40.2499643))","[6305137155, 6305819444, 8114186682, 9956851462, 8114186649, 6305819441, 6305819440, 8114186650, 9956851463, 8114186679, 6305819439, 10246279428, 10246279432, 10246279429, 6305137156, 6305137157, 10246279414, 10246279427, 10246279415, 8114186659, 9981305844, 9981305840, 6305137158, 8114186654, 10246279438, 10246279436, 6305137155]",maroon,9,28,樱花苑5号楼,樱花苑5号楼,樱花苑5号楼,櫻花苑5號樓,darkgrey,hipped,,apartments,,steel,concrete,5,2,1,,,,,,,,,,,,,,,,,
way,673279473,"POLYGON ((116.1388883 40.2499794, 116.138827 40.2493354, 116.1396458 40.24929, 116.1396606 40.249445, 116.1396306 40.2494467, 116.1395345 40.249452, 116.1394707 40.2494555, 116.1389962 40.2494818, 116.1390277 40.2498132, 116.1395018 40.249787, 116.1395651 40.2497835, 116.1396677 40.2497778, 116.1396883 40.2497767, 116.1397033 40.2499342, 116.1388883 40.2499794))","[6305137159, 6305137160, 6305137161, 6305819849, 8114186636, 9956851461, 8114186648, 6305819850, 6305819851, 8114186647, 9956851460, 10246286818, 6305819854, 6305137162, 6305137159]",maroon,7,22,樱花苑2号楼,樱花苑2号楼,樱花苑2号楼,櫻花苑2號樓,darkgrey,hipped,,apartments,,steel,concrete,2,2,1,,,,,,,,,,,,,,,,,
way,673279474,"POLYGON ((116.138853 40.2508077, 116.1388044 40.2502428, 116.1395695 40.2502045, 116.1395832 40.2503628, 116.1395322 40.2503654, 116.1394674 40.2503686, 116.1394102 40.2503715, 116.1389993 40.2503921, 116.1390212 40.2506462, 116.1394316 40.2506256, 116.1394862 40.2506229, 116.1395655 40.2506189, 116.1395983 40.2506173, 116.1396114 40.2507697, 116.138853 40.2508077))","[6305137163, 6305137164, 6305137165, 6305629185, 8114080287, 9956851457, 8114020473, 6305629186, 6305629187, 8114020472, 9956851456, 8114080290, 6305629184, 6305137166, 6305137163]",maroon,7,22,樱花苑1号楼,,,,darkgrey,hipped,,apartments,,steel,concrete,1,2,1,,,,,,,,,,,,,,,,,
way,673279475,"POLYGON ((116.1408011 40.2513203, 116.1407909 40.2512327, 116.1407895 40.2512207, 116.1407884 40.2512105, 116.1407844 40.2511764, 116.141417 40.2511339, 116.1414629 40.2511308, 116.1415125 40.2511274, 116.141614 40.2511206, 116.1416306 40.2512645, 116.1408011 40.2513203))","[6305137167, 7772302018, 9981305835, 7772302013, 6305137168, 7772302010, 9231925599, 8114186814, 6305137169, 6305137170, 6305137167]",maroon,7,22,樱花苑6号楼,樱花苑6号楼,樱花苑6号楼,櫻花苑6號樓,darkgrey,hipped,,apartments,,steel,concrete,6,2,1,,,,,,,,,,,,,,,,,
way,673279476,"POLYGON ((116.1411658 40.2507886, 116.1411618 40.2507414, 116.1411603 40.250724, 116.1411585 40.2507016, 116.1411213 40.2502607, 116.1411196 40.2502396, 116.1411183 40.2502247, 116.141113 40.2501614, 116.1418137 40.250127, 116.1418217 40.2502216, 116.1418242 40.2502522, 116.141704 40.2502582, 116.1415915 40.2502637, 116.1413223 40.2502769, 116.141353 40.2506405, 116.1416227 40.2506272, 116.1417336 40.2506218, 116.141838 40.2506166, 116.1418397 40.2506366, 116.1418497 40.250755, 116.1411658 40.2507886))","[6305137172, 10246266203, 10246266207, 10246266204, 7772395550, 8114186756, 8114186770, 6305137173, 6305137174, 8114186775, 6305629176, 9956851467, 9138080293, 6305629161, 6305629159, 9138080292, 9956851466, 6305629175, 10246266200, 6305137175, 6305137172]",maroon,9,28,樱花苑7号楼,樱花苑7号楼,樱花苑7号楼,櫻花苑7號樓,darkgrey,hipped,,apartments,,steel,concrete,7,2,1,,,,,,,,,,,,,,,,,
way,673279481,"POLYGON ((116.1430259 40.2474715, 116.1429188 40.2474221, 116.1428782 40.247447, 116.1428138 40.2473782, 116.1428289 40.2473691, 116.1427985 40.2473533, 116.1427571 40.2473734, 116.1426723 40.2473013, 116.1426889 40.2472882, 116.1424389 40.2471283, 116.1422441 40.2470036, 116.1421316 40.2469317, 116.1420942 40.2469641, 116.1419233 40.2468235, 116.1419562 40.2467975, 116.1419316 40.2467735, 116.1418903 40.2467983, 116.1417586 40.2466817, 116.1417955 40.246663, 116.1417814 40.2466388, 116.14195 40.2465143, 116.1421428 40.2463971, 116.1423508 40.2463218, 116.1425637 40.2462834, 116.1428309 40.246444, 116.1430546 40.2466047, 116.1433759 40.2469231, 116.1435547 40.2471705, 116.1433461 40.2473354, 116.1430259 40.2474715))","[6305137193, 6312617064, 6312617063, 6312617062, 6312617061, 6312617060, 6312617058, 6312617059, 6305137194, 10197705522, 10197705521, 6305137195, 6312617048, 6312617049, 6312617050, 6312617051, 6312617052, 6312617053, 6312617054, 6305137196, 6312617056, 6305137197, 6312617055, 6305137198, 6312617057, 6305137199, 6305137200, 6305137201, 6305137202, 6305137193]",red,4,17,北京化工大学体育馆,北京化工大学体育馆,北京化工大学体育馆,北京化工大學體育館,darkgrey,,,stadium,,,,,,,,,,,,,,,,,,,,,,,
way,673281550,"POLYGON ((116.1395338 40.2573996, 116.1395229 40.257249, 116.1387544 40.2572815, 116.1387653 40.2574319, 116.1395338 40.2573996))","[6305158623, 6305158624, 6305158625, 6305158626, 6305158623]",maroon,5,17,杏坛苑青年教师公寓,杏坛苑青年教师公寓,杏坛苑青年教师公寓,杏壇苑青年教師公寓,darkgrey,gabled,,apartments,,steel,concrete,,2,1,,,,,,,,,,,,,,,,,
way,673283211,"POLYGON ((116.1444461 40.2529187, 116.1451996 40.2530664, 116.1454008 40.2524678, 116.1451591 40.2524356, 116.1450518 40.2523999, 116.1449793 40.2523165, 116.1449792 40.2522361, 116.1449576 40.2520635, 116.1441933 40.2520875, 116.144212 40.2526804, 116.144327 40.2526651, 116.1444022 40.2526619, 116.1444573 40.2526859, 116.1445016 40.2527304, 116.1445102 40.252784, 116.1444974 40.2528404, 116.1444461 40.2529187))","[6305175794, 6305175795, 6305175796, 6305175797, 6305819787, 6305175798, 6305175799, 6305175800, 6305175801, 6305175802, 6305819786, 6305819785, 6305175803, 6305819484, 6305175804, 6305175805, 6305175794]",,,,北京化工大学图书馆,,,,,,,library,,,,,,,,,,,,,,,,,,,,,,,
way,674073567,"POLYGON ((116.1404965 40.2473097, 116.1403521 40.2471262, 116.1407978 40.246922, 116.1409563 40.2471236, 116.1408539 40.2471706, 116.1408397 40.2471525, 116.1404965 40.2473097))","[6312617044, 6312617045, 6312617046, 6312617047, 7772407432, 7772407431, 6312617044]",maroon,1,7,锅炉房,,,,maroon,hipped,,industrial,,mixed,brick,,2,,,,,,,,,,,,,,,,,,
way,690216455,"POLYGON ((116.1422325 40.2574914, 116.1422671 40.257184, 116.1424292 40.2571947, 116.1424073 40.2573898, 116.1429434 40.2574249, 116.1429307 40.2575372, 116.1422325 40.2574914))","[6475481841, 6475481842, 6475481843, 6475481844, 6475481845, 6475481846, 6475481841]",gray,1,4,,,,,darkgrey,flat,,office,,steel,concrete,,,,,,,,,,,,,,,,,,,,
way,690216456,"POLYGON ((116.1427282 40.2572705, 116.1427435 40.2570837, 116.1428501 40.2570896, 116.1428477 40.2571245, 116.1429656 40.2571304, 116.1429527 40.2572817, 116.1427282 40.2572705))","[6475481847, 6475481848, 6475481849, 6475481850, 6475481851, 6475481852, 6475481847]",gray,2,7,,,,,darkgrey,gabled,,office,,steel,concrete,,2,,,,,,,,,,,,,,,,,,
way,690216457,"POLYGON ((116.1422618 40.2570582, 116.1422794 40.2568652, 116.1429957 40.2569034, 116.142978 40.2570964, 116.1428501 40.2570896, 116.1427435 40.2570837, 116.1422618 40.2570582))","[6475481853, 6475481854, 6475481855, 6475481856, 6475481849, 6475481848, 6475481853]",gray,2,7,新校区建设指挥部,新校区建设指挥部,新校区建设指挥部,新校區建設指揮部,darkgrey,gabled,,office,,steel,concrete,,2,,,,,,,,,,,,,,,,,,
way,730658897,"POLYGON ((116.1404296 40.2574031, 116.1404187 40.2572526, 116.1396502 40.2572851, 116.1396611 40.2574355, 116.1404296 40.2574031))","[6843804567, 6843804568, 6843804569, 6843804570, 6843804567]",maroon,5,17,杏坛苑青年教师公寓,杏坛苑青年教师公寓,杏坛苑青年教师公寓,杏壇苑青年教師公寓,darkgrey,gabled,,apartments,,steel,concrete,,2,1,,,,,,,,,,,,,,,,,
way,730658898,"POLYGON ((116.1395526 40.2568844, 116.1395635 40.2570349, 116.138795 40.2570671, 116.1387841 40.2569167, 116.1395526 40.2568844))","[6843804571, 6843804572, 6843804573, 6843804574, 6843804571]",maroon,5,17,杏坛苑青年教师公寓,杏坛苑青年教师公寓,杏坛苑青年教师公寓,杏壇苑青年教師公寓,darkgrey,gabled,,apartments,,steel,concrete,,2,1,,,,,,,,,,,,,,,,,
way,730658899,"POLYGON ((116.1405705 40.2570327, 116.1405568 40.2568657, 116.1396751 40.256908, 116.1396889 40.2570751, 116.1405705 40.2570327))","[6843804575, 6843804576, 6843804577, 6843804578, 6843804575]",maroon,5,17,留学生公寓,留学生公寓,留学生公寓,留學生公寓,darkgrey,gabled,,apartments,,steel,concrete,,2,1,,,,,,,,,,,,,,,,,
way,812421565,"POLYGON ((116.1426325 40.2518921, 116.1426147 40.2518815, 116.1426173 40.2518639, 116.1426395 40.2518567, 116.1426571 40.2518672, 116.1426546 40.2518852, 116.1426325 40.2518921))","[7588367279, 7588367280, 7588367281, 7588367282, 7588367283, 7588367284, 7588367279]",,,3,,,,,,pyramidal,,yes,,,,,,,shelter,,,,,,,,,,,,,,,,
way,832499652,"POLYGON ((116.140415 40.2474332, 116.140296 40.2473541, 116.1403334 40.2473187, 116.1404591 40.2473995, 116.140415 40.2474332))","[7772407424, 7772407425, 7772407426, 7772407427, 7772407424]",gray,1,3,煤气站,,,,white,gabled,,industrial,,,,,,,,,,,,,,,,,,,,,,,
way,832499667,"POLYGON ((116.1444318 40.2460428, 116.1444231 40.2459374, 116.1445263 40.2459325, 116.1445351 40.2460379, 116.1444318 40.2460428))","[7772407572, 7772407573, 6305022543, 7772407574, 7772407572]",,,,,,,,,,,yes,1,,,,,,,,,,,,,,,,,,,,,,
way,832499668,"POLYGON ((116.1436421 40.2460777, 116.1436334 40.2459723, 116.1436857 40.2459698, 116.1437366 40.2459674, 116.1437453 40.2460728, 116.1436421 40.2460777))","[7772407575, 7772407576, 6305022544, 7772407578, 7772407577, 7772407575]",,,,,,,,,,,yes,1,,,,,,,,,,,,,,,,,,,,,,
way,833425797,"POLYGON ((116.146428 40.253369, 116.1464398 40.2533374, 116.1465384 40.2533589, 116.1465266 40.2533905, 116.146428 40.253369))","[7780082215, 7780082216, 7780082217, 7780082218, 7780082215]",red,,3,红色候车亭,,,,red,round,,yes,,steel,glass,,,,shelter,yes,no,yes,public_transport,,,,,,,,,,,,
way,838013200,"POLYGON ((116.1387281 40.2516372, 116.1387797 40.2516375, 116.1387808 40.2515019, 116.1387292 40.2515017, 116.1387281 40.2516372))","[7821451144, 7821451145, 7821451146, 7821451147, 7821451144]",maroon,1,3,保卫处,,,,darkgrey,flat,,yes,,concrete,concrete,,,,police,,,,,,,,,,,,,,,,
way,838082021,"POLYGON ((116.1437226 40.2591111, 116.1437485 40.2591104, 116.1437669 40.2590936, 116.1437664 40.2590752, 116.1437455 40.2590593, 116.1437207 40.2590598, 116.1437015 40.2590759, 116.1437028 40.2590957, 116.1437226 40.2591111))","[7822081724, 7822081725, 7822081726, 7822081727, 7822081728, 7822081729, 7822081730, 7822081731, 7822081724]",,,3,燕贸亭,,,,,pyramidal,,yes,1,,,,,,shelter,,,,,,,,,,,,,,,,
way,871070154,"POLYGON ((116.1449547 40.2491657, 116.1449296 40.2489645, 116.1450091 40.2489597, 116.14503 40.2491641, 116.1449547 40.2491657))","[8114025106, 8114025107, 8114025108, 8114025109, 8114025106]",lightgrey,,2,,,,,,,,carport,1,,,,,,,,,,,50,,,,,,,,,,,
way,872169313,"POLYGON ((116.1404996 40.2471814, 116.1405049 40.2471847, 116.1405086 40.2471891, 116.1405102 40.2471942, 116.1405097 40.2471994, 116.1405071 40.2472042, 116.1405026 40.2472082, 116.1404967 40.2472108, 116.1404899 40.2472119, 116.1404826 40.2472113, 116.1404759 40.2472087, 116.1404708 40.2472045, 116.1404679 40.2471993, 116.1404675 40.2471937, 116.1404696 40.2471882, 116.140474 40.2471837, 116.1404797 40.2471807, 116.1404863 40.2471793, 116.1404931 40.2471795, 116.1404996 40.2471814))","[8123402344, 8123402345, 8123402346, 8123402347, 8123402348, 8123402349, 8123402350, 8123402351, 8123402333, 8123402334, 8123402335, 8123402340, 8123402341, 8123402342, 8123402343, 8123402336, 8123402337, 8123402338, 8123402339, 8123402344]",black,,14,,,,,steel,flat,,yes,,,steel,,,,,,,,,,chimney,,,,,,,,,,
way,872169314,"POLYGON ((116.1405598 40.2471571, 116.1405651 40.2471604, 116.1405688 40.2471648, 116.1405704 40.2471699, 116.1405699 40.2471751, 116.1405673 40.2471799, 116.1405628 40.2471839, 116.1405568 40.2471865, 116.1405501 40.2471877, 116.1405428 40.247187, 116.1405361 40.2471844, 116.140531 40.2471803, 116.1405281 40.247175, 116.1405277 40.2471694, 116.1405298 40.2471639, 116.1405342 40.2471594, 116.1405399 40.2471564, 116.1405465 40.247155, 116.1405533 40.2471552, 116.1405598 40.2471571))","[8123402352, 8123402353, 8123402354, 8123402355, 8123402356, 8123402357, 8123402358, 8123402359, 8123402360, 8123402361, 8123402362, 8123402363, 8123402364, 8123402365, 8123402366, 8123402367, 8123402368, 8123402369, 8123402370, 8123402352]",black,,14,,,,,steel,flat,,yes,,,steel,,,,,,,,,,chimney,,,,,,,,,,
way,872169315,"POLYGON ((116.1406285 40.247127, 116.1406338 40.2471303, 116.1406375 40.2471347, 116.1406391 40.2471398, 116.1406386 40.247145, 116.140636 40.2471498, 116.1406315 40.2471538, 116.1406256 40.2471564, 116.1406189 40.2471575, 116.1406115 40.2471569, 116.1406048 40.2471543, 116.1405997 40.2471502, 116.1405968 40.2471449, 116.1405964 40.2471393, 116.1405985 40.2471338, 116.1406029 40.2471293, 116.1406086 40.2471263, 116.1406152 40.2471249, 116.1406221 40.2471251, 116.1406285 40.247127))","[8123402371, 8123402372, 8123402373, 8123402374, 8123402375, 8123402376, 8123402377, 8123402378, 8123402379, 8123402380, 8123402381, 8123402382, 8123402383, 8123402384, 8123402385, 8123402386, 8123402387, 8123402388, 8123402389, 8123402371]",black,,14,,,,,steel,flat,,yes,,,steel,,,,,,,,,,chimney,,,,,,,,,,
way,872169316,"POLYGON ((116.1406985 40.2470949, 116.1407038 40.2470982, 116.1407075 40.2471026, 116.1407091 40.2471077, 116.1407086 40.2471129, 116.140706 40.2471178, 116.1407015 40.2471217, 116.1406956 40.2471244, 116.1406889 40.2471255, 116.1406815 40.2471248, 116.1406748 40.2471222, 116.1406697 40.2471181, 116.1406668 40.2471129, 116.1406664 40.2471072, 116.1406685 40.2471018, 116.1406729 40.2470972, 116.1406786 40.2470943, 116.1406852 40.2470928, 116.1406921 40.247093, 116.1406985 40.2470949))","[8123402390, 8123402391, 8123402392, 8123402393, 8123402394, 8123402395, 8123402396, 8123402397, 8123402398, 8123402399, 8123402400, 8123402401, 8123402402, 8123402403, 8123402404, 8123402405, 8123402406, 8123402407, 8123402408, 8123402390]",black,,14,,,,,steel,flat,,yes,,,steel,,,,,,,,,,chimney,,,,,,,,,,
way,872169317,"POLYGON ((116.1407659 40.2470663, 116.1407712 40.2470696, 116.1407749 40.247074, 116.1407766 40.2470791, 116.1407761 40.2470843, 116.1407734 40.2470891, 116.1407689 40.2470931, 116.140763 40.2470957, 116.1407563 40.2470968, 116.1407489 40.2470962, 116.1407423 40.2470936, 116.1407372 40.2470894, 116.1407342 40.2470842, 116.1407338 40.2470786, 116.1407359 40.2470731, 116.1407404 40.2470686, 116.140746 40.2470656, 116.1407526 40.2470642, 116.1407595 40.2470644, 116.1407659 40.2470663))","[8123402409, 8123402410, 8123402411, 8123402412, 8123402413, 8123402414, 8123402415, 8123402416, 8123407817, 8123407818, 8123407819, 8123407820, 8123407821, 8123407822, 8123407823, 8123407824, 8123407825, 8123407826, 8123407827, 8123402409]",black,,14,,,,,steel,flat,,yes,,,steel,,,,,,,,,,chimney,,,,,,,,,,
way,921001719,"POLYGON ((116.1428105 40.253608, 116.1441301 40.2538905, 116.1443447 40.253215, 116.1432933 40.2530021, 116.1432665 40.2531208, 116.1429607 40.2530594, 116.1428105 40.253608))","[8551033193, 8551033194, 8551033195, 8551033196, 8551033197, 8551033198, 8551033193]",,5,,第二教学楼,第二教学楼,第二教学楼,第二教學樓,,,,university,1,,,,,,,,,,,,,,,,,,,,,,
way,921001720,"POLYGON ((116.1407965 40.2533296, 116.1412418 40.2533378, 116.1414832 40.253174, 116.1415529 40.253174, 116.1415368 40.253346, 116.1419284 40.2534975, 116.1420411 40.2534483, 116.1421805 40.252957, 116.1421054 40.252912, 116.1420143 40.2527605, 116.1415046 40.252912, 116.1411345 40.2527769, 116.1407965 40.2533296))","[8551033199, 8551033200, 8551033201, 8551033202, 8551033203, 8551033204, 8551033205, 8551033206, 8551033207, 8551033208, 8551033209, 8551033210, 8551033199]",,,,大学生活动中心,大学生活动中心,大学生活动中心,大學生活動中心,,,,university,1,,,,,,,,,,,,,,,,,,,,,,
way,921001721,"POLYGON ((116.140823 40.2540137, 116.14082 40.2537955, 116.140909 40.2537948, 116.1409079 40.2537172, 116.1410081 40.2537164, 116.141007 40.2536349, 116.1413296 40.2536323, 116.1413301 40.2536692, 116.1414066 40.2536685, 116.1414086 40.253814, 116.141641 40.2538121, 116.1416432 40.2539717, 116.1415705 40.2539723, 116.1415741 40.2542255, 116.1412883 40.2542279, 116.1412863 40.2540894, 116.1409011 40.2540926, 116.1408999 40.254013, 116.140823 40.2540137))","[8551033211, 9105698580, 9105698581, 8551033212, 10733367618, 10733367617, 10733367616, 10733367615, 8551033213, 9105698582, 9105698583, 10733367614, 10733367613, 9105698584, 10733367612, 10733367611, 10733367610, 8551033214, 8551033211]",,,,玉兰食堂,玉兰食堂,玉兰食堂,玉蘭食堂,,,,restaurant,,,,,,,restaurant,,,,,,,,,,,,,,,,
way,944919550,"POLYGON ((116.141333 40.2523678, 116.141302 40.2522761, 116.1411807 40.2520464, 116.1411981 40.2520397, 116.1412759 40.2521721, 116.1414024 40.2521985, 116.1413919 40.2521359, 116.1413983 40.2520668, 116.1414175 40.2520289, 116.1414571 40.2519999, 116.1415322 40.2519827, 116.1416174 40.2519999, 116.1416825 40.2520286, 116.1417433 40.2520818, 116.1417725 40.252135, 116.141787 40.2521838, 116.1418236 40.2523326, 116.1418205 40.2523629, 116.1417401 40.2524634, 116.1416905 40.252488, 116.14165 40.2524957, 116.1415836 40.2524946, 116.1414921 40.2524733, 116.1414431 40.2524649, 116.1413723 40.2524563, 116.1413496 40.252441, 116.141333 40.2523678))","[8747915690, 9979144850, 9105698551, 8747915691, 9979144855, 9979144854, 9979144856, 9979144857, 9979144858, 9105698552, 9979144851, 8747915692, 9979144852, 9105698548, 9979144853, 9105698549, 9105698550, 9105698557, 9105698556, 9105698555, 9105698554, 9979144846, 9979144847, 9979144848, 9979144849, 8747915693, 8747915690]",,,,校史博物馆,校史博物馆,校史博物馆,校史博物館,,,,museum,,,,,,,,,,,,,,,,,,,,,,,
way,961218118,"POLYGON ((116.1389262 40.2533188, 116.1388814 40.2528013, 116.1393984 40.2527753, 116.1394074 40.2528787, 116.1390347 40.2528975, 116.1390588 40.2531757, 116.1394271 40.2531572, 116.1394389 40.253293, 116.1389262 40.2533188))","[8891766420, 8891766421, 8891766422, 8891766425, 8891766427, 8891766426, 8891766424, 8891766423, 8891766420]",,5,,紫竹苑11号楼,紫竹苑11号楼,紫竹苑11号楼,紫竹苑11號樓,,,,dormitory,,,,11,,,,,,,,,,,,,,,,,,,
way,961218119,"POLYGON ((116.1389866 40.254134, 116.1389419 40.2536165, 116.1394589 40.2535905, 116.1394678 40.2536939, 116.1390951 40.2537127, 116.1391192 40.2539909, 116.1394875 40.2539724, 116.1394993 40.2541082, 116.1389866 40.254134))","[8891766428, 8891766429, 8891766430, 8891766431, 8891766432, 8891766433, 8891766434, 8891766435, 8891766428]",,5,,紫竹苑宿舍楼,紫竹苑宿舍楼,紫竹苑宿舍楼,紫竹苑宿舍樓,,,,dormitory,,,,,,,,,,,,,,,,,,,,,,,
way,961218120,"POLYGON ((116.1404088 40.2541593, 116.139786 40.254161, 116.1397854 40.2540501, 116.1404082 40.2540483, 116.1404088 40.2541593))","[8891766437, 8891766438, 8891766439, 8891766440, 8891766437]",,5,,紫竹苑宿舍楼,紫竹苑宿舍楼,紫竹苑宿舍楼,紫竹苑宿舍樓,,,,dormitory,,,,,,,,,,,,,,,,,,,,,,,
way,961218121,"POLYGON ((116.1402304 40.2527442, 116.1402896 40.2532608, 116.1397735 40.2532953, 116.1397617 40.2531921, 116.1401337 40.2531672, 116.1401018 40.2528894, 116.1397341 40.252914, 116.1397185 40.2527783, 116.1402304 40.2527442))","[8891766444, 8891766445, 8891766446, 8891766447, 8891766448, 8891766449, 8891766450, 8891766451, 8891766444]",,5,,紫竹苑12号楼,紫竹苑12号楼,紫竹苑12号楼,紫竹苑12號樓,,,,dormitory,,,,12,,,,,,,,,,,,,,,,,,,
way,993004507,"POLYGON ((116.146404 40.2488918, 116.1463579 40.2488323, 116.1463929 40.2488165, 116.1464389 40.248876, 116.146404 40.2488918))","[9174041466, 9174041467, 9174041468, 9174041469, 9174041466]",,,,,,,,,,,yes,,,,,,,fire_station,,,,,,,,,,,,,,,,
way,993004508,"POLYGON ((116.1462114 40.2487227, 116.1461823 40.2486831, 116.1463269 40.2486214, 116.146356 40.248661, 116.1462114 40.2487227))","[9174041470, 9174041471, 9174041472, 9174041473, 9174041470]",,,,,,,,,,,industrial,,,,,,,,,,,,,,,,,,,,,,,
way,993004509,"POLYGON ((116.1448763 40.2511735, 116.1448727 40.2511359, 116.1447828 40.251141, 116.1447864 40.2511785, 116.1448763 40.2511735))","[9174041476, 9174041477, 9174041478, 9174041479, 9174041476]",,,,,,,,,,,yes,,,,,,,fire_station,,,,,,,,,,,,,,,,
way,1056196991,"POLYGON ((116.1404872 40.2475924, 116.1404894 40.2474857, 116.1405574 40.2474866, 116.1405551 40.2475933, 116.1404872 40.2475924))","[9705067669, 9705067670, 9705067671, 9705067672, 9705067669]",gray,1,3,,,,,white,gabled,,industrial,,,,,,,,,,,,,,,,,,,,,,,
way,1056196999,"POLYGON ((116.1404877 40.2491337, 116.1404877 40.2491018, 116.1405091 40.2491025, 116.14051 40.2491337, 116.1404877 40.2491337))","[9705067703, 9705067704, 9705067705, 9705067706, 9705067703]",,,,温室,,,,,,,yes,,,,,,,,,,,,,,,,,,,,,,,
way,1056197001,"POLYGON ((116.1405667 40.2491159, 116.1405666 40.2491186, 116.1405654 40.2491212, 116.1405631 40.2491233, 116.14056 40.2491248, 116.1405565 40.2491253, 116.1405529 40.249125, 116.1405498 40.2491238, 116.1405473 40.2491219, 116.1405458 40.2491196, 116.1405453 40.2491169, 116.140546 40.2491143, 116.1405477 40.249112, 116.1405503 40.2491102, 116.1405535 40.2491092, 116.1405569 40.249109, 116.1405603 40.2491096, 116.1405633 40.2491111, 116.1405655 40.2491133, 116.1405667 40.2491159))","[9705077322, 9705077323, 9705077324, 9705077325, 9705077326, 9705077327, 9705067709, 9705067710, 9705067711, 9705067715, 9705067716, 9705077317, 9705077318, 9705077319, 9705077320, 9705077321, 9705067712, 9705067713, 9705067714, 9705077322]",,,3,,,,,,,,yes,,,,,,,,,,,,,storage_tank,sewage,,,,,,,,,
way,1056197002,"POLYGON ((116.1405394 40.2491155, 116.1405393 40.2491183, 116.1405381 40.2491209, 116.1405358 40.249123, 116.1405327 40.2491244, 116.1405292 40.249125, 116.1405256 40.2491246, 116.1405225 40.2491235, 116.1405201 40.2491216, 116.1405185 40.2491192, 116.140518 40.2491166, 116.1405187 40.249114, 116.1405204 40.2491117, 116.140523 40.2491099, 116.1405262 40.2491088, 116.1405297 40.2491086, 116.140533 40.2491093, 116.140536 40.2491108, 116.1405383 40.2491129, 116.1405394 40.2491155))","[9705077328, 9705077329, 9705077330, 9705077331, 9705077332, 9705077333, 9705077334, 9705077335, 9705077336, 9705077337, 9705077338, 9705077339, 9705077340, 9705077341, 9705077342, 9705077343, 9705077344, 9705077345, 9705077346, 9705077328]",,,3,,,,,,,,yes,,,,,,,,,,,,,storage_tank,sewage,,,,,,,,,
way,1056197003,"POLYGON ((116.1405965 40.2491155, 116.1405964 40.2491183, 116.1405952 40.2491209, 116.1405929 40.249123, 116.1405898 40.2491244, 116.1405863 40.249125, 116.1405827 40.2491246, 116.1405796 40.2491235, 116.1405771 40.2491216, 116.1405756 40.2491192, 116.1405751 40.2491166, 116.1405758 40.249114, 116.1405775 40.2491117, 116.1405801 40.2491099, 116.1405832 40.2491088, 116.1405867 40.2491086, 116.1405901 40.2491093, 116.1405931 40.2491108, 116.1405953 40.2491129, 116.1405965 40.2491155))","[9705077347, 9705077348, 9705077349, 9705077350, 9705077351, 9705077352, 9705077353, 9705077354, 9705077355, 9705077356, 9705077357, 9705077358, 9705077359, 9705077360, 9705077361, 9705077362, 9705077363, 9705077364, 9705077365, 9705077347]",,,3,,,,,,,,yes,,,,,,,,,,,,,storage_tank,sewage,,,,,,,,,
way,1056197005,"POLYGON ((116.1410481 40.2491487, 116.1410467 40.2490812, 116.1410458 40.2490258, 116.1412141 40.2490244, 116.1412308 40.2490925, 116.1411815 40.2491493, 116.1410481 40.2491487))","[9705077370, 11211899973, 11211899974, 9705067700, 9705067701, 9705067702, 9705077370]",,,,,,,,,,,yes,,,,,,,,,,,,,,,water_utility,,,,,,,,
way,1058865539,"POLYGON ((116.1407712 40.2519146, 116.140774 40.2515567, 116.1412971 40.2515591, 116.1412968 40.2515982, 116.1408178 40.2515961, 116.1408154 40.2519148, 116.1407712 40.2519146))","[9729555737, 9729555738, 9729555739, 9729555740, 9729555741, 9729555742, 9729555737]",,1,3,,,,,,,,roof,1,,,,,,,,,,,,,,,steel,,,,,,,
way,1062593230,"POLYGON ((116.1461101 40.2523161, 116.1461277 40.2521284, 116.1461352 40.2520239, 116.1461446 40.2518944, 116.146154 40.2517649, 116.1461504 40.2515437, 116.14701 40.2514954, 116.1469939 40.2518128, 116.1469863 40.251964, 116.1469495 40.2522833, 116.1461101 40.2523161))","[9761645781, 9979144865, 9979144866, 9979144867, 9979144864, 9761645782, 9761645783, 11133504667, 9979144863, 9761645784, 9761645781]",,,,文科楼,文科楼,,,,,,university,,,,,,,,,,,,,,,,,,,,,,,
way,1062596136,"POLYGON ((116.1453422 40.2530283, 116.1454251 40.2527742, 116.1455024 40.2527888, 116.1454195 40.253043, 116.1453422 40.2530283))","[9761680821, 9761680822, 9761680823, 9761680824, 9761680821]",,,,,,,,,,,roof,1,,,,,,,,,,,,,,,,,,,,,,
way,1086197900,"POLYGON ((116.1488749 40.2509467, 116.1487949 40.2509455, 116.1487956 40.250916, 116.1488757 40.2509173, 116.1488749 40.2509467))","[9952657082, 9952657083, 9952657084, 8568505969, 9952657082]",,1,,,,,,,,,yes,,,,,,,,,,,,,,,,,,,,,,,
way,1086197901,"POLYGON ((116.1488623 40.2514671, 116.1488306 40.2514668, 116.1488318 40.2513925, 116.1488636 40.2513929, 116.1488623 40.2514671))","[8637184328, 9952657085, 9952657086, 9952657087, 8637184328]",,,,,,,,,,,yes,,,,,,,,,,,,,,,,,,,,,,,
way,1086669081,"POLYGON ((116.1455234 40.2531308, 116.1455828 40.252944, 116.1456183 40.2529506, 116.1455588 40.2531373, 116.1455234 40.2531308))","[9956798436, 9956798437, 9956798438, 9956798439, 9956798436]",,1,,,,,,,,,carport,,,,,,,,,,,,,,,,,,,,,,,
way,1086669082,"POLYGON ((116.1455967 40.2529067, 116.1456561 40.2527199, 116.1456916 40.2527265, 116.1456321 40.2529132, 116.1455967 40.2529067))","[9956798440, 9956798441, 9956798442, 9956798443, 9956798440]",,1,,,,,,,,,carport,,,,,,,,,,,,,,,,,,,,,,,
way,1086669094,"POLYGON ((116.1394039 40.2544124, 116.139412 40.2545183, 116.1389188 40.2545389, 116.1389549 40.2549234, 116.1394414 40.2549011, 116.1394486 40.254996, 116.1388226 40.255024, 116.1387777 40.2544404, 116.1394039 40.2544124))","[10246266165, 10246266174, 10246266175, 10246266176, 10246266169, 10246266167, 9956798485, 9956798486, 10246266165]",,,,研究生宿舍,研究生宿舍,研究生宿舍,研究生宿舍,,,,dormitory,,,,,,,,,,,,,,,,,yes,,,,,,
way,1114980887,"POLYGON ((116.1394691 40.2515187, 116.1394688 40.251503, 116.1395133 40.2515025, 116.1395136 40.2515182, 116.1394691 40.2515187))","[10197705304, 10197705305, 10197705306, 10197705307, 10197705304]",white,,3,,,,,orange,flat,,yes,,steel,steel,,,,,,,,,,,,,,,1,yes,,,,
way,1120280872,"POLYGON ((116.142591 40.2527887, 116.1428206 40.2528274, 116.1428092 40.252867, 116.1425796 40.2528283, 116.142591 40.2527887))","[10246266161, 10246266162, 10246266163, 10246266164, 10246266161]",,1,3,,,,,,,,roof,1,,,,,,,,,,,,,,,steel,,,,,,,
way,1120280873,"POLYGON ((116.140378 40.2549868, 116.139741 40.2550135, 116.1397341 40.2549178, 116.1402481 40.2548962, 116.1402235 40.2545123, 116.1397087 40.2545325, 116.1396991 40.2544335, 116.1403363 40.2544068, 116.140378 40.2549868))","[9956798488, 10246266168, 10246266170, 10246266171, 10246266172, 10246266173, 10246266166, 9956798487, 9956798488]",,,,研究生宿舍,研究生宿舍,研究生宿舍,研究生宿舍,,,,dormitory,,,,,,,,,,,,,,,,,yes,,,,,,
way,1120285093,"POLYGON ((116.1394778 40.2509855, 116.1394756 40.2509646, 116.1395198 40.250962, 116.1395219 40.2509828, 116.1394778 40.2509855))","[10246298461, 10246298462, 10246298463, 10246298464, 10246298461]",,1,2.5,,,,,,,,yes,,,,,,,,,,,,,,,,,,,,,,,
way,1210226041,"POLYGON ((116.1406416 40.248907, 116.1406414 40.2487798, 116.141254 40.2487791, 116.1412542 40.2489065, 116.1406416 40.248907))","[11211899980, 11211899981, 11211899982, 11211899983, 11211899980]",,,,,,,,,,,roof,1,,,,,,,,,,,,,,,,,,,,,,
way,1250687851,"POLYGON ((116.1451935 40.2600118, 116.145195 40.2599659, 116.1453878 40.2599698, 116.1453862 40.2600157, 116.1451935 40.2600118))","[11626037914, 11626037915, 11626037916, 11626037917, 11626037914]",,,,,,,,,,,yes,,,,,,,,,,,,,,,,,,,,,,,
relation,12527583,"POLYGON ((116.1390323 40.2512897, 116.1391393 40.2512847, 116.139574 40.2512647, 116.1395708 40.2512244, 116.1395688 40.2511987, 116.1395259 40.2512006, 116.1395176 40.2510943, 116.1395598 40.2510924, 116.1395581 40.2510711, 116.1395548 40.2510279, 116.1391673 40.2510456, 116.1390781 40.2510497, 116.1388559 40.2510599, 116.138857 40.25108, 116.1388594 40.2511228, 116.1388668 40.2512288, 116.1388675 40.2512406, 116.1388707 40.2512971, 116.1390323 40.2512897), (116.1392665 40.2511052, 116.1394909 40.2510952, 116.139499 40.2511998, 116.1392746 40.2512099, 116.1392665 40.2511052))","[[[6305137143, 10246298460, 7759736770, 7759736771, 8114020479, 6305137144, 8114020476, 8114020487, 6305137145, 8114020497, 7759736775, 7759736777, 7759736776, 7759736774, 10246298447, 6305137146, 10246298454, 10246298455, 6305137143], [7761037646, 7761037647, 7761037648, 7761037649, 7761037646]]]",maroon,,,后勤服务楼F座,后勤服务楼F座,后勤服务楼F座,後勤服務樓F座,darkgrey,flat,,yes,,concrete,,,,,,,,,,,,,,,,,,"[925188510, 831197246]",multipolygon,,
relation,12527584,"POLYGON ((116.1441376 40.2488482, 116.1444897 40.2488348, 116.1454819 40.2487948, 116.1454707 40.2486557, 116.1454682 40.2486244, 116.145405 40.2486274, 116.1451575 40.2486386, 116.1449976 40.2486461, 116.1448949 40.2486513, 116.1446783 40.2486614, 116.1446765 40.2486309, 116.1446754 40.2486131, 116.1446669 40.24847, 116.1446538 40.2482726, 116.1446536 40.2482454, 116.1448486 40.2482808, 116.1449353 40.2482856, 116.1451638 40.2483737, 116.1451876 40.2483829, 116.1452295 40.248399, 116.1455794 40.2486235, 116.1457126 40.2485172, 116.1456351 40.2484179, 116.1453657 40.248243, 116.1452762 40.2482078, 116.1450807 40.2481309, 116.1450592 40.2481225, 116.1446845 40.2480587, 116.1444337 40.2480539, 116.1443046 40.248054, 116.144196 40.2480593, 116.1440776 40.2480658, 116.1438887 40.2480823, 116.1436286 40.2481414, 116.1434986 40.2481816, 116.1432603 40.2482983, 116.1432338 40.2483113, 116.143161 40.248347, 116.1429598 40.2485266, 116.1429226 40.2485455, 116.1428669 40.2486495, 116.1430093 40.2487535, 116.1431425 40.2486401, 116.143288 40.2485195, 116.1433526 40.2484833, 116.1433762 40.24847, 116.1434 40.2484576, 116.1436007 40.2483517, 116.1439004 40.2482814, 116.1439016 40.2483029, 116.1439187 40.2485409, 116.1439224 40.2485954, 116.143929 40.2486921, 116.1435972 40.2487086, 116.1434232 40.2487172, 116.1431444 40.2487311, 116.1431474 40.2487661, 116.1431586 40.2488962, 116.1441376 40.2488482), (116.1440958 40.2482949, 116.1440881 40.2481979, 116.1444432 40.2481831, 116.1444515 40.2482802, 116.144479 40.2486707, 116.1441269 40.248684, 116.1440958 40.2482949))","[[[6305136995, 8900226908, 6305136996, 8114025087, 8114025090, 6305105448, 8114025072, 8113931359, 8113931391, 6305105447, 6305105446, 6305105445, 8918140820, 8918069615, 8918069610, 6305105443, 6305105442, 6305105457, 6305105456, 6305105455, 6305105454, 8918069605, 8900090517, 6305105453, 6305105452, 6305105451, 6305105450, 7772380380, 7772380381, 6305105470, 6305105469, 6305105468, 9979140113, 8113931400, 6305105467, 6305105466, 6305105465, 6305105464, 6305105463, 8113774687, 8113931408, 6305105462, 6305105461, 6305105460, 8113931392, 8113931360, 8113931363, 8114025047, 6305105459, 8113931382, 8114025092, 8114025095, 8113931386, 6305136999, 8900226909, 6305137000, 6305136998, 6305136997, 6305136995], [6305105449, 8113931393, 7772380383, 7772380382, 8113931394, 6305105458, 6305105449]]]",,,,第一教学楼,,,,,,,school,,,,,,,,,,,,,,,,,,,,"[925188556, 925188555]",multipolygon,所有高度均为大致估测值，因为准确的记录学校并不会透露，我们也没有合法测绘的权限，仅供描述大致形状使用。,
relation,12527585,"MULTIPOLYGON (((116.1455033 40.250987, 116.1454935 40.2507889, 116.1467404 40.2507236, 116.1466748 40.2504646, 116.1466008 40.2502346, 116.1468535 40.2502031, 116.1469638 40.2505675, 116.1470362 40.2508997, 116.1455033 40.250987)), ((116.145066 40.2508078, 116.1450384 40.2504303, 116.1451658 40.250413, 116.1451824 40.2504833, 116.1458392 40.2503952, 116.1464467 40.2504037, 116.1464543 40.2502248, 116.1463642 40.2502224, 116.1462357 40.2498756, 116.1463163 40.2498605, 116.1462923 40.2497814, 116.1463786 40.2497634, 116.1464225 40.2498448, 116.1466575 40.2497994, 116.1464806 40.2494716, 116.1462932 40.2491652, 116.1460705 40.2492442, 116.1460951 40.2492836, 116.1460167 40.2493156, 116.1459427 40.2491923, 116.1450473 40.2492293, 116.1450512 40.2493172, 116.144945 40.2493217, 116.144939 40.2492335, 116.1446906 40.2492404, 116.1447443 40.2499779, 116.1449893 40.2499722, 116.1449832 40.2498824, 116.1450796 40.2498885, 116.145085 40.2499655, 116.1451378 40.2502949, 116.1451587 40.2503833, 116.1450364 40.2504018, 116.1450298 40.2503131, 116.1447884 40.25035, 116.1448333 40.2510098, 116.1453836 40.2509812, 116.1453691 40.2507944, 116.145066 40.2508078), (116.1450565 40.249435, 116.1460579 40.2493843, 116.1460302 40.2493381, 116.1461103 40.249308, 116.1462793 40.2495793, 116.1463648 40.2497378, 116.1462843 40.249755, 116.1462622 40.2496821, 116.1457124 40.2497816, 116.1450723 40.249783, 116.1450778 40.2498614, 116.1449811 40.2498521, 116.1449468 40.249348, 116.1450524 40.2493441, 116.1450565 40.249435), (116.1456313 40.2499613, 116.1456683 40.2502279, 116.1454434 40.2502563, 116.1453944 40.2499631, 116.1456313 40.2499613), (116.1458761 40.249943, 116.1460932 40.2499023, 116.1461406 40.2502165, 116.1459185 40.2502106, 116.1458761 40.249943)))","[[[6305175143, 6305175144, 6305175145, 8113925106, 8113925105, 6305175150, 6305175155, 8113925108, 8113925107, 6305175142, 6305175139, 6305175140, 6305175141, 8113925114, 8113925113, 6305175162, 6305175163, 8113931318, 8113931317, 6305175167, 6305175168, 7761003776, 6305175169, 6305175166, 8113931320, 8113931319, 6305175158, 8233625449, 8233625450, 6305175152, 6305175153, 6305175154, 6305175149, 8113925104, 8113925103, 6305175146, 6305175147, 6305175148, 6305175143], [8113925110, 8113925111, 8113925112, 6305175161, 6305175164, 8113925115, 8113925116, 7761003777, 8113931321, 8113931322, 6305175157, 6305175156, 6305175160, 8113925109, 8113925110], [8233625446, 8233625445, 8233625448, 8233625447, 8233625446], [8233625442, 8233625441, 8233625444, 8233625443, 8233625442], [8891766455, 8891766456, 8891766457, 9106547926, 8891766458, 8891766459, 9106547927, 8891766460, 8891766455]]]",,,,实验楼,,,,,,,school,1,,,,,,,,,,,,,,,,,,,"[925188560, 925188557, 925188558, 925188559, 961218207]",multipolygon,,laboratory
