osmid,y,x,street_count,highway,geometry
700873558,30.5390604,114.3551674,3,,POINT (114.3551674 30.5390604)
979935879,30.5387734,114.3549973,5,,POINT (114.3549973 30.5387734)
979936015,30.5440096,114.3523688,3,,POINT (114.3523688 30.5440096)
979937334,30.5397159,114.3564138,3,,POINT (114.3564138 30.5397159)
1144979466,30.5286307,114.355065,4,,POINT (114.355065 30.5286307)
1144979602,30.5276239,114.355075,3,,POINT (114.355075 30.5276239)
1195154339,30.5354567,114.3684215,3,,POINT (114.3684215 30.5354567)
1196653602,30.5350609,114.3676208,3,,POINT (114.3676208 30.5350609)
1196672252,30.5338653,114.3603489,3,,POINT (114.3603489 30.5338653)
1196672255,30.5336295,114.3620744,3,,POINT (114.3620744 30.5336295)
1196672258,30.5330155,114.3636271,3,,POINT (114.3636271 30.5330155)
1196672267,30.5333731,114.362966,4,,POINT (114.362966 30.5333731)
1196672269,30.5353598,114.3585585,4,,POINT (114.3585585 30.5353598)
1196672273,30.5364733,114.3580757,4,,POINT (114.3580757 30.5364733)
1196672287,30.5336595,114.3612762,3,,POINT (114.3612762 30.5336595)
1196672289,30.5334562,114.3636311,3,,POINT (114.3636311 30.5334562)
1196672295,30.5383813,114.3582713,3,,POINT (114.3582713 30.5383813)
1196672296,30.5386648,114.3694549,3,,POINT (114.3694549 30.5386648)
1196672299,30.5343017,114.3606668,3,,POINT (114.3606668 30.5343017)
1196672313,30.5368475,114.3698397,3,,POINT (114.3698397 30.5368475)
1196672318,30.5394117,114.3577839,3,,POINT (114.3577839 30.5394117)
1196672324,30.5389635,114.3580361,3,,POINT (114.3580361 30.5389635)
1196672326,30.5347637,114.3660953,4,,POINT (114.3660953 30.5347637)
1196672334,30.5343779,114.36277,3,,POINT (114.36277 30.5343779)
1196672335,30.5345096,114.3635206,3,,POINT (114.3635206 30.5345096)
1196672342,30.534066,114.3614822,3,,POINT (114.3614822 30.534066)
1196672347,30.5347637,114.3597924,3,,POINT (114.3597924 30.5347637)
1196672350,30.5361454,114.3682207,4,,POINT (114.3682207 30.5361454)
1196672356,30.5348469,114.3596583,3,,POINT (114.3596583 30.5348469)
1196672361,30.5366999,114.3580403,3,,POINT (114.3580403 30.5366999)
1196672364,30.5328417,114.3624885,3,,POINT (114.3624885 30.5328417)
1196676697,30.5327884,114.3622229,1,,POINT (114.3622229 30.5327884)
1196676768,30.533408,114.3612513,3,,POINT (114.3612513 30.533408)
1196676769,30.5331233,114.3623852,3,,POINT (114.3623852 30.5331233)
1196676773,30.5333631,114.3622659,3,,POINT (114.3622659 30.5333631)
1196676777,30.5331841,114.3612291,3,,POINT (114.3612291 30.5331841)
1196688701,30.5330657,114.3633011,4,,POINT (114.3633011 30.5330657)
1196688702,30.5335307,114.3629337,4,,POINT (114.3629337 30.5335307)
1196688706,30.534143,114.3635441,4,,POINT (114.3635441 30.534143)
1196688711,30.5337265,114.361962,3,,POINT (114.361962 30.5337265)
1196688724,30.5324888,114.3624305,3,,POINT (114.3624305 30.5324888)
1196688726,30.5325892,114.363177,4,,POINT (114.363177 30.5325892)
1196688735,30.5320981,114.3630485,3,,POINT (114.3630485 30.5320981)
1196688739,30.533193,114.3626501,3,,POINT (114.3626501 30.533193)
1196688746,30.5323509,114.3631173,4,,POINT (114.3631173 30.5323509)
1196688750,30.5319821,114.3636096,1,,POINT (114.3636096 30.5319821)
1196688759,30.534521,114.3659805,1,,POINT (114.3659805 30.534521)
1196688762,30.5322359,114.3623814,3,,POINT (114.3623814 30.5322359)
1196688767,30.5327289,114.36247,3,,POINT (114.36247 30.5327289)
1196688775,30.5324211,114.364028,1,,POINT (114.364028 30.5324211)
1196688782,30.5334462,114.3622245,3,,POINT (114.3622245 30.5334462)
1196688783,30.5321831,114.3639529,1,,POINT (114.3639529 30.5321831)
1196688785,30.5345613,114.3639864,3,,POINT (114.3639864 30.5345613)
1196688786,30.53297,114.3625332,3,,POINT (114.3625332 30.53297)
1196688791,30.5328268,114.3632487,4,,POINT (114.3632487 30.5328268)
1196688802,30.5338329,114.3628717,4,,POINT (114.3628717 30.5338329)
1196688822,30.534362,114.3647491,3,,POINT (114.3647491 30.534362)
1196688823,30.5347455,114.3656445,3,,POINT (114.3656445 30.5347455)
1196688827,30.5340412,114.362829,3,,POINT (114.362829 30.5340412)
1196688833,30.5326521,114.3641219,1,,POINT (114.3641219 30.5326521)
1196688838,30.5327618,114.3635738,3,,POINT (114.3635738 30.5327618)
1196688840,30.5344802,114.3656645,3,,POINT (114.3656645 30.5344802)
1196688842,30.5339001,114.3635749,3,,POINT (114.3635749 30.5339001)
1196688848,30.5336165,114.3636108,3,,POINT (114.3636108 30.5336165)
1196689510,30.537434,114.3691774,3,,POINT (114.3691774 30.537434)
1196689546,30.5360848,114.3594469,3,,POINT (114.3594469 30.5360848)
1196701859,30.5442525,114.3584854,3,,POINT (114.3584854 30.5442525)
1196701860,30.5392107,114.3685791,3,,POINT (114.3685791 30.5392107)
1196701861,30.5357172,114.3581633,3,,POINT (114.3581633 30.5357172)
1196701868,30.5413335,114.3571509,3,,POINT (114.3571509 30.5413335)
1196701870,30.5434795,114.3590687,3,,POINT (114.3590687 30.5434795)
1196701873,30.5451866,114.3650334,3,,POINT (114.3650334 30.5451866)
1196701880,30.5362637,114.3533581,4,,POINT (114.3533581 30.5362637)
1196701888,30.542767,114.3621057,3,,POINT (114.3621057 30.542767)
1196701892,30.5414721,114.3572582,3,,POINT (114.3572582 30.5414721)
1196701894,30.5393239,114.3582077,3,,POINT (114.3582077 30.5393239)
1196701902,30.5399615,114.3569105,4,,POINT (114.3569105 30.5399615)
1196701906,30.5438653,114.364961,3,,POINT (114.364961 30.5438653)
1196701909,30.5348427,114.3554365,3,,POINT (114.3554365 30.5348427)
1196701912,30.5436011,114.3651265,4,,POINT (114.3651265 30.5436011)
1196701915,30.5402942,114.3571187,3,,POINT (114.3571187 30.5402942)
1196701917,30.5421691,114.3616797,3,,POINT (114.3616797 30.5421691)
1196701923,30.5365194,114.3683945,3,,POINT (114.3683945 30.5365194)
1196701930,30.5393381,114.3587524,3,,POINT (114.3587524 30.5393381)
1196701937,30.5362541,114.3679952,3,,POINT (114.3679952 30.5362541)
1196701939,30.5390794,114.3670579,3,,POINT (114.3670579 30.5390794)
1196701945,30.5390863,114.3667843,3,,POINT (114.3667843 30.5390863)
1196701946,30.5401678,114.3617688,3,,POINT (114.3617688 30.5401678)
1196701947,30.5414721,114.3666428,3,,POINT (114.3666428 30.5414721)
1196701950,30.5391547,114.3670022,3,,POINT (114.3670022 30.5391547)
1196701958,30.5348716,114.3552853,4,,POINT (114.3552853 30.5348716)
1196701959,30.5358409,114.3675792,3,,POINT (114.3675792 30.5358409)
1196701971,30.5400216,114.3604125,3,,POINT (114.3604125 30.5400216)
1196701976,30.5429701,114.3623149,3,,POINT (114.3623149 30.5429701)
1196701977,30.5391253,114.3579587,3,,POINT (114.3579587 30.5391253)
1196701982,30.5423028,114.3521609,3,,POINT (114.3521609 30.5423028)
1196701983,30.5400555,114.3668763,3,,POINT (114.3668763 30.5400555)
1196701987,30.5347266,114.3572475,3,,POINT (114.3572475 30.5347266)
1197776340,30.5347513,114.3707023,3,,POINT (114.3707023 30.5347513)
1197776359,30.5356397,114.368877,3,,POINT (114.368877 30.5356397)
1197776481,30.5357432,114.3682497,4,,POINT (114.3682497 30.5357432)
1197816309,30.5343572,114.3578858,3,,POINT (114.3578858 30.5343572)
1197829722,30.5337384,114.3591508,3,,POINT (114.3591508 30.5337384)
1197829725,30.5351124,114.3591939,3,,POINT (114.3591939 30.5351124)
1197829743,30.5344746,114.3595876,3,,POINT (114.3595876 30.5344746)
1197829765,30.5350861,114.3583193,3,,POINT (114.3583193 30.5350861)
1197829771,30.5334962,114.3590671,3,,POINT (114.3590671 30.5334962)
1197829783,30.5339564,114.3592679,3,,POINT (114.3592679 30.5339564)
1197829790,30.5336477,114.3576147,3,,POINT (114.3576147 30.5336477)
1197829803,30.5338671,114.3576888,4,,POINT (114.3576888 30.5338671)
1197829808,30.5345884,114.3572315,3,,POINT (114.3572315 30.5345884)
1197829829,30.5333394,114.3600362,3,,POINT (114.3600362 30.5333394)
1197829834,30.5336416,114.3591174,3,,POINT (114.3591174 30.5336416)
1197829849,30.5344004,114.3579093,3,,POINT (114.3579093 30.5344004)
1197829854,30.5328458,114.3598227,3,,POINT (114.3598227 30.5328458)
1197829863,30.5346195,114.3580286,3,,POINT (114.3580286 30.5346195)
1197829866,30.5348541,114.3573227,3,,POINT (114.3573227 30.5348541)
1197829869,30.5341364,114.3577971,3,,POINT (114.3577971 30.5341364)
1197829874,30.5351445,114.3583578,3,,POINT (114.3583578 30.5351445)
1197829876,30.5330971,114.3599314,3,,POINT (114.3599314 30.5330971)
1197829882,30.5348112,114.3581377,4,,POINT (114.3581377 30.5348112)
1197829887,30.5350733,114.3574521,3,,POINT (114.3574521 30.5350733)
1197829892,30.5334147,114.359039,3,,POINT (114.359039 30.5334147)
1197829902,30.5348055,114.3589854,3,,POINT (114.3589854 30.5348055)
1197829907,30.5337971,114.3570785,1,,POINT (114.3570785 30.5337971)
1197829914,30.5341679,114.3593984,3,,POINT (114.3593984 30.5341679)
1197845980,30.5392178,114.3599456,3,,POINT (114.3599456 30.5392178)
1197845986,30.5347177,114.3619573,3,,POINT (114.3619573 30.5347177)
1197846031,30.5389634,114.3618523,5,,POINT (114.3618523 30.5389634)
1197846063,30.5347686,114.3617212,3,,POINT (114.3617212 30.5347686)
1197846082,30.5341708,114.3621248,3,,POINT (114.3621248 30.5341708)
1197850857,30.5382889,114.3588203,3,,POINT (114.3588203 30.5382889)
1197862899,30.5420777,114.3557777,3,,POINT (114.3557777 30.5420777)
1197863009,30.5415186,114.3599671,3,,POINT (114.3599671 30.5415186)
1199709558,30.5351193,114.3663579,3,,POINT (114.3663579 30.5351193)
1199709634,30.5348794,114.363293,3,,POINT (114.363293 30.5348794)
1199709677,30.5344682,114.3620377,4,,POINT (114.3620377 30.5344682)
1199709735,30.5347637,114.3633048,4,,POINT (114.3633048 30.5347637)
1199709737,30.5345444,114.3602168,3,,POINT (114.3602168 30.5345444)
1199709762,30.5351105,114.3662236,3,,POINT (114.3662236 30.5351105)
1199709779,30.5348505,114.3603127,3,,POINT (114.3603127 30.5348505)
1199709820,30.5344882,114.3633715,3,,POINT (114.3633715 30.5344882)
1199722376,30.5385462,114.3589823,3,,POINT (114.3589823 30.5385462)
1199740887,30.5401464,114.3691885,1,,POINT (114.3691885 30.5401464)
1199744323,30.5417953,114.3617249,3,,POINT (114.3617249 30.5417953)
1199744354,30.5414431,114.3627264,3,,POINT (114.3627264 30.5414431)
1199744357,30.5408083,114.3667324,3,,POINT (114.3667324 30.5408083)
1199744358,30.5409267,114.3618268,3,,POINT (114.3618268 30.5409267)
1199744364,30.5407602,114.366695,3,,POINT (114.366695 30.5407602)
1199744365,30.542378,114.365856,3,,POINT (114.365856 30.542378)
1199744371,30.5413777,114.3646851,3,,POINT (114.3646851 30.5413777)
1199796387,30.5436346,114.366104,3,,POINT (114.366104 30.5436346)
1199796391,30.5441105,114.3677294,1,,POINT (114.3677294 30.5441105)
1199818949,30.5420518,114.3512617,3,,POINT (114.3512617 30.5420518)
1199819071,30.5444062,114.3627995,3,,POINT (114.3627995 30.5444062)
1199819102,30.5440655,114.3649642,3,,POINT (114.3649642 30.5440655)
1199819126,30.5410052,114.3508995,3,,POINT (114.3508995 30.5410052)
1199819279,30.544118,114.363835,3,,POINT (114.363835 30.544118)
1199821232,30.5441739,114.3557968,4,,POINT (114.3557968 30.5441739)
1199831135,30.5411397,114.3559155,3,,POINT (114.3559155 30.5411397)
1199831152,30.5423618,114.3546988,3,,POINT (114.3546988 30.5423618)
1199831183,30.5411746,114.3528414,3,,POINT (114.3528414 30.5411746)
1199831195,30.539089,114.3544757,3,,POINT (114.3544757 30.539089)
1199831201,30.5406932,114.3571042,3,,POINT (114.3571042 30.5406932)
1199831203,30.5406408,114.3564963,3,,POINT (114.3564963 30.5406408)
1199831232,30.5413983,114.3542761,4,,POINT (114.3542761 30.5413983)
1199831236,30.5411166,114.3542167,3,,POINT (114.3542167 30.5411166)
1199831258,30.5440744,114.3544494,3,,POINT (114.3544494 30.5440744)
1199831273,30.5418416,114.3524459,3,,POINT (114.3524459 30.5418416)
1199840461,30.5319215,114.352339,3,,POINT (114.352339 30.5319215)
1199840469,30.5322019,114.355048,3,,POINT (114.355048 30.5322019)
1199840472,30.529228,114.3499362,3,,POINT (114.3499362 30.529228)
1199840473,30.5344929,114.3521844,3,,POINT (114.3521844 30.5344929)
1199840474,30.5300804,114.3523516,3,,POINT (114.3523516 30.5300804)
1199840493,30.5291018,114.3519805,3,,POINT (114.3519805 30.5291018)
1199840501,30.52921,114.3494463,1,,POINT (114.3494463 30.52921)
1199840502,30.5319889,114.3530083,4,,POINT (114.3530083 30.5319889)
1199840512,30.5336909,114.354517,4,,POINT (114.354517 30.5336909)
1199840514,30.5337477,114.3519854,3,,POINT (114.3519854 30.5337477)
1199840524,30.5330347,114.3567745,3,,POINT (114.3567745 30.5330347)
1199840538,30.5320587,114.3573249,3,,POINT (114.3573249 30.5320587)
1199840542,30.5326872,114.3523799,3,,POINT (114.3523799 30.5326872)
1199840554,30.5276065,114.3563193,3,,POINT (114.3563193 30.5276065)
1199840556,30.5322059,114.3563043,3,,POINT (114.3563043 30.5322059)
1199840560,30.5322029,114.356775,3,,POINT (114.356775 30.5322029)
1199840562,30.5300856,114.3493014,1,,POINT (114.3493014 30.5300856)
1199840584,30.5300341,114.3498214,3,,POINT (114.3498214 30.5300341)
1199840585,30.5290648,114.3563191,4,,POINT (114.3563191 30.5290648)
1199840602,30.5292575,114.3506351,3,,POINT (114.3506351 30.5292575)
1199840610,30.5290667,114.3550619,4,,POINT (114.3550619 30.5290667)
1201323300,30.5282642,114.3550684,3,,POINT (114.3550684 30.5282642)
1201323309,30.5280802,114.3540545,3,,POINT (114.3540545 30.5280802)
1201323362,30.528074,114.3550689,3,,POINT (114.3550689 30.528074)
1201323413,30.5309239,114.3563104,4,,POINT (114.3563104 30.5309239)
1201323459,30.5282461,114.3563192,3,,POINT (114.3563192 30.5282461)
1202536158,30.530935,114.3574774,3,,POINT (114.3574774 30.530935)
1204185471,30.5300798,114.3541366,3,,POINT (114.3541366 30.5300798)
1204185501,30.5334098,114.3545381,3,,POINT (114.3545381 30.5334098)
1204185541,30.5300664,114.3550555,4,,POINT (114.3550555 30.5300664)
1204185558,30.5286332,114.3563192,4,,POINT (114.3563192 30.5286332)
1204185595,30.5322006,114.3547027,3,,POINT (114.3547027 30.5322006)
1205097154,30.5329086,114.3574204,3,,POINT (114.3574204 30.5329086)
1205470750,30.5287104,114.3550639,2,,POINT (114.3550639 30.5287104)
1358787373,30.5374684,114.3712883,3,,POINT (114.3712883 30.5374684)
1358787377,30.5467097,114.3583342,3,,POINT (114.3583342 30.5467097)
1358787400,30.5450074,114.3584085,3,,POINT (114.3584085 30.5450074)
1369722859,30.5290741,114.3529649,3,,POINT (114.3529649 30.5290741)
1369722860,30.5286415,114.3529669,3,,POINT (114.3529669 30.5286415)
1369722873,30.5286345,114.3540498,4,,POINT (114.3540498 30.5286345)
1369724908,30.5294401,114.3537507,3,,POINT (114.3537507 30.5294401)
1369724914,30.5290729,114.3534154,3,,POINT (114.3534154 30.5290729)
1369724919,30.5295115,114.3537181,3,,POINT (114.3537181 30.5295115)
1369724931,30.530085,114.3537857,3,,POINT (114.3537857 30.530085)
1379619928,30.5358378,114.352817,3,,POINT (114.352817 30.5358378)
1379619930,30.5452512,114.360897,4,,POINT (114.360897 30.5452512)
1379619940,30.53817,114.356522,4,,POINT (114.356522 30.53817)
1379619941,30.5365829,114.3526113,1,,POINT (114.3526113 30.5365829)
1379619947,30.5384158,114.3553202,3,,POINT (114.3553202 30.5384158)
1379619948,30.5360789,114.3526769,3,,POINT (114.3526769 30.5360789)
1417701739,30.5448921,114.3542999,3,,POINT (114.3542999 30.5448921)
1417701830,30.545011,114.3554686,3,,POINT (114.3554686 30.545011)
1417701861,30.5441585,114.3556135,3,,POINT (114.3556135 30.5441585)
1417701862,30.5449883,114.355254,4,,POINT (114.355254 30.5449883)
1663906423,30.5432006,114.3506122,3,,POINT (114.3506122 30.5432006)
1663906512,30.5420786,114.351315,3,,POINT (114.351315 30.5420786)
1663906516,30.5432391,114.3520787,3,,POINT (114.3520787 30.5432391)
1663906542,30.5442123,114.3494422,1,,POINT (114.3494422 30.5442123)
1663918898,30.5440066,114.3514778,3,,POINT (114.3514778 30.5440066)
1663918900,30.5439927,114.3508153,3,,POINT (114.3508153 30.5439927)
1663918923,30.543587,114.3522131,3,,POINT (114.3522131 30.543587)
1663918940,30.5439996,114.3505847,1,,POINT (114.3505847 30.5439996)
1663919018,30.5432848,114.3513239,3,,POINT (114.3513239 30.5432848)
1663919036,30.5440699,114.3523743,3,,POINT (114.3523743 30.5440699)
1663919063,30.5436722,114.3513953,4,,POINT (114.3513953 30.5436722)
1664000422,30.5453479,114.3583682,3,,POINT (114.3583682 30.5453479)
1664012967,30.5464217,114.3551363,3,,POINT (114.3551363 30.5464217)
1807154817,30.5357326,114.3578676,3,,POINT (114.3578676 30.5357326)
1807154836,30.5360993,114.3562553,3,,POINT (114.3562553 30.5360993)
1807154907,30.5358914,114.3569366,3,,POINT (114.3569366 30.5358914)
1807154909,30.5348246,114.3568319,3,,POINT (114.3568319 30.5348246)
1807168448,30.5417684,114.3588269,3,,POINT (114.3588269 30.5417684)
1807168449,30.5419786,114.3604583,3,,POINT (114.3604583 30.5419786)
1807168450,30.5375903,114.3544858,3,,POINT (114.3544858 30.5375903)
1807168453,30.5395935,114.3560354,4,,POINT (114.3560354 30.5395935)
1807168479,30.5365625,114.3539742,3,,POINT (114.3539742 30.5365625)
1807168486,30.5420188,114.3604505,3,,POINT (114.3604505 30.5420188)
1807168500,30.5375643,114.3545882,3,,POINT (114.3545882 30.5375643)
1807168506,30.5403038,114.3559415,3,,POINT (114.3559415 30.5403038)
1807168512,30.5355307,114.3524288,3,,POINT (114.3524288 30.5355307)
1807168516,30.5366385,114.3538888,3,,POINT (114.3538888 30.5366385)
1807168531,30.5414911,114.3568131,3,,POINT (114.3568131 30.5414911)
1807168533,30.5361829,114.3534575,5,,POINT (114.3534575 30.5361829)
1807168549,30.5408722,114.3584345,3,,POINT (114.3584345 30.5408722)
1807168577,30.5410846,114.356435,1,,POINT (114.356435 30.5410846)
1807168580,30.5410546,114.357091,3,,POINT (114.357091 30.5410546)
1807168597,30.5412625,114.3567757,3,,POINT (114.3567757 30.5412625)
1807168600,30.5386286,114.3549822,3,,POINT (114.3549822 30.5386286)
1807209500,30.5404527,114.3511397,3,,POINT (114.3511397 30.5404527)
1807209556,30.5404031,114.350824,3,,POINT (114.350824 30.5404031)
1807209565,30.5407492,114.3530922,3,,POINT (114.3530922 30.5407492)
1836157010,30.539456,114.3510252,2,,POINT (114.3510252 30.539456)
1842395417,30.5356379,114.3542027,3,,POINT (114.3542027 30.5356379)
2123261266,30.5331102,114.3527587,3,,POINT (114.3527587 30.5331102)
2123261273,30.5337328,114.3527098,4,,POINT (114.3527098 30.5337328)
2123261275,30.5328194,114.3534482,4,,POINT (114.3534482 30.5328194)
2123261280,30.5328551,114.3527821,3,,POINT (114.3527821 30.5328551)
2123261287,30.5334376,114.3527383,3,,POINT (114.3527383 30.5334376)
2123261289,30.5331035,114.353445,3,,POINT (114.353445 30.5331035)
2123261292,30.5325851,114.3529126,3,,POINT (114.3529126 30.5325851)
2123379579,30.533738,114.3532774,4,,POINT (114.3532774 30.533738)
2124841198,30.5324508,114.3536429,3,,POINT (114.3536429 30.5324508)
2124841199,30.5324547,114.353961,4,,POINT (114.353961 30.5324547)
2124841200,30.532445,114.3547024,3,,POINT (114.3547024 30.532445)
2124844322,30.5321969,114.3539542,3,,POINT (114.3539542 30.5321969)
2124844324,30.5319193,114.3527719,3,,POINT (114.3527719 30.5319193)
2124844327,30.532196,114.354127,3,,POINT (114.354127 30.532196)
2124844328,30.5321943,114.3537093,3,,POINT (114.3537093 30.5321943)
2134380493,30.533239,114.3556326,3,,POINT (114.3556326 30.533239)
2134380500,30.5333651,114.3557912,3,,POINT (114.3557912 30.5333651)
2134380501,30.5331036,114.3547266,3,,POINT (114.3547266 30.5331036)
2134380502,30.5326476,114.3553269,4,,POINT (114.3553269 30.5326476)
2134380509,30.532361,114.356035,3,,POINT (114.356035 30.532361)
2134380510,30.5330975,114.355633,3,,POINT (114.355633 30.5330975)
2134380512,30.5326586,114.3547223,3,,POINT (114.3547223 30.5326586)
2134380514,30.5322098,114.3560302,3,,POINT (114.3560302 30.5322098)
2134381636,30.5328553,114.3534429,3,,POINT (114.3534429 30.5328553)
2134381638,30.5328203,114.3547239,3,,POINT (114.3547239 30.5328203)
2134381639,30.5328135,114.3539922,4,,POINT (114.3539922 30.5328135)
2787719812,30.5280814,114.3563192,3,,POINT (114.3563192 30.5280814)
2787756194,30.5346034,114.3521152,3,,POINT (114.3521152 30.5346034)
2787756197,30.5359619,114.3537109,3,,POINT (114.3537109 30.5359619)
2787766107,30.5349055,114.3519227,3,,POINT (114.3519227 30.5349055)
2787766108,30.5348246,114.3522194,3,,POINT (114.3522194 30.5348246)
3110802174,30.5358508,114.3538788,3,,POINT (114.3538788 30.5358508)
3110802181,30.5360142,114.3540199,3,,POINT (114.3540199 30.5360142)
3110802182,30.5360404,114.3557282,3,,POINT (114.3557282 30.5360404)
3110802185,30.5361002,114.3542565,3,,POINT (114.3542565 30.5361002)
3110802187,30.5359423,114.3534758,3,,POINT (114.3534758 30.5359423)
3110802193,30.536162,114.3559993,3,,POINT (114.3559993 30.536162)
3110802194,30.5362016,114.3539944,3,,POINT (114.3539944 30.5362016)
3110802203,30.5363848,114.3537367,3,,POINT (114.3537367 30.5363848)
3110802208,30.5364358,114.3560706,3,,POINT (114.3560706 30.5364358)
3110802210,30.5364461,114.3560225,3,,POINT (114.3560225 30.5364461)
3110802215,30.5364987,114.355938,3,,POINT (114.355938 30.5364987)
3110802220,30.5365759,114.3547782,3,,POINT (114.3547782 30.5365759)
3110802222,30.536613,114.3548429,3,,POINT (114.3548429 30.536613)
3110802229,30.5367215,114.3548106,3,,POINT (114.3548106 30.5367215)
3110802240,30.5369404,114.3547979,3,,POINT (114.3547979 30.5369404)
3110802248,30.5370286,114.354384,3,,POINT (114.354384 30.5370286)
3110802251,30.5370677,114.3559851,3,,POINT (114.3559851 30.5370677)
3110802253,30.5370977,114.3560101,3,,POINT (114.3560101 30.5370977)
3110802257,30.5371152,114.3562474,3,,POINT (114.3562474 30.5371152)
3110802264,30.5371493,114.3553899,3,,POINT (114.3553899 30.5371493)
3110802266,30.5371648,114.3550085,3,,POINT (114.3550085 30.5371648)
3110802271,30.5371958,114.3555015,3,,POINT (114.3555015 30.5371958)
3110802284,30.5373786,114.3549761,3,,POINT (114.3549761 30.5373786)
3110802286,30.5373873,114.3547659,3,,POINT (114.3547659 30.5373873)
3110802287,30.5373998,114.3548187,3,,POINT (114.3548187 30.5373998)
3110802296,30.5374519,114.3545525,3,,POINT (114.3545525 30.5374519)
3110802297,30.5374685,114.3556167,3,,POINT (114.3556167 30.5374685)
3110802309,30.5375994,114.355956,3,,POINT (114.355956 30.5375994)
3110802310,30.5375994,114.3562104,3,,POINT (114.3562104 30.5375994)
3110802314,30.5376235,114.3558794,3,,POINT (114.3558794 30.5376235)
3110802318,30.5376476,114.3561875,3,,POINT (114.3561875 30.5376476)
3110802340,30.5378552,114.3562086,3,,POINT (114.3562086 30.5378552)
3110802347,30.5378865,114.3562842,3,,POINT (114.3562842 30.5378865)
3110802358,30.5379459,114.3558305,3,,POINT (114.3558305 30.5379459)
3110802362,30.5379587,114.356467,3,,POINT (114.356467 30.5379587)
3110802367,30.5379829,114.3555537,3,,POINT (114.3555537 30.5379829)
3110802368,30.537985,114.3558994,3,,POINT (114.3558994 30.537985)
3110802369,30.5379854,114.3557895,3,,POINT (114.3557895 30.5379854)
3110802380,30.5380444,114.3558541,3,,POINT (114.3558541 30.5380444)
3110802383,30.5381213,114.3558714,3,,POINT (114.3558714 30.5381213)
3110802390,30.5382566,114.3560984,3,,POINT (114.3560984 30.5382566)
3110802392,30.5383362,114.3557097,3,,POINT (114.3557097 30.5383362)
3112677663,30.5441058,114.3548454,3,,POINT (114.3548454 30.5441058)
3112677664,30.544934,114.3547522,4,,POINT (114.3547522 30.544934)
3112677665,30.5451255,114.3547221,1,,POINT (114.3547221 30.5451255)
3112677739,30.5438194,114.3623971,3,,POINT (114.3623971 30.5438194)
3112677745,30.5436251,114.3642587,3,,POINT (114.3642587 30.5436251)
3112677747,30.5434045,114.3628101,3,,POINT (114.3628101 30.5434045)
3113066251,30.5450474,114.3522876,4,,POINT (114.3522876 30.5450474)
3113067000,30.5309248,114.3550525,4,,POINT (114.3550525 30.5309248)
3113067002,30.5291464,114.3573701,3,,POINT (114.3573701 30.5291464)
3113067023,30.5367135,114.3529028,3,,POINT (114.3529028 30.5367135)
3113067129,30.5367133,114.3531073,3,,POINT (114.3531073 30.5367133)
3113067141,30.5391325,114.3552332,3,,POINT (114.3552332 30.5391325)
3123587149,30.5290755,114.35334,3,,POINT (114.35334 30.5290755)
3123587152,30.5299831,114.3533306,3,,POINT (114.3533306 30.5299831)
3123587154,30.5300888,114.3530294,4,,POINT (114.3530294 30.5300888)
3123587156,30.5296089,114.3530825,1,,POINT (114.3530825 30.5296089)
3123587157,30.5296063,114.3536749,3,,POINT (114.3536749 30.5296063)
3123587158,30.5296262,114.3522443,3,,POINT (114.3522443 30.5296262)
3123587162,30.5301764,114.3506557,4,,POINT (114.3506557 30.5301764)
3123587170,30.5309622,114.3541326,3,,POINT (114.3541326 30.5309622)
3123587171,30.5309623,114.3532969,3,,POINT (114.3532969 30.5309623)
3123587172,30.5304242,114.3533015,3,,POINT (114.3533015 30.5304242)
3123587174,30.530961,114.3540394,3,,POINT (114.3540394 30.530961)
3123587176,30.5308574,114.3530209,3,,POINT (114.3530209 30.5308574)
3147241023,30.5290758,114.3523585,3,,POINT (114.3523585 30.5290758)
3147251082,30.5292732,114.35198,3,,POINT (114.35198 30.5292732)
3151899810,30.5394142,114.3617935,3,,POINT (114.3617935 30.5394142)
3151899811,30.539515,114.3617811,3,,POINT (114.3617811 30.539515)
3186609235,30.5330977,114.3574045,3,,POINT (114.3574045 30.5330977)
3186609244,30.5334254,114.3575375,3,,POINT (114.3575375 30.5334254)
3186609255,30.5343318,114.3540204,1,,POINT (114.3540204 30.5343318)
3186609260,30.5336684,114.3568068,3,,POINT (114.3568068 30.5336684)
3186609965,30.5338849,114.3563058,3,,POINT (114.3563058 30.5338849)
3186609967,30.5339388,114.3549367,3,,POINT (114.3549367 30.5339388)
3186609969,30.5339528,114.3548943,3,,POINT (114.3548943 30.5339528)
3186609971,30.5339544,114.356089,1,,POINT (114.356089 30.5339544)
3186609972,30.5340513,114.3546947,1,,POINT (114.3546947 30.5340513)
3186609974,30.5339736,114.354907,3,,POINT (114.354907 30.5339736)
3186609976,30.5340408,114.3546469,3,,POINT (114.3546469 30.5340408)
3186609979,30.5341222,114.354876,3,,POINT (114.354876 30.5341222)
3186609986,30.5342453,114.3548561,3,,POINT (114.3548561 30.5342453)
3186609988,30.5342593,114.3551393,1,,POINT (114.3551393 30.5342593)
3186609992,30.5343037,114.35503,5,,POINT (114.35503 30.5343037)
3186609995,30.5343346,114.3550438,3,,POINT (114.3550438 30.5343346)
3186610009,30.5345472,114.353966,3,,POINT (114.353966 30.5345472)
3186610014,30.5346364,114.3533474,4,,POINT (114.3533474 30.5346364)
3186610017,30.534661,114.3537373,3,,POINT (114.3537373 30.534661)
3186610022,30.5347232,114.3533309,3,,POINT (114.3533309 30.5347232)
3186610027,30.5348286,114.3535327,4,,POINT (114.3535327 30.5348286)
3186610028,30.5348309,114.3531562,3,,POINT (114.3531562 30.5348309)
3186610030,30.5348345,114.3529707,3,,POINT (114.3529707 30.5348345)
3186610037,30.5349499,114.3527643,3,,POINT (114.3527643 30.5349499)
3186610039,30.5350452,114.3535222,3,,POINT (114.3535222 30.5350452)
3186610040,30.5350231,114.3532274,4,,POINT (114.3532274 30.5350231)
3186610042,30.5351275,114.3533716,3,,POINT (114.3533716 30.5351275)
3186610049,30.5352966,114.3531124,3,,POINT (114.3531124 30.5352966)
3186610056,30.5359399,114.3537463,3,,POINT (114.3537463 30.5359399)
3299900023,30.5343941,114.3538791,3,,POINT (114.3538791 30.5343941)
3631666386,30.538559,114.3510228,3,,POINT (114.3510228 30.538559)
3631666613,30.5383407,114.3525913,3,,POINT (114.3525913 30.5383407)
3631666614,30.5384064,114.3526111,3,,POINT (114.3526111 30.5384064)
3631666634,30.537668,114.351814,3,,POINT (114.351814 30.537668)
3631666636,30.5378343,114.3519103,3,,POINT (114.3519103 30.5378343)
3631666639,30.5378063,114.3516551,3,,POINT (114.3516551 30.5378063)
3631666640,30.5378075,114.3543099,3,,POINT (114.3543099 30.5378075)
3631666647,30.5389412,114.354651,3,,POINT (114.354651 30.5389412)
3631666659,30.5354747,114.3577274,3,,POINT (114.3577274 30.5354747)
3631666661,30.5358121,114.3581287,3,,POINT (114.3581287 30.5358121)
3631666662,30.5363027,114.357949,3,,POINT (114.357949 30.5363027)
3631666665,30.5372648,114.3562863,3,,POINT (114.3562863 30.5372648)
3631666666,30.5371409,114.3565298,4,,POINT (114.3565298 30.5371409)
3631666685,30.5406098,114.3593892,1,,POINT (114.3593892 30.5406098)
3631666688,30.5405014,114.3600886,3,,POINT (114.3600886 30.5405014)
3631666689,30.5410849,114.3589187,3,,POINT (114.3589187 30.5410849)
3631666690,30.5406979,114.3591362,1,,POINT (114.3591362 30.5406979)
3631666691,30.5412909,114.3593877,3,,POINT (114.3593877 30.5412909)
3631666692,30.5409041,114.3596032,1,,POINT (114.3596032 30.5409041)
3631666699,30.5413062,114.3646921,3,,POINT (114.3646921 30.5413062)
3631666701,30.5416138,114.3662773,3,,POINT (114.3662773 30.5416138)
3631666702,30.5391051,114.3657123,3,,POINT (114.3657123 30.5391051)
3631666703,30.5394012,114.3657145,3,,POINT (114.3657145 30.5394012)
3631666718,30.5392503,114.3641644,3,,POINT (114.3641644 30.5392503)
3631666719,30.5391438,114.3640522,3,,POINT (114.3640522 30.5391438)
3631666726,30.5398859,114.3664241,1,,POINT (114.3664241 30.5398859)
3631666727,30.539812,114.3663592,3,,POINT (114.3663592 30.539812)
3631666728,30.5398676,114.36687,3,,POINT (114.36687 30.5398676)
3631666729,30.5394033,114.3669331,4,,POINT (114.3669331 30.5394033)
3631666733,30.5394526,114.3676,3,,POINT (114.3676 30.5394526)
3631666734,30.539085,114.3676263,3,,POINT (114.3676263 30.539085)
3631666748,30.5450652,114.3641724,3,,POINT (114.3641724 30.5450652)
3631666749,30.5450072,114.3633656,3,,POINT (114.3633656 30.5450072)
3631666750,30.5446968,114.3640411,4,,POINT (114.3640411 30.5446968)
3631666755,30.5313827,114.3563082,3,,POINT (114.3563082 30.5313827)
3631666757,30.5309278,114.3567161,3,,POINT (114.3567161 30.5309278)
3631666759,30.5311656,114.3568371,3,,POINT (114.3568371 30.5311656)
3631666760,30.5311703,114.3572529,3,,POINT (114.3572529 30.5311703)
3631666762,30.5309335,114.3573174,3,,POINT (114.3573174 30.5309335)
3631666764,30.5313904,114.3567673,4,,POINT (114.3567673 30.5313904)
3631666771,30.5305573,114.3550538,3,,POINT (114.3550538 30.5305573)
3631666774,30.5304435,114.354135,3,,POINT (114.354135 30.5304435)
3631666775,30.530917,114.3541328,3,,POINT (114.3541328 30.530917)
3631666776,30.5312433,114.3541313,3,,POINT (114.3541313 30.5312433)
3631666777,30.531237,114.3550514,3,,POINT (114.3550514 30.531237)
3631666778,30.5303294,114.3523499,3,,POINT (114.3523499 30.5303294)
3631666779,30.5303345,114.3530267,3,,POINT (114.3530267 30.5303345)
3631666780,30.5306269,114.3523479,3,,POINT (114.3523479 30.5306269)
3631666781,30.5306266,114.3530234,3,,POINT (114.3530234 30.5306266)
3631666782,30.5308899,114.3523461,3,,POINT (114.3523461 30.5308899)
3631666783,30.530892,114.3530205,3,,POINT (114.3530205 30.530892)
3631666787,30.5282546,114.3556943,4,,POINT (114.3556943 30.5282546)
3631666788,30.5286284,114.3556996,3,,POINT (114.3556996 30.5286284)
3631666797,30.5273689,114.3566319,3,,POINT (114.3566319 30.5273689)
3631666803,30.533441,114.3532776,3,,POINT (114.3532776 30.533441)
3631666804,30.533443,114.3538871,4,,POINT (114.3538871 30.533443)
3631666807,30.5334419,114.3535275,3,,POINT (114.3535275 30.5334419)
3631666808,30.5330187,114.3539945,3,,POINT (114.3539945 30.5330187)
3631666810,30.5330227,114.3547258,3,,POINT (114.3547258 30.5330227)
3631666812,30.5326176,114.3567715,3,,POINT (114.3567715 30.5326176)
3631666813,30.541981,114.354818,4,,POINT (114.354818 30.541981)
3631666815,30.5418722,114.3541505,4,,POINT (114.3541505 30.5418722)
3631666816,30.541565,114.3526098,3,,POINT (114.3526098 30.541565)
3631666820,30.5412549,114.3556695,3,,POINT (114.3556695 30.5412549)
3631666831,30.5419657,114.3572104,3,,POINT (114.3572104 30.5419657)
3631666832,30.5419843,114.3561474,1,,POINT (114.3561474 30.5419843)
3631666835,30.5422125,114.3578143,3,,POINT (114.3578143 30.5422125)
3631666846,30.5421453,114.3615106,4,,POINT (114.3615106 30.5421453)
3631666847,30.5421726,114.3605992,3,,POINT (114.3605992 30.5421726)
3631666848,30.5420384,114.3606187,3,,POINT (114.3606187 30.5420384)
3631666850,30.5423475,114.3586092,3,,POINT (114.3586092 30.5423475)
3631666851,30.5427326,114.358526,1,,POINT (114.358526 30.5427326)
3631666858,30.5436133,114.3595915,3,,POINT (114.3595915 30.5436133)
3709156173,30.5351139,114.3527104,3,,POINT (114.3527104 30.5351139)
3709156175,30.5352697,114.3519944,1,,POINT (114.3519944 30.5352697)
3709156182,30.535482,114.3523422,3,,POINT (114.3523422 30.535482)
3709156186,30.5356066,114.354247,3,,POINT (114.354247 30.5356066)
3709156187,30.5356734,114.3543138,3,,POINT (114.3543138 30.5356734)
3709156195,30.5360625,114.3546313,3,,POINT (114.3546313 30.5360625)
3709156196,30.5360881,114.3520917,1,,POINT (114.3520917 30.5360881)
3709156199,30.5381214,114.3567801,3,,POINT (114.3567801 30.5381214)
3709156201,30.5386393,114.3570848,3,,POINT (114.3570848 30.5386393)
3709156202,30.5386625,114.357034,3,,POINT (114.357034 30.5386625)
3709156203,30.5386772,114.3570018,3,,POINT (114.3570018 30.5386772)
3709156210,30.5389106,114.3569323,3,,POINT (114.3569323 30.5389106)
3709156211,30.5389132,114.3568362,3,,POINT (114.3568362 30.5389132)
3709156212,30.5389209,114.356712,3,,POINT (114.356712 30.5389209)
3709156213,30.5389448,114.3580268,3,,POINT (114.3580268 30.5389448)
3709156218,30.5391699,114.3572306,4,,POINT (114.3572306 30.5391699)
3709156224,30.5394188,114.357065,3,,POINT (114.357065 30.5394188)
3709160025,30.5393644,114.3569485,3,,POINT (114.3569485 30.5393644)
3709160026,30.5394451,114.3576344,3,,POINT (114.3576344 30.5394451)
3709160029,30.5403493,114.3562838,3,,POINT (114.3562838 30.5403493)
3840275102,30.5450913,114.3592652,3,,POINT (114.3592652 30.5450913)
3840275111,30.5442216,114.3611,3,,POINT (114.3611 30.5442216)
3842095839,30.5464955,114.3582993,3,,POINT (114.3582993 30.5464955)
3842095840,30.5467422,114.3607056,3,,POINT (114.3607056 30.5467422)
3842095841,30.5459016,114.3583238,3,,POINT (114.3583238 30.5459016)
3842095842,30.5459343,114.3598452,3,,POINT (114.3598452 30.5459343)
3842095845,30.5463973,114.3607519,3,,POINT (114.3607519 30.5463973)
3842095852,30.5453821,114.3596445,3,,POINT (114.3596445 30.5453821)
3842095854,30.5457665,114.3597462,3,,POINT (114.3597462 30.5457665)
3842096757,30.5452419,114.3608016,3,,POINT (114.3608016 30.5452419)
3842096758,30.5451451,114.3598615,4,,POINT (114.3598615 30.5451451)
3842096760,30.5457827,114.3600362,3,,POINT (114.3600362 30.5457827)
3842096761,30.5454154,114.3600802,3,,POINT (114.3600802 30.5454154)
3842096764,30.5455442,114.3607635,3,,POINT (114.3607635 30.5455442)
3842096765,30.5455514,114.3608592,3,,POINT (114.3608592 30.5455514)
3842096766,30.545934,114.3590749,3,,POINT (114.3590749 30.545934)
3842096767,30.5462693,114.3590467,1,,POINT (114.3590467 30.5462693)
3842096768,30.5453078,114.3618509,1,,POINT (114.3618509 30.5453078)
3842096770,30.5470487,114.3582586,1,,POINT (114.3582586 30.5470487)
3977329417,30.5407223,114.3518745,1,,POINT (114.3518745 30.5407223)
3977329418,30.5405645,114.351905,3,,POINT (114.351905 30.5405645)
4045208586,30.5418793,114.3625695,3,,POINT (114.3625695 30.5418793)
4045224995,30.542928,114.3622716,3,,POINT (114.3622716 30.542928)
4052353057,30.5287512,114.3567797,1,,POINT (114.3567797 30.5287512)
4052353058,30.5409101,114.352996,3,,POINT (114.352996 30.5409101)
4052353062,30.541288,114.3535684,4,,POINT (114.3535684 30.541288)
4052353063,30.5417324,114.3534493,4,,POINT (114.3534493 30.5417324)
4052353082,30.5423239,114.3593215,3,,POINT (114.3593215 30.5423239)
4052353083,30.5418915,114.3594439,3,,POINT (114.3594439 30.5418915)
4052778591,30.5364824,114.3572149,1,,POINT (114.3572149 30.5364824)
4052778594,30.5435766,114.3647823,3,,POINT (114.3647823 30.5435766)
4052778596,30.545412,114.3580315,1,,POINT (114.3580315 30.545412)
4052778597,30.5452741,114.3580556,1,,POINT (114.3580556 30.5452741)
4052778598,30.5449545,114.3574162,1,,POINT (114.3574162 30.5449545)
4052778601,30.5450144,114.3557588,1,,POINT (114.3557588 30.5450144)
4052778602,30.5440709,114.3613299,3,,POINT (114.3613299 30.5440709)
4052778604,30.5440387,114.3612084,3,,POINT (114.3612084 30.5440387)
4052778610,30.5441428,114.3611943,3,,POINT (114.3611943 30.5441428)
4052778615,30.5441516,114.3612684,3,,POINT (114.3612684 30.5441516)
4052778616,30.5441855,114.3611071,3,,POINT (114.3611071 30.5441855)
4052778617,30.5437898,114.3607987,1,,POINT (114.3607987 30.5437898)
4052778618,30.5438028,114.3609369,3,,POINT (114.3609369 30.5438028)
4052778622,30.5439175,114.3605823,1,,POINT (114.3605823 30.5439175)
4052778628,30.5439277,114.3606611,1,,POINT (114.3606611 30.5439277)
4052778637,30.5439042,114.3612279,3,,POINT (114.3612279 30.5439042)
4052778638,30.5436368,114.3612608,3,,POINT (114.3612608 30.5436368)
4052778640,30.5438799,114.360159,3,,POINT (114.360159 30.5438799)
4052778641,30.5436725,114.3601891,3,,POINT (114.3601891 30.5436725)
4052778642,30.5439371,114.3606594,3,,POINT (114.3606594 30.5439371)
4052778657,30.5428205,114.3612684,3,,POINT (114.3612684 30.5428205)
4052778659,30.5422192,114.3613391,3,,POINT (114.3613391 30.5422192)
4052778660,30.5408456,114.356015,3,,POINT (114.356015 30.5408456)
4060915704,30.5308598,114.3532984,3,,POINT (114.3532984 30.5308598)
4060915705,30.530806,114.3540395,3,,POINT (114.3540395 30.530806)
4060915706,30.530806,114.3541333,3,,POINT (114.3541333 30.530806)
4060915710,30.5304913,114.3530249,3,,POINT (114.3530249 30.5304913)
4060915711,30.5303158,114.3532103,3,,POINT (114.3532103 30.5303158)
4060915712,30.5301753,114.3531268,3,,POINT (114.3531268 30.5301753)
4060915713,30.5301732,114.3530285,3,,POINT (114.3530285 30.5301732)
4060915715,30.5300898,114.3531871,3,,POINT (114.3531871 30.5300898)
4159413654,30.5450686,114.3559854,3,,POINT (114.3559854 30.5450686)
4159413664,30.545868,114.3558999,3,,POINT (114.3558999 30.545868)
4159413665,30.5458064,114.3551328,3,,POINT (114.3551328 30.5458064)
4159413667,30.5458802,114.3560025,1,,POINT (114.3560025 30.5458802)
4159413674,30.5460118,114.3574139,1,,POINT (114.3574139 30.5460118)
4159413675,30.5460349,114.3576794,3,,POINT (114.3576794 30.5460349)
4159413680,30.5460048,114.3583301,3,,POINT (114.3583301 30.5460048)
4159413681,30.5451771,114.3569115,4,,POINT (114.3569115 30.5451771)
4159413690,30.5452785,114.3577765,3,,POINT (114.3577765 30.5452785)
4159413722,30.5465968,114.3572698,3,,POINT (114.3572698 30.5465968)
4162357219,30.5330913,114.3574621,3,,POINT (114.3574621 30.5330913)
4162357220,30.5333796,114.3575593,3,,POINT (114.3575593 30.5333796)
4320485415,30.5433493,114.3559361,3,,POINT (114.3559361 30.5433493)
4320485417,30.5434617,114.3566066,3,,POINT (114.3566066 30.5434617)
4320485418,30.5442163,114.3565511,3,,POINT (114.3565511 30.5442163)
4320485419,30.5435381,114.3573071,1,,POINT (114.3573071 30.5435381)
4320485420,30.5437624,114.3565845,3,,POINT (114.3565845 30.5437624)
4320485421,30.5437835,114.3574005,1,,POINT (114.3574005 30.5437835)
4320485422,30.544259,114.3576606,3,,POINT (114.3576606 30.544259)
4320485423,30.5436471,114.3576794,1,,POINT (114.3576794 30.5436471)
4320485432,30.5443917,114.3574418,3,,POINT (114.3574418 30.5443917)
4320485437,30.5442566,114.3582412,3,,POINT (114.3582412 30.5442566)
4320485438,30.5442348,114.3569536,3,,POINT (114.3569536 30.5442348)
4320485441,30.5442399,114.3570642,3,,POINT (114.3570642 30.5442399)
4320485442,30.5442854,114.3570102,3,,POINT (114.3570102 30.5442854)
4320485443,30.5444553,114.3569764,1,,POINT (114.3569764 30.5444553)
4320485444,30.5443657,114.3570041,4,,POINT (114.3570041 30.5443657)
4320485445,30.544317,114.3564889,3,,POINT (114.3564889 30.544317)
4320485446,30.5450829,114.356405,3,,POINT (114.356405 30.5450829)
4320485448,30.5451064,114.3563082,3,,POINT (114.3563082 30.5451064)
4320485451,30.5451284,114.356715,3,,POINT (114.356715 30.5451284)
4320485455,30.5451537,114.3567118,4,,POINT (114.3567118 30.5451537)
4320485458,30.5450269,114.3568694,3,,POINT (114.3568694 30.5450269)
4320485462,30.5451358,114.3569291,3,,POINT (114.3569291 30.5451358)
4320485465,30.5450133,114.3568803,1,,POINT (114.3568803 30.5450133)
4320485470,30.5452368,114.3574209,3,,POINT (114.3574209 30.5452368)
4320485471,30.5451992,114.35736,3,,POINT (114.35736 30.5451992)
4348140161,30.5312656,114.3551483,3,,POINT (114.3551483 30.5312656)
4348140162,30.5312618,114.3563088,3,crossing,POINT (114.3563088 30.5312618)
4562886753,30.5453097,114.3598716,3,,POINT (114.3598716 30.5453097)
4808835822,30.5393968,114.3668511,1,,POINT (114.3668511 30.5393968)
4808835848,30.5385222,114.352646,3,,POINT (114.352646 30.5385222)
4808966295,30.5435183,114.3605112,1,,POINT (114.3605112 30.5435183)
4808966296,30.5436979,114.3604882,3,,POINT (114.3604882 30.5436979)
5096824717,30.5350465,114.3552928,3,,POINT (114.3552928 30.5350465)
5196006519,30.5312659,114.3550513,3,,POINT (114.3550513 30.5312659)
5196006520,30.5312637,114.3557249,3,,POINT (114.3557249 30.5312637)
5196008421,30.530922,114.355723,3,,POINT (114.355723 30.530922)
5223029958,30.5313853,114.3570769,4,,POINT (114.3570769 30.5313853)
5223029959,30.5315468,114.3570833,3,,POINT (114.3570833 30.5315468)
5223029960,30.5311683,114.3570769,3,,POINT (114.3570769 30.5311683)
5223029961,30.5313826,114.3571296,3,,POINT (114.3571296 30.5313826)
5223029963,30.5314894,114.3572506,3,,POINT (114.3572506 30.5314894)
5223029965,30.5312226,114.3572525,3,,POINT (114.3572525 30.5312226)
5223029966,30.532202,114.3551257,3,,POINT (114.3551257 30.532202)
5223029969,30.5317487,114.3561796,4,,POINT (114.3561796 30.5317487)
5223029971,30.5316455,114.3563069,3,,POINT (114.3563069 30.5316455)
5223029972,30.531967,114.3556238,4,,POINT (114.3556238 30.531967)
5223029973,30.531649,114.3551547,3,,POINT (114.3551547 30.531649)
5223029974,30.5314853,114.3551519,3,,POINT (114.3551519 30.5314853)
5223029975,30.5314888,114.3550505,3,,POINT (114.3550505 30.5314888)
5223029976,30.5316455,114.3562457,3,,POINT (114.3562457 30.5316455)
5223029977,30.5312621,114.3562456,3,,POINT (114.3562456 30.5312621)
5223097959,30.5286391,114.3523013,1,,POINT (114.3523013 30.5286391)
5223114811,30.5287984,114.353507,1,,POINT (114.353507 30.5287984)
5223114812,30.5286365,114.3535106,3,,POINT (114.3535106 30.5286365)
5785449232,30.5331225,114.3573267,3,,POINT (114.3573267 30.5331225)
5785451569,30.5340249,114.3549626,3,,POINT (114.3549626 30.5340249)
6187422390,30.5276299,114.3547215,3,,POINT (114.3547215 30.5276299)
6222270510,30.5300879,114.3552403,1,,POINT (114.3552403 30.5300879)
6222270511,30.5298148,114.3561727,1,,POINT (114.3561727 30.5298148)
6222270512,30.5298133,114.3563156,3,,POINT (114.3563156 30.5298133)
6222270513,30.5302297,114.3561682,1,,POINT (114.3561682 30.5302297)
6222270514,30.5302291,114.3563136,3,,POINT (114.3563136 30.5302291)
6305194063,30.5290712,114.3540187,3,,POINT (114.3540187 30.5290712)
6305194064,30.5290711,114.354044,3,,POINT (114.354044 30.5290711)
6901657551,30.5440241,114.3531434,3,,POINT (114.3531434 30.5440241)
6901657771,30.5443852,114.3619806,1,,POINT (114.3619806 30.5443852)
7414953045,30.5453653,114.3577636,3,,POINT (114.3577636 30.5453653)
7414953047,30.5453958,114.3580343,3,,POINT (114.3580343 30.5453958)
7414974241,30.5350304,114.3554822,4,crossing,POINT (114.3554822 30.5350304)
7414974242,30.5348244,114.3563943,4,crossing,POINT (114.3563943 30.5348244)
7821783995,30.5298521,114.3542404,1,,POINT (114.3542404 30.5298521)
8101909384,30.546517,114.3560313,3,,POINT (114.3560313 30.546517)
8101928709,30.5378155,114.3517698,3,,POINT (114.3517698 30.5378155)
8101928710,30.5387729,114.3515896,1,,POINT (114.3515896 30.5387729)
8101928711,30.5383457,114.3510188,3,,POINT (114.3510188 30.5383457)
8101928712,30.5384356,114.3516488,3,,POINT (114.3516488 30.5384356)
8101928715,30.5385874,114.351553,1,,POINT (114.351553 30.5385874)
8101995032,30.538917,114.3531615,1,,POINT (114.3531615 30.538917)
8101995039,30.5381707,114.3511078,3,,POINT (114.3511078 30.5381707)
8101995040,30.538256,114.3516839,4,,POINT (114.3516839 30.538256)
8101995041,30.5387591,114.3518187,1,,POINT (114.3518187 30.5387591)
8101995042,30.5378473,114.3520201,3,,POINT (114.3520201 30.5378473)
8101995043,30.5382939,114.3519291,4,,POINT (114.3519291 30.5382939)
8101995044,30.5384141,114.3519025,3,,POINT (114.3519025 30.5384141)
8101995046,30.5380658,114.351721,3,,POINT (114.351721 30.5380658)
8101995047,30.5381949,114.3525525,3,,POINT (114.3525525 30.5381949)
8101995048,30.5381069,114.3519672,4,,POINT (114.3519672 30.5381069)
8101995049,30.5387306,114.3525518,1,,POINT (114.3525518 30.5387306)
8101995052,30.5387111,114.3526616,3,,POINT (114.3526616 30.5387111)
8278622920,30.5420008,114.353354,4,crossing,POINT (114.353354 30.5420008)
8512203975,30.5367532,114.3564276,3,,POINT (114.3564276 30.5367532)
8512203985,30.5451876,114.3572648,3,,POINT (114.3572648 30.5451876)
8512203988,30.5451742,114.3559731,3,,POINT (114.3559731 30.5451742)
8823667892,30.5419856,114.3523466,3,,POINT (114.3523466 30.5419856)
8823667896,30.5422567,114.3532873,3,,POINT (114.3532873 30.5422567)
8823667897,30.5421552,114.3516039,3,,POINT (114.3516039 30.5421552)
8823667898,30.5416609,114.3511966,3,,POINT (114.3511966 30.5416609)
8823667912,30.5416726,114.352546,3,,POINT (114.352546 30.5416726)
8823667914,30.5418745,114.3517463,3,,POINT (114.3517463 30.5418745)
8823668017,30.5398005,114.350955,3,,POINT (114.350955 30.5398005)
8823668021,30.5398693,114.351061,3,,POINT (114.351061 30.5398693)
8823668022,30.5398982,114.3512849,1,,POINT (114.3512849 30.5398982)
8823668026,30.539923,114.3509284,3,,POINT (114.3509284 30.539923)
8823668031,30.5412147,114.3509944,3,,POINT (114.3509944 30.5412147)
8823668034,30.5412675,114.3511549,3,,POINT (114.3511549 30.5412675)
8823668035,30.5413033,114.351407,1,,POINT (114.351407 30.5413033)
8823668039,30.5413451,114.3510535,3,,POINT (114.3510535 30.5413451)
8823668080,30.541472,114.3682593,1,,POINT (114.3682593 30.541472)
8823668081,30.5414835,114.3684015,3,,POINT (114.3684015 30.5414835)
8823668084,30.5415419,114.3684806,3,,POINT (114.3684806 30.5415419)
8823668087,30.5414087,114.3685173,3,,POINT (114.3685173 30.5414087)
8823668184,30.5369083,114.3533936,1,,POINT (114.3533936 30.5369083)
8823668185,30.5363012,114.3533172,3,,POINT (114.3533172 30.5363012)
8823668187,30.5368261,114.3533832,4,,POINT (114.3533832 30.5368261)
8823668189,30.5370182,114.3537277,1,,POINT (114.3537277 30.5370182)
8823668190,30.5368519,114.3531092,3,,POINT (114.3531092 30.5368519)
9155703809,30.531607,114.3541297,3,,POINT (114.3541297 30.531607)
9155703810,30.5316055,114.3550501,3,,POINT (114.3550501 30.5316055)
9158437405,30.5367146,114.3527562,3,,POINT (114.3527562 30.5367146)
9158437414,30.5381063,114.3533636,3,,POINT (114.3533636 30.5381063)
9158437415,30.5377493,114.3545254,4,,POINT (114.3545254 30.5377493)
9158437416,30.5377259,114.3546394,3,,POINT (114.3546394 30.5377259)
9549826656,30.5317386,114.3536363,3,,POINT (114.3536363 30.5317386)
9549826665,30.5319359,114.3537265,4,,POINT (114.3537265 30.5319359)
9549826671,30.5316018,114.3532399,3,,POINT (114.3532399 30.5316018)
9549826673,30.5317011,114.3537101,3,,POINT (114.3537101 30.5317011)
9549826674,30.5315581,114.3541299,3,,POINT (114.3541299 30.5315581)
9549826682,30.5316943,114.3539874,3,,POINT (114.3539874 30.5316943)
9549826685,30.5319463,114.3536632,3,,POINT (114.3536632 30.5319463)
9549826686,30.5318855,114.3536124,3,,POINT (114.3536124 30.5318855)
9552092065,30.5313454,114.3541308,3,,POINT (114.3541308 30.5313454)
9552092066,30.5316037,114.3530126,3,,POINT (114.3530126 30.5316037)
9552092068,30.5321676,114.3536117,3,,POINT (114.3536117 30.5321676)
9552092075,30.5317353,114.3536716,3,,POINT (114.3536716 30.5317353)
9552092078,30.5315836,114.3533273,3,,POINT (114.3533273 30.5315836)
9552099919,30.5313508,114.3533267,3,,POINT (114.3533267 30.5313508)
9552099928,30.5281027,114.3556929,1,,POINT (114.3556929 30.5281027)
9552099936,30.5319091,114.3541283,3,,POINT (114.3541283 30.5319091)
9552099937,30.5319049,114.355049,3,,POINT (114.355049 30.5319049)
9552099940,30.5441551,114.3677672,1,,POINT (114.3677672 30.5441551)
9552100001,30.5454318,114.3560926,1,,POINT (114.3560926 30.5454318)
9552100002,30.5455642,114.3574582,1,,POINT (114.3574582 30.5455642)
9552100004,30.5455827,114.3563583,1,,POINT (114.3563583 30.5455827)
9552100005,30.5454587,114.3563704,3,,POINT (114.3563704 30.5454587)
9552100006,30.5456551,114.3571559,1,,POINT (114.3571559 30.5456551)
9552100007,30.5455363,114.3571703,3,,POINT (114.3571703 30.5455363)
9552100008,30.5454879,114.3566708,3,,POINT (114.3566708 30.5454879)
9552100009,30.5455077,114.3568754,3,,POINT (114.3568754 30.5455077)
9552100021,30.530064,114.3523517,3,,POINT (114.3523517 30.530064)
9554406744,30.5445443,114.3547961,4,,POINT (114.3547961 30.5445443)
9554504331,30.5302664,114.3541358,3,,POINT (114.3541358 30.5302664)
9554504333,30.5302526,114.3550549,3,,POINT (114.3550549 30.5302526)
9555904992,30.5326371,114.3531069,3,,POINT (114.3531069 30.5326371)
9555904995,30.5326989,114.3532037,3,,POINT (114.3532037 30.5326989)
9555905003,30.533986,114.3527217,3,,POINT (114.3527217 30.533986)
9555905009,30.5342167,114.3528182,4,,POINT (114.3528182 30.5342167)
9555905010,30.5339847,114.3528235,3,,POINT (114.3528235 30.5339847)
9555905011,30.5342212,114.353431,3,,POINT (114.353431 30.5342212)
9555905012,30.5343195,114.3534283,3,,POINT (114.3534283 30.5343195)
9555905014,30.5344066,114.35219,3,,POINT (114.35219 30.5344066)
9555905015,30.5343991,114.3528153,3,,POINT (114.3528153 30.5343991)
9555905016,30.5339728,114.3534389,3,,POINT (114.3534389 30.5339728)
9555910717,30.533976,114.3532744,3,,POINT (114.3532744 30.533976)
9555910718,30.533971,114.3539626,3,,POINT (114.3539626 30.533971)
9555910720,30.533741,114.3538991,4,,POINT (114.3538991 30.533741)
9555952699,30.5357109,114.3591502,3,,POINT (114.3591502 30.5357109)
9558228570,30.5300746,114.3544953,3,,POINT (114.3544953 30.5300746)
9558228571,30.5298052,114.354422,1,,POINT (114.354422 30.5298052)
9558228580,30.53009,114.3533293,3,,POINT (114.3533293 30.53009)
9591350621,30.5445333,114.3648976,3,,POINT (114.3648976 30.5445333)
9591350628,30.5446072,114.3650003,3,,POINT (114.3650003 30.5446072)
9591350632,30.5444572,114.3649977,3,,POINT (114.3649977 30.5444572)
9655793806,30.5321752,114.3556981,1,,POINT (114.3556981 30.5321752)
9655793808,30.5321752,114.3562037,1,,POINT (114.3562037 30.5321752)
9681727628,30.545254,114.3596634,3,,POINT (114.3596634 30.545254)
9681727639,30.5452649,114.358378,3,,POINT (114.358378 30.5452649)
9681727640,30.5452882,114.3586166,3,,POINT (114.3586166 30.5452882)
9681727654,30.5439612,114.3596188,3,,POINT (114.3596188 30.5439612)
9681727668,30.5443407,114.3587276,3,,POINT (114.3587276 30.5443407)
9681727669,30.5447374,114.3602156,3,,POINT (114.3602156 30.5447374)
9681727671,30.5449642,114.3601857,3,,POINT (114.3601857 30.5449642)
9681727673,30.544871,114.3592351,3,,POINT (114.3592351 30.544871)
9681727678,30.5441235,114.3598353,3,,POINT (114.3598353 30.5441235)
9681727680,30.5441203,114.3602454,3,,POINT (114.3602454 30.5441203)
9681727686,30.5440487,114.3594327,3,,POINT (114.3594327 30.5440487)
9681727692,30.5446395,114.358446,3,,POINT (114.358446 30.5446395)
9681727693,30.5446629,114.358685,3,,POINT (114.358685 30.5446629)
9681727694,30.5448767,114.3592936,3,,POINT (114.3592936 30.5448767)
9681727695,30.5451302,114.3596968,3,,POINT (114.3596968 30.5451302)
9681727696,30.544919,114.3597247,3,,POINT (114.3597247 30.544919)
9681727707,30.5451901,114.3602678,3,,POINT (114.3602678 30.5451901)
9681727708,30.5449753,114.3602996,3,,POINT (114.3602996 30.5449753)
9681727709,30.5450261,114.3608171,1,,POINT (114.3608171 30.5450261)
9681727738,30.5439859,114.3598526,3,,POINT (114.3598526 30.5439859)
9681727739,30.5440703,114.3606527,3,,POINT (114.3606527 30.5440703)
9681727740,30.5440603,114.3605579,3,,POINT (114.3605579 30.5440603)
9681727741,30.5440165,114.3601427,4,,POINT (114.3601427 30.5440165)
9681727748,30.5440088,114.3585031,3,,POINT (114.3585031 30.5440088)
9722659998,30.5352377,114.3530695,3,,POINT (114.3530695 30.5352377)
9822215291,30.5446366,114.3619694,3,,POINT (114.3619694 30.5446366)
9822215293,30.544647,114.3621382,3,,POINT (114.3621382 30.544647)
9822215295,30.5449073,114.3611993,3,,POINT (114.3611993 30.5449073)
9822215296,30.5446203,114.3612256,3,,POINT (114.3612256 30.5446203)
9822215297,30.5446689,114.3619664,3,,POINT (114.3619664 30.5446689)
9822215299,30.5443396,114.3612512,3,,POINT (114.3612512 30.5443396)
9822215303,30.5452912,114.3615707,3,,POINT (114.3615707 30.5452912)
