u,v,key,osmid,oneway,name,highway,service,reversed,length,geometry,bridge
1820236009,5334656533,0,552274424,False,梧桐大道,service,t,False,49.132,"LINESTRING (120.4927792 36.1641828, 120.493303 36.1643109)",
1820236009,1820236106,0,552274424,False,梧桐大道,service,t,True,46.98,"LINESTRING (120.4927792 36.1641828, 120.4923284 36.1639682)",
1820236009,5334656432,0,"[552542992, 552732589]",False,,service,,"[False, True]",102.382,"LINESTRING (120.4927792 36.1641828, 120.4927966 36.1636717, 120.4924467 36.1633753)",
1820236012,1820236103,0,"[1263665488, 552274417]",False,北苑路,service,,True,220.736,"LINESTRING (120.4990338 36.1655966, 120.4990261 36.1642932, 120.4981817 36.16429)",
1820236022,1820236106,0,170887389,False,,service,,False,127.464,"LINESTRING (120.4912944 36.1647538, 120.4923284 36.1639682)",
1820236022,1820264000,0,1263665491,False,,service,,False,35.444,"LINESTRING (120.4912944 36.1647538, 120.4910251 36.1645207)",
1820236022,1820236126,0,170887376,False,,service,,True,368.505,"LINESTRING (120.4912944 36.1647538, 120.4913341 36.1649506, 120.4913709 36.1650211, 120.4925701 36.1659871, 120.4940769 36.1648422)",
1820236034,1820236126,0,170887396,False,,service,,True,67.036,"LINESTRING (120.4936748 36.1643342, 120.4940769 36.1648422)",
1820236034,5334656543,0,552274424,False,梧桐大道,service,t,False,139.939,"LINESTRING (120.4936748 36.1643342, 120.4940259 36.1642605, 120.4943456 36.1641482, 120.4944769 36.1640862, 120.4950249 36.1637407)",
1820236034,5334656533,0,552274424,False,梧桐大道,service,t,True,33.489000000000004,"LINESTRING (120.4936748 36.1643342, 120.4934766 36.1643257, 120.493303 36.1643109)",
1820236034,8991780371,0,552732599,False,,service,,True,30.32,"LINESTRING (120.4936748 36.1643342, 120.4936427 36.1642288, 120.4936454 36.1641357, 120.4936466 36.1640647)",
1820236037,1820236101,0,552274432,False,樱花大道,service,,False,158.471,"LINESTRING (120.4942247 36.1624762, 120.4955228 36.163442)",
1820236037,5334656497,0,552274432,False,樱花大道,service,,True,88.063,"LINESTRING (120.4942247 36.1624762, 120.4936891 36.1618127)",
1820236037,5334656512,0,552543003,False,,footway,,True,34.443,"LINESTRING (120.4942247 36.1624762, 120.4941718 36.1624852, 120.494116 36.1624926, 120.4940689 36.1624983, 120.4940255 36.1625398, 120.4940012 36.1625727, 120.4939659 36.1626055, 120.4939145 36.1626252)",
1820236040,1820236077,0,170887378,False,,service,,False,77.858,"LINESTRING (120.4974406 36.1656009, 120.4966368 36.1658639)",
1820236040,5331468607,0,372541382,False,,service,,False,38.378,"LINESTRING (120.4974406 36.1656009, 120.497399 36.1652574)",
1820236040,1820236103,0,170887388,False,,service,,True,219.54399999999998,"LINESTRING (120.4974406 36.1656009, 120.4983285 36.1655295, 120.4983207 36.1650685, 120.4982563 36.1648952, 120.4982721 36.1647001, 120.4981817 36.16429)",
1820236043,1820236052,0,170887381,False,北苑路,service,,True,92.531,"LINESTRING (120.4960839 36.1647722, 120.4952322 36.1652409)",
1820236043,5331468617,0,170887397,False,樱花大道,service,,True,65.208,"LINESTRING (120.4960839 36.1647722, 120.4963797 36.1653078)",
1820236043,1820236101,0,204767596,False,樱花大道,service,,True,158.647,"LINESTRING (120.4960839 36.1647722, 120.4958786 36.1644777, 120.4958087 36.1639596, 120.495682 36.1636909, 120.4955228 36.163442)",
1820236043,1820236114,0,552274417,False,北苑路,service,,False,119.012,"LINESTRING (120.4960839 36.1647722, 120.4964465 36.1645997, 120.4968452 36.1644725, 120.497299 36.1643561)",
1820236052,1820236043,0,170887381,False,北苑路,service,,False,92.531,"LINESTRING (120.4952322 36.1652409, 120.4960839 36.1647722)",
1820236052,1820236176,0,170887398,False,北苑路,service,,False,56.008,"LINESTRING (120.4952322 36.1652409, 120.4947048 36.16551)",
1820236052,5331468604,0,170893646,False,,service,,True,38.684,"LINESTRING (120.4952322 36.1652409, 120.495457 36.1655377)",
1820236058,1820236122,0,170887383,False,,service,,False,164.534,"LINESTRING (120.4968615 36.1668462, 120.4969833 36.1669631, 120.4972475 36.1672168, 120.4972946 36.1672335, 120.497347 36.167236, 120.4981973 36.1666362)",
1820236058,1820236075,0,"[971522066, 170887383]",False,,service,,True,89.299,"LINESTRING (120.4968615 36.1668462, 120.4967731 36.1667596, 120.4966926 36.1666167, 120.4966872 36.1664521, 120.4967501 36.1662972, 120.4969043 36.1661328)",
1820236058,1820236080,0,"[170887386, 170887403, 170887380]",False,,service,,"[False, True]",185.434,"LINESTRING (120.4968615 36.1668462, 120.4973814 36.1664925, 120.4977174 36.1664137, 120.4985132 36.1658783)",
1820236075,1820236080,0,971522066,False,,service,,True,147.176,"LINESTRING (120.4969043 36.1661328, 120.4985132 36.1658783)",
1820236075,1820236077,0,170887397,False,樱花大道,service,,False,38.567,"LINESTRING (120.4969043 36.1661328, 120.4967349 36.1659916, 120.4966368 36.1658639)",
1820236075,1820236058,0,"[971522066, 170887383]",False,,service,,False,89.29899999999999,"LINESTRING (120.4969043 36.1661328, 120.4967501 36.1662972, 120.4966872 36.1664521, 120.4966926 36.1666167, 120.4967731 36.1667596, 120.4968615 36.1668462)",
1820236077,1820236040,0,170887378,False,,service,,True,77.858,"LINESTRING (120.4966368 36.1658639, 120.4974406 36.1656009)",
1820236077,1820263990,0,170887397,False,樱花大道,service,,False,48.775999999999996,"LINESTRING (120.4966368 36.1658639, 120.4965872 36.1657795, 120.4965429 36.1656929, 120.4964492 36.165453)",
1820236077,1820236075,0,170887397,False,樱花大道,service,,True,38.567,"LINESTRING (120.4966368 36.1658639, 120.4967349 36.1659916, 120.4969043 36.1661328)",
1820236080,1820236075,0,971522066,False,,service,,False,147.176,"LINESTRING (120.4985132 36.1658783, 120.4969043 36.1661328)",
1820236080,1820236058,0,"[170887386, 170887403, 170887380]",False,,service,,"[False, True]",185.43399999999997,"LINESTRING (120.4985132 36.1658783, 120.4977174 36.1664137, 120.4973814 36.1664925, 120.4968615 36.1668462)",
1820236080,1820236122,0,"[971522066, 170887383]",False,,service,,True,123.836,"LINESTRING (120.4985132 36.1658783, 120.4986688 36.1659082, 120.4987713 36.1659895, 120.4988228 36.1660626, 120.4988107 36.1661585, 120.4981973 36.1666362)",
1820236096,1820236101,0,552274422,False,梧桐大道,service,,True,282.645,"LINESTRING (120.498138 36.1620431, 120.4971992 36.1626711, 120.4955228 36.163442)",
1820236096,1820300109,0,"[1261355881, 204767587, 552274419]",False,国槐大道,service,,False,703.7119999999999,"LINESTRING (120.498138 36.1620431, 120.4986396 36.1614021, 120.4986771 36.1609127, 120.4984757 36.1603694, 120.4984764 36.160228, 120.4985792 36.1600078, 120.4985779 36.1598318, 120.4985202 36.1596727, 120.498421 36.1595709, 120.4982346 36.1594531, 120.4980888 36.1594287, 120.4978391 36.1594779, 120.4973175 36.1596569, 120.4969434 36.1596783, 120.4965773 36.1596121, 120.4963034 36.1594488, 120.4952519 36.158078, 120.4950887 36.1579336)",
1820236101,5334656543,0,552274424,False,梧桐大道,service,t,True,55.687,"LINESTRING (120.4955228 36.163442, 120.4950249 36.1637407)",
1820236101,1820236037,0,552274432,False,樱花大道,service,,True,158.471,"LINESTRING (120.4955228 36.163442, 120.4942247 36.1624762)",
1820236101,1820236043,0,204767596,False,樱花大道,service,,False,158.647,"LINESTRING (120.4955228 36.163442, 120.495682 36.1636909, 120.4958087 36.1639596, 120.4958786 36.1644777, 120.4960839 36.1647722)",
1820236101,1820236096,0,552274422,False,梧桐大道,service,,False,282.645,"LINESTRING (120.4955228 36.163442, 120.4971992 36.1626711, 120.498138 36.1620431)",
1820236103,1820236114,0,552274417,False,北苑路,service,,True,79.581,"LINESTRING (120.4981817 36.16429, 120.497299 36.1643561)",
1820236103,1820236040,0,170887388,False,,service,,False,219.54399999999998,"LINESTRING (120.4981817 36.16429, 120.4982721 36.1647001, 120.4982563 36.1648952, 120.4983207 36.1650685, 120.4983285 36.1655295, 120.4974406 36.1656009)",
1820236103,1820236012,0,"[1263665488, 552274417]",False,北苑路,service,,False,220.736,"LINESTRING (120.4981817 36.16429, 120.4990261 36.1642932, 120.4990338 36.1655966)",
1820236106,1820236022,0,170887389,False,,service,,True,127.464,"LINESTRING (120.4923284 36.1639682, 120.4912944 36.1647538)",
1820236106,1820236009,0,552274424,False,梧桐大道,service,t,False,46.98,"LINESTRING (120.4923284 36.1639682, 120.4927792 36.1641828)",
1820236106,1820272589,0,552274427,False,梧桐大道,service,,True,38.659,"LINESTRING (120.4923284 36.1639682, 120.4921286 36.1638138, 120.4920173 36.1637278)",
1820236114,5331468609,0,372541382,False,,service,,True,32.632,"LINESTRING (120.497299 36.1643561, 120.4973253 36.1646488)",
1820236114,1820236103,0,552274417,False,北苑路,service,,False,79.581,"LINESTRING (120.497299 36.1643561, 120.4981817 36.16429)",
1820236114,1820236043,0,552274417,False,北苑路,service,,True,119.01199999999999,"LINESTRING (120.497299 36.1643561, 120.4968452 36.1644725, 120.4964465 36.1645997, 120.4960839 36.1647722)",
1820236122,1820236080,0,"[971522066, 170887383]",False,,service,,False,123.836,"LINESTRING (120.4981973 36.1666362, 120.4988107 36.1661585, 120.4988228 36.1660626, 120.4987713 36.1659895, 120.4986688 36.1659082, 120.4985132 36.1658783)",
1820236122,1820236058,0,170887383,False,,service,,True,164.534,"LINESTRING (120.4981973 36.1666362, 120.497347 36.167236, 120.4972946 36.1672335, 120.4972475 36.1672168, 120.4969833 36.1669631, 120.4968615 36.1668462)",
1820236126,1820236176,0,170887376,False,,service,,True,93.226,"LINESTRING (120.4940769 36.1648422, 120.4947048 36.16551)",
1820236126,1820236034,0,170887396,False,,service,,False,67.036,"LINESTRING (120.4940769 36.1648422, 120.4936748 36.1643342)",
1820236126,1820236022,0,170887376,False,,service,,False,368.505,"LINESTRING (120.4940769 36.1648422, 120.4925701 36.1659871, 120.4913709 36.1650211, 120.4913341 36.1649506, 120.4912944 36.1647538)",
1820236136,1820263965,0,170904568,False,,service,,True,113.476,"LINESTRING (120.4929965 36.160155, 120.4917707 36.160404)",
1820236136,5336175309,0,552274432,False,樱花大道,service,,False,127.744,"LINESTRING (120.4929965 36.160155, 120.493409 36.1612545)",
1820236136,5349322049,0,552274432,False,樱花大道,service,,True,101.261,"LINESTRING (120.4929965 36.160155, 120.4927816 36.1593817, 120.4927967 36.1592642)",
1820236176,1820236126,0,170887376,False,,service,,False,93.226,"LINESTRING (120.4947048 36.16551, 120.4940769 36.1648422)",
1820236176,1820236052,0,170887398,False,北苑路,service,,True,56.008,"LINESTRING (120.4947048 36.16551, 120.4952322 36.1652409)",
1820236176,5331468599,0,"[170893648, 170893639]",False,,service,,False,146.744,"LINESTRING (120.4947048 36.16551, 120.4946431 36.165575, 120.494635 36.1656574, 120.494678 36.1657612, 120.4951017 36.1662267, 120.4955743 36.1659556)",
1820236192,5349321785,0,552274419,False,国槐大道,service,,True,42.977999999999994,"LINESTRING (120.4936158 36.1578918, 120.4938679 36.1577358, 120.4940247 36.157706)",
1820236192,1820263961,0,552274430,False,樱花大道,service,,True,155.503,"LINESTRING (120.4936158 36.1578918, 120.4928515 36.15755, 120.4920377 36.1573296)",
1820236192,5349322049,0,552274432,False,樱花大道,service,,False,173.66400000000002,"LINESTRING (120.4936158 36.1578918, 120.493015 36.1585328, 120.4928409 36.1589206, 120.4927967 36.1592642)",
1820263959,1820263990,0,170893626,False,,service,,False,81.089,"LINESTRING (120.4957133 36.1658759, 120.4964492 36.165453)",
1820263959,5331468604,0,170893646,False,,service,,False,44.086,"LINESTRING (120.4957133 36.1658759, 120.495457 36.1655377)",
1820263959,5331468599,0,170893648,False,,service,,True,15.305,"LINESTRING (120.4957133 36.1658759, 120.4955743 36.1659556)",
1820263961,1820300121,0,170903556,False,,service,,False,213.14499999999998,"LINESTRING (120.4920377 36.1573296, 120.4922604 36.1569125, 120.4926125 36.1565502, 120.4932247 36.1563016, 120.4937622 36.1561871)",
1820263961,1820236192,0,552274430,False,樱花大道,service,,False,155.503,"LINESTRING (120.4920377 36.1573296, 120.4928515 36.15755, 120.4936158 36.1578918)",
1820263961,1820263998,0,552274430,False,樱花大道,service,,True,238.043,"LINESTRING (120.4920377 36.1573296, 120.4915524 36.1573522, 120.4911699 36.1574329, 120.4896249 36.1581302)",
1820263965,5349322038,0,170893624,False,梧桐大道,service,,False,84.878,"LINESTRING (120.4917707 36.160404, 120.491476 36.1596787)",
1820263965,5349322258,0,170893624,False,梧桐大道,service,,True,17.565,"LINESTRING (120.4917707 36.160404, 120.4918097 36.1605588)",
1820263965,1820236136,0,170904568,False,,service,,False,113.476,"LINESTRING (120.4917707 36.160404, 120.4929965 36.160155)",
1820263967,5349322258,0,170893624,False,梧桐大道,service,,False,57.251,"LINESTRING (120.4919424 36.1610624, 120.4918097 36.1605588)",
1820263967,5336175310,0,170893624,False,梧桐大道,service,,True,32.945,"LINESTRING (120.4919424 36.1610624, 120.4920001 36.161355)",
1820263967,1820300110,0,"[835755336, 170903568, 835755335]",False,,service,,True,110.832,"LINESTRING (120.4919424 36.1610624, 120.4918121 36.1610643, 120.4916082 36.1610708, 120.4907099 36.1611177)",yes
1820263969,1820263982,0,170893634,False,梧桐大道,service,,True,31.101,"LINESTRING (120.4917035 36.1625013, 120.4918136 36.1622361)",
1820263969,5334612371,0,170897731,False,梧桐大道,service,,True,44.005,"LINESTRING (120.4917035 36.1625013, 120.4916575 36.1628953)",
1820263969,5334656494,0,552542997,False,,service,,False,179.817,"LINESTRING (120.4917035 36.1625013, 120.4918776 36.1625116, 120.4920556 36.1624898, 120.492229 36.1624723, 120.4924268 36.1624308, 120.4925677 36.1623783, 120.4927131 36.162293, 120.4936472 36.1623116)",
1820263982,1820263969,0,170893634,False,梧桐大道,service,,False,31.101,"LINESTRING (120.4918136 36.1622361, 120.4917035 36.1625013)",
1820263982,5349321935,0,170897729,False,,service,,True,38.082,"LINESTRING (120.4918136 36.1622361, 120.4914051 36.1621438)",
1820263982,5336175310,0,170893624,False,梧桐大道,service,,False,100.892,"LINESTRING (120.4918136 36.1622361, 120.4920389 36.1615518, 120.4920001 36.161355)",
1820263990,5331468617,0,170887397,False,樱花大道,service,,False,17.309,"LINESTRING (120.4964492 36.165453, 120.4963797 36.1653078)",
1820263990,1820263959,0,170893626,False,,service,,True,81.089,"LINESTRING (120.4964492 36.165453, 120.4957133 36.1658759)",
1820263990,1820236077,0,170887397,False,樱花大道,service,,True,48.775999999999996,"LINESTRING (120.4964492 36.165453, 120.4965429 36.1656929, 120.4965872 36.1657795, 120.4966368 36.1658639)",
1820263998,1820272633,0,170903555,False,樱花大道,service,,False,56.66,"LINESTRING (120.4896249 36.1581302, 120.489079 36.1583859)",
1820263998,1820263961,0,552274430,False,樱花大道,service,,False,238.04299999999998,"LINESTRING (120.4896249 36.1581302, 120.4911699 36.1574329, 120.4915524 36.1573522, 120.4920377 36.1573296)",
1820263998,1820302671,0,1064524704,False,梧桐大道,service,,True,173.74200000000002,"LINESTRING (120.4896249 36.1581302, 120.4904081 36.1588535, 120.4910348 36.1591792)",
1820264000,1820272589,0,1263665490,False,,service,,True,125.327,"LINESTRING (120.4910251 36.1645207, 120.4920173 36.1637278)",
1820264000,1820236022,0,1263665491,False,,service,,True,35.444,"LINESTRING (120.4910251 36.1645207, 120.4912944 36.1647538)",
1820264000,5334612372,0,170896701,False,海棠路,service,,False,96.03600000000002,"LINESTRING (120.4910251 36.1645207, 120.4909391 36.1644273, 120.4903833 36.1639125, 120.4903343 36.1638617)",
1820272589,5334656431,0,552274427,False,梧桐大道,service,,True,45.037,"LINESTRING (120.4920173 36.1637278, 120.4917785 36.1633716)",
1820272589,1820264000,0,1263665490,False,,service,,False,125.327,"LINESTRING (120.4920173 36.1637278, 120.4910251 36.1645207)",
1820272589,1820236106,0,552274427,False,梧桐大道,service,,False,38.659,"LINESTRING (120.4920173 36.1637278, 120.4921286 36.1638138, 120.4923284 36.1639682)",
1820272594,5349321776,0,170896701,False,海棠路,service,,False,65.697,"LINESTRING (120.4896516 36.1631539, 120.4892358 36.1626677)",
1820272594,5334612372,0,170896701,False,海棠路,service,,True,99.752,"LINESTRING (120.4896516 36.1631539, 120.4903343 36.1638617)",
1820272594,1820303809,0,170905102,False,,service,,False,97.66399999999999,"LINESTRING (120.4896516 36.1631539, 120.4899899 36.1628218, 120.4903013 36.1624506)",
1820272598,5349321778,0,170897729,False,,service,,False,60.732,"LINESTRING (120.4892075 36.1616143, 120.4898536 36.1617762)",
1820272598,1820272636,0,170896701,False,海棠路,service,,False,102.15899999999999,"LINESTRING (120.4892075 36.1616143, 120.4892976 36.1611661, 120.4891796 36.1607113)",
1820272598,5349321776,0,170896701,False,海棠路,service,,True,135.362,"LINESTRING (120.4892075 36.1616143, 120.4888534 36.1621211, 120.4889017 36.162277, 120.4892358 36.1626677)",
1820272618,8991780364,0,971522067,False,樱花大道,service,,False,14.494,"LINESTRING (120.488685 36.1585304, 120.488832 36.1584765)",
1820272618,1820272626,0,"[204767578, 971522067]",False,樱花大道,service,,True,126.458,"LINESTRING (120.488685 36.1585304, 120.4885419 36.1586562, 120.488478 36.1587804, 120.4884527 36.1589096, 120.4884678 36.1590677, 120.4885475 36.159227, 120.4886684 36.1593537, 120.4887667 36.1594275, 120.4888776 36.1594773)",
1820272626,1820300102,0,170896701,False,海棠路,service,,True,65.229,"LINESTRING (120.4888776 36.1594773, 120.4885504 36.1597715, 120.4885212 36.1598555, 120.4885628 36.1599539)",
1820272626,1820272618,0,"[204767578, 971522067]",False,樱花大道,service,,False,126.458,"LINESTRING (120.4888776 36.1594773, 120.4887667 36.1594275, 120.4886684 36.1593537, 120.4885475 36.159227, 120.4884678 36.1590677, 120.4884527 36.1589096, 120.488478 36.1587804, 120.4885419 36.1586562, 120.488685 36.1585304)",
1820272626,1820272640,0,204767578,False,樱花大道,service,,True,22.589,"LINESTRING (120.4888776 36.1594773, 120.4889835 36.1594954, 120.4891263 36.1595057)",
1820272633,1820263998,0,170903555,False,樱花大道,service,,True,56.66,"LINESTRING (120.489079 36.1583859, 120.4896249 36.1581302)",
1820272633,8991780363,0,971522067,False,樱花大道,service,,False,9.02,"LINESTRING (120.489079 36.1583859, 120.4891615 36.1584322)",
1820272633,8991780364,0,971522067,False,樱花大道,service,,True,24.356,"LINESTRING (120.489079 36.1583859, 120.488832 36.1584765)",
1820272636,1820302674,0,170896701,False,海棠路,service,,False,15.85,"LINESTRING (120.4891796 36.1607113, 120.4890826 36.1605922)",
1820272636,5349321782,0,170903564,False,,service,,True,59.886,"LINESTRING (120.4891796 36.1607113, 120.4897964 36.1605062)",
1820272636,1820272598,0,170896701,False,海棠路,service,,True,102.15899999999999,"LINESTRING (120.4891796 36.1607113, 120.4892976 36.1611661, 120.4892075 36.1616143)",
1820272640,1820272626,0,204767578,False,樱花大道,service,,False,22.589,"LINESTRING (120.4891263 36.1595057, 120.4889835 36.1594954, 120.4888776 36.1594773)",
1820272640,5349321996,0,204767578,False,樱花大道,service,,True,56.04599999999999,"LINESTRING (120.4891263 36.1595057, 120.4893313 36.1594696, 120.4895171 36.1593717, 120.4896105 36.1592675, 120.4896242 36.159243)",
1820272640,5349321996,1,554286851,False,,footway,,False,75.76,"LINESTRING (120.4891263 36.1595057, 120.4891941 36.1595503, 120.4892504 36.1595718, 120.4893328 36.1595859, 120.4894354 36.1595688, 120.489536 36.1595292, 120.4895898 36.1594906, 120.4896275 36.1594291, 120.4896478 36.1593659, 120.4896468 36.1593068, 120.4896242 36.159243)",
1820277676,5349321935,0,170897729,False,,service,,False,79.949,"LINESTRING (120.4905475 36.16195, 120.4914051 36.1621438)",
1820277676,5349321778,0,170897729,False,,service,,True,65.223,"LINESTRING (120.4905475 36.16195, 120.4898536 36.1617762)",
1820277676,1820303809,0,170905102,False,,service,,True,59.892,"LINESTRING (120.4905475 36.16195, 120.4903013 36.1624506)",
1820277676,5349321934,0,170903568,False,,service,,False,61.54099999999999,"LINESTRING (120.4905475 36.16195, 120.4906561 36.1616395, 120.4906966 36.1614381, 120.490699 36.1614114)",
1820300102,1820302674,0,170896701,False,海棠路,service,,True,84.942,"LINESTRING (120.4885628 36.1599539, 120.4890826 36.1605922)",
1820300102,1820272626,0,170896701,False,海棠路,service,,False,65.229,"LINESTRING (120.4885628 36.1599539, 120.4885212 36.1598555, 120.4885504 36.1597715, 120.4888776 36.1594773)",
1820300102,1820300113,0,170903553,False,,service,,False,140.29500000000002,"LINESTRING (120.4885628 36.1599539, 120.4889435 36.1599642, 120.4891929 36.1599513, 120.4894488 36.1598928, 120.4896419 36.1598159, 120.4897841 36.1597433, 120.4899198 36.159661, 120.4899896 36.1595896)",
1820300109,1820300121,0,170903556,False,,service,,True,314.562,"LINESTRING (120.4950887 36.1579336, 120.4950793 36.1561683, 120.4937622 36.1561871)",
1820300109,5349321785,0,552274419,False,国槐大道,service,,False,105.72299999999998,"LINESTRING (120.4950887 36.1579336, 120.4949167 36.1577813, 120.4943239 36.1576492, 120.4940247 36.157706)",
1820300109,1820236096,0,"[204767587, 1261355881, 552274419]",False,国槐大道,service,,True,703.712,"LINESTRING (120.4950887 36.1579336, 120.4952519 36.158078, 120.4963034 36.1594488, 120.4965773 36.1596121, 120.4969434 36.1596783, 120.4973175 36.1596569, 120.4978391 36.1594779, 120.4980888 36.1594287, 120.4982346 36.1594531, 120.498421 36.1595709, 120.4985202 36.1596727, 120.4985779 36.1598318, 120.4985792 36.1600078, 120.4984764 36.160228, 120.4984757 36.1603694, 120.4986771 36.1609127, 120.4986396 36.1614021, 120.498138 36.1620431)",
1820300110,5349321922,0,554286843,False,,footway,,True,19.517,"LINESTRING (120.4907099 36.1611177, 120.4904929 36.1611284)",
1820300110,1820300115,0,170903564,False,,service,,False,100.1,"LINESTRING (120.4907099 36.1611177, 120.4906914 36.1609413, 120.4906607 36.1607373, 120.4906015 36.1605603, 120.4904989 36.1603655, 120.4903581 36.1603194)",
1820300110,1820263967,0,"[170903568, 835755336, 835755335]",False,,service,,False,110.83200000000001,"LINESTRING (120.4907099 36.1611177, 120.4916082 36.1610708, 120.4918121 36.1610643, 120.4919424 36.1610624)",yes
1820300110,5349321934,0,170903568,False,,service,,True,32.689,"LINESTRING (120.4907099 36.1611177, 120.4907084 36.1613084, 120.490699 36.1614114)",
1820300113,1820300102,0,170903553,False,,service,,True,140.295,"LINESTRING (120.4899896 36.1595896, 120.4899198 36.159661, 120.4897841 36.1597433, 120.4896419 36.1598159, 120.4894488 36.1598928, 120.4891929 36.1599513, 120.4889435 36.1599642, 120.4885628 36.1599539)",
1820300115,5349321782,0,170903564,False,,service,,False,54.537,"LINESTRING (120.4903581 36.1603194, 120.4897964 36.1605062)",
1820300115,1820302676,0,170904319,False,,service,,True,17.558,"LINESTRING (120.4903581 36.1603194, 120.4903034 36.1601678)",
1820300115,1820300110,0,170903564,False,,service,,True,100.1,"LINESTRING (120.4903581 36.1603194, 120.4904989 36.1603655, 120.4906015 36.1605603, 120.4906607 36.1607373, 120.4906914 36.1609413, 120.4907099 36.1611177)",
1820300121,1820300109,0,170903556,False,,service,,False,314.562,"LINESTRING (120.4937622 36.1561871, 120.4950793 36.1561683, 120.4950887 36.1579336)",
1820300121,1820263961,0,170903556,False,,service,,True,213.145,"LINESTRING (120.4937622 36.1561871, 120.4932247 36.1563016, 120.4926125 36.1565502, 120.4922604 36.1569125, 120.4920377 36.1573296)",
1820300121,5349321785,0,554286830,False,,service,,True,175.817,"LINESTRING (120.4937622 36.1561871, 120.4937136 36.1563868, 120.4936711 36.1566497, 120.493664 36.1568612, 120.4937419 36.1572098, 120.4938693 36.1574613, 120.4940247 36.157706)",
1820302671,1820302676,0,170904320,False,,service,,True,148.39600000000002,"LINESTRING (120.4910348 36.1591792, 120.4908425 36.1593968, 120.4908533 36.1595333, 120.4908372 36.1595982, 120.4903115 36.159817, 120.4902444 36.1598819, 120.4902176 36.1600097, 120.4903034 36.1601678)",
1820302671,1820263998,0,1064524704,False,梧桐大道,service,,False,173.74200000000002,"LINESTRING (120.4910348 36.1591792, 120.4904081 36.1588535, 120.4896249 36.1581302)",
1820302671,5349322038,0,"[1064524704, 1064524705, 170893624]",False,梧桐大道,service,,True,68.804,"LINESTRING (120.4910348 36.1591792, 120.4913108 36.1594573, 120.4914381 36.1595855, 120.4914571 36.1596321, 120.491476 36.1596787)",yes
1820302674,1820300102,0,170896701,False,海棠路,service,,False,84.942,"LINESTRING (120.4890826 36.1605922, 120.4885628 36.1599539)",
1820302674,1820272636,0,170896701,False,海棠路,service,,True,15.85,"LINESTRING (120.4890826 36.1605922, 120.4891796 36.1607113)",
1820302674,1820302676,0,170904319,False,,service,,False,119.326,"LINESTRING (120.4890826 36.1605922, 120.4903034 36.1601678)",
1820302676,1820300115,0,170904319,False,,service,,False,17.558,"LINESTRING (120.4903034 36.1601678, 120.4903581 36.1603194)",
1820302676,1820302674,0,170904319,False,,service,,True,119.326,"LINESTRING (120.4903034 36.1601678, 120.4890826 36.1605922)",
1820302676,1820302671,0,170904320,False,,service,,False,148.39600000000002,"LINESTRING (120.4903034 36.1601678, 120.4902176 36.1600097, 120.4902444 36.1598819, 120.4903115 36.159817, 120.4908372 36.1595982, 120.4908533 36.1595333, 120.4908425 36.1593968, 120.4910348 36.1591792)",
1820303809,1820277676,0,170905102,False,,service,,False,59.892,"LINESTRING (120.4903013 36.1624506, 120.4905475 36.16195)",
1820303809,5334612369,0,552537877,False,,service,,False,51.926,"LINESTRING (120.4903013 36.1624506, 120.4907053 36.1627848)",
1820303809,1820272594,0,170905102,False,,service,,True,97.66399999999999,"LINESTRING (120.4903013 36.1624506, 120.4899899 36.1628218, 120.4896516 36.1631539)",
5331468599,1820263959,0,170893648,False,,service,,False,15.305,"LINESTRING (120.4955743 36.1659556, 120.4957133 36.1658759)",
5331468599,5331468601,0,552166029,False,,service,,False,42.974,"LINESTRING (120.4955743 36.1659556, 120.495852 36.1662704)",
5331468599,1820236176,0,"[170893648, 170893639]",False,,service,,True,146.744,"LINESTRING (120.4955743 36.1659556, 120.4951017 36.1662267, 120.494678 36.1657612, 120.494635 36.1656574, 120.4946431 36.165575, 120.4947048 36.16551)",
5331468600,5331468601,0,552166029,False,,service,,True,27.504,"LINESTRING (120.4960267 36.1664736, 120.495852 36.1662704)",
5331468601,5331468600,0,552166029,False,,service,,False,27.504,"LINESTRING (120.495852 36.1662704, 120.4960267 36.1664736)",
5331468601,5331468599,0,552166029,False,,service,,True,42.974,"LINESTRING (120.495852 36.1662704, 120.4955743 36.1659556)",
5331468601,5331468602,0,552166030,False,,service,,False,51.734,"LINESTRING (120.495852 36.1662704, 120.4953698 36.1665252)",
5331468601,5331468603,0,552166031,False,,service,,False,51.977,"LINESTRING (120.495852 36.1662704, 120.496327 36.1660031)",
5331468602,5331468601,0,552166030,False,,service,,True,51.734,"LINESTRING (120.4953698 36.1665252, 120.495852 36.1662704)",
5331468603,5331468601,0,552166031,False,,service,,True,51.977,"LINESTRING (120.496327 36.1660031, 120.495852 36.1662704)",
5331468604,1820236052,0,170893646,False,,service,,False,38.684,"LINESTRING (120.495457 36.1655377, 120.4952322 36.1652409)",
5331468604,1820263959,0,170893646,False,,service,,True,44.086,"LINESTRING (120.495457 36.1655377, 120.4957133 36.1658759)",
5331468604,5331468605,0,552166033,False,,service,,False,45.228,"LINESTRING (120.495457 36.1655377, 120.4950442 36.1657709)",
5331468604,5331468606,0,552166034,False,,service,,False,50.949,"LINESTRING (120.495457 36.1655377, 120.4959297 36.1652841)",
5331468605,5331468604,0,552166033,False,,service,,True,45.228,"LINESTRING (120.4950442 36.1657709, 120.495457 36.1655377)",
5331468606,5331468604,0,552166034,False,,service,,True,50.949,"LINESTRING (120.4959297 36.1652841, 120.495457 36.1655377)",
5331468607,5331468618,0,372541382,False,,service,,False,30.334,"LINESTRING (120.497399 36.1652574, 120.4973661 36.1649859)",
5331468607,1820236040,0,372541382,False,,service,,True,38.378,"LINESTRING (120.497399 36.1652574, 120.4974406 36.1656009)",
5331468607,5331468608,0,552166035,False,,service,,False,55.731,"LINESTRING (120.497399 36.1652574, 120.4968272 36.1654526)",
5331468607,5331468614,0,552166038,False,,service,,False,54.335,"LINESTRING (120.497399 36.1652574, 120.4980027 36.1652222)",
5331468608,5331468607,0,552166035,False,,service,,True,55.731,"LINESTRING (120.4968272 36.1654526, 120.497399 36.1652574)",
5331468609,1820236114,0,372541382,False,,service,,False,32.632,"LINESTRING (120.4973253 36.1646488, 120.497299 36.1643561)",
5331468609,5331468618,0,372541382,False,,service,,True,37.662,"LINESTRING (120.4973253 36.1646488, 120.4973661 36.1649859)",
5331468609,5331468610,0,552166036,False,,service,,False,52.4,"LINESTRING (120.4973253 36.1646488, 120.4967791 36.164815)",
5331468609,5331468613,0,552166037,False,,service,,False,53.878,"LINESTRING (120.4973253 36.1646488, 120.4979233 36.1646076)",
5331468610,5331468609,0,552166036,False,,service,,True,52.4,"LINESTRING (120.4967791 36.164815, 120.4973253 36.1646488)",
5331468613,5331468609,0,552166037,False,,service,,True,53.878,"LINESTRING (120.4979233 36.1646076, 120.4973253 36.1646488)",
5331468614,5331468607,0,552166038,False,,service,,True,54.335,"LINESTRING (120.4980027 36.1652222, 120.497399 36.1652574)",
5331468617,1820236043,0,170887397,False,樱花大道,service,,False,65.208,"LINESTRING (120.4963797 36.1653078, 120.4960839 36.1647722)",
5331468617,1820263990,0,170887397,False,樱花大道,service,,True,17.309,"LINESTRING (120.4963797 36.1653078, 120.4964492 36.165453)",
5331468617,5331468618,0,552166039,False,,service,,False,95.51,"LINESTRING (120.4963797 36.1653078, 120.4973661 36.1649859)",
5331468618,5331468609,0,372541382,False,,service,,False,37.662,"LINESTRING (120.4973661 36.1649859, 120.4973253 36.1646488)",
5331468618,5331468607,0,372541382,False,,service,,True,30.334,"LINESTRING (120.4973661 36.1649859, 120.497399 36.1652574)",
5331468618,5331468617,0,552166039,False,,service,,True,95.51,"LINESTRING (120.4973661 36.1649859, 120.4963797 36.1653078)",
5334612369,1820303809,0,552537877,False,,service,,True,51.926,"LINESTRING (120.4907053 36.1627848, 120.4903013 36.1624506)",
5334612369,5334612371,0,552537877,False,,service,,False,121.094,"LINESTRING (120.4907053 36.1627848, 120.4907628 36.1627448, 120.4911686 36.1624557, 120.4915382 36.1627864, 120.4916575 36.1628953)",
5334612369,5334612372,0,552537878,False,,service,,True,167.405,"LINESTRING (120.4907053 36.1627848, 120.4911702 36.1632133, 120.4903343 36.1638617)",
5334612371,1820263969,0,170897731,False,梧桐大道,service,,False,44.005,"LINESTRING (120.4916575 36.1628953, 120.4917035 36.1625013)",
5334612371,5334656479,0,170897731,False,梧桐大道,service,,True,12.161,"LINESTRING (120.4916575 36.1628953, 120.4916755 36.1630037)",
5334612371,5334612369,0,552537877,False,,service,,True,121.094,"LINESTRING (120.4916575 36.1628953, 120.4915382 36.1627864, 120.4911686 36.1624557, 120.4907628 36.1627448, 120.4907053 36.1627848)",
5334612372,1820272594,0,170896701,False,海棠路,service,,False,99.752,"LINESTRING (120.4903343 36.1638617, 120.4896516 36.1631539)",
5334612372,1820264000,0,170896701,False,海棠路,service,,True,96.03600000000002,"LINESTRING (120.4903343 36.1638617, 120.4903833 36.1639125, 120.4909391 36.1644273, 120.4910251 36.1645207)",
5334612372,5334612369,0,552537878,False,,service,,False,167.405,"LINESTRING (120.4903343 36.1638617, 120.4911702 36.1632133, 120.4907053 36.1627848)",
5334656431,1820272589,0,552274427,False,梧桐大道,service,,False,45.037,"LINESTRING (120.4917785 36.1633716, 120.4920173 36.1637278)",
5334656431,5334656432,0,552542991,False,,service,,False,59.987,"LINESTRING (120.4917785 36.1633716, 120.4924467 36.1633753)",
5334656431,5334656479,0,"[170897731, 552274427]",False,梧桐大道,service,,"[False, True]",42.103,"LINESTRING (120.4917785 36.1633716, 120.4917062 36.1631886, 120.4916755 36.1630037)",
5334656432,5334656433,0,552542991,False,,service,,False,14.444,"LINESTRING (120.4924467 36.1633753, 120.4924467 36.1632454)",
5334656432,5334656431,0,552542991,False,,service,,True,59.987,"LINESTRING (120.4924467 36.1633753, 120.4917785 36.1633716)",
5334656432,1820236009,0,"[552542992, 552732589]",False,,service,,"[False, True]",102.382,"LINESTRING (120.4924467 36.1633753, 120.4927966 36.1636717, 120.4927792 36.1641828)",
5334656433,5334656432,0,552542991,False,,service,,True,14.444,"LINESTRING (120.4924467 36.1632454, 120.4924467 36.1633753)",
5334656435,5349321219,0,552542993,False,,footway,,False,16.537,"LINESTRING (120.4928376 36.163357, 120.4929755 36.1632584)",
5334656435,5349321218,0,554286824,False,,footway,,False,27.891,"LINESTRING (120.4928376 36.163357, 120.4930532 36.1635376)",
5334656435,5349321217,0,554286824,False,,footway,,True,27.722,"LINESTRING (120.4928376 36.163357, 120.4926233 36.1631775)",
5334656436,5349321219,0,552542993,False,,footway,,True,11.474,"LINESTRING (120.4930712 36.16319, 120.4929755 36.1632584)",
5334656436,5334656442,0,552542993,False,,footway,,False,32.365,"LINESTRING (120.4930712 36.16319, 120.4931312 36.1632245, 120.4932098 36.1632331, 120.493267 36.1632187, 120.4933122 36.1631935, 120.4933508 36.1631569, 120.4933669 36.1631335)",
5334656436,5349321735,0,552542994,False,,footway,,False,17.059,"LINESTRING (120.4930712 36.16319, 120.4930476 36.1631478, 120.4930358 36.1631078, 120.4930354 36.1630667, 120.4930505 36.163045)",
5334656442,5334656444,0,552542993,False,,footway,,False,19.183,"LINESTRING (120.4933669 36.1631335, 120.4935102 36.1631567, 120.4935709 36.1631328)",
5334656442,5334656436,0,552542993,False,,footway,,True,32.365,"LINESTRING (120.4933669 36.1631335, 120.4933508 36.1631569, 120.4933122 36.1631935, 120.493267 36.1632187, 120.4932098 36.1632331, 120.4931312 36.1632245, 120.4930712 36.16319)",
5334656442,5334656461,0,552542994,False,,footway,,True,24.616,"LINESTRING (120.4933669 36.1631335, 120.4933752 36.1630882, 120.4933706 36.1630552, 120.4933464 36.163014, 120.4933047 36.1629835, 120.4932466 36.1629626)",
5334656444,5334656445,0,552542993,False,,footway,,False,21.031,"LINESTRING (120.4935709 36.1631328, 120.4938043 36.1631165)",
5334656444,5334656442,0,552542993,False,,footway,,True,19.183,"LINESTRING (120.4935709 36.1631328, 120.4935102 36.1631567, 120.4933669 36.1631335)",
5334656444,5334656478,0,552542995,False,,footway,,False,31.747999999999998,"LINESTRING (120.4935709 36.1631328, 120.4936005 36.1631633, 120.4936099 36.1632236, 120.4936099 36.1634096)",
5334656444,5334656467,0,552542995,False,,footway,,True,64.273,"LINESTRING (120.4935709 36.1631328, 120.4935756 36.163093, 120.4936254 36.1630453, 120.4936565 36.1629799, 120.4936721 36.1629221, 120.4936534 36.1628769, 120.4935881 36.1628443, 120.4935196 36.1628292, 120.4934262 36.1628292, 120.4933049 36.1628644)",
5334656445,5334656446,0,552542993,False,,footway,,False,10.477,"LINESTRING (120.4938043 36.1631165, 120.493921 36.1631152)",
5334656445,5334656444,0,552542993,False,,footway,,True,21.031,"LINESTRING (120.4938043 36.1631165, 120.4935709 36.1631328)",
5334656445,5334656503,0,552543002,False,,footway,,True,49.678000000000004,"LINESTRING (120.4938043 36.1631165, 120.4938224 36.1630342, 120.4938224 36.1629795, 120.4937898 36.1629182, 120.4937844 36.1628679, 120.49376 36.1627892, 120.49376 36.162728, 120.4937329 36.1626842)",
5334656446,5334656447,0,552542993,False,,footway,,False,25.68,"LINESTRING (120.493921 36.1631152, 120.4941886 36.1630336)",
5334656446,5334656445,0,552542993,False,,footway,,True,10.477,"LINESTRING (120.493921 36.1631152, 120.4938043 36.1631165)",
5334656446,5334656520,0,552543001,False,,footway,,False,12.054,"LINESTRING (120.493921 36.1631152, 120.4939218 36.1632102, 120.4939219 36.1632236)",
5334656447,5334656446,0,552542993,False,,footway,,True,25.68,"LINESTRING (120.4941886 36.1630336, 120.493921 36.1631152)",
5334656447,5334656453,0,552542993,False,,footway,,False,37.047,"LINESTRING (120.4941886 36.1630336, 120.494254 36.163011, 120.4943131 36.1630009, 120.4943583 36.1630097, 120.4943956 36.1630311, 120.4944438 36.1630725, 120.4945235 36.1631433)",
5334656447,5334656519,0,552543000,False,,footway,,False,19.008,"LINESTRING (120.4941886 36.1630336, 120.4941889 36.1631923, 120.4941901 36.1632045)",
5334656447,5334656512,0,552543000,False,,footway,,True,52.626999999999995,"LINESTRING (120.4941886 36.1630336, 120.4941583 36.1629532, 120.4941231 36.1629095, 120.4940716 36.1628614, 120.4940472 36.1628089, 120.4940174 36.1627301, 120.4939741 36.1626711, 120.4939145 36.1626252)",
5334656453,5334656454,0,552542993,False,,footway,,False,13.718,"LINESTRING (120.4945235 36.1631433, 120.4946316 36.1630561)",
5334656453,5334656547,0,554286822,False,,service,,True,32.325,"LINESTRING (120.4945235 36.1631433, 120.4945399 36.1634337)",
5334656453,5334656447,0,552542993,False,,footway,,True,37.047000000000004,"LINESTRING (120.4945235 36.1631433, 120.4944438 36.1630725, 120.4943956 36.1630311, 120.4943583 36.1630097, 120.4943131 36.1630009, 120.494254 36.163011, 120.4941886 36.1630336)",
5334656454,5334656453,0,552542993,False,,footway,,True,13.718,"LINESTRING (120.4946316 36.1630561, 120.4945235 36.1631433)",
5334656461,5334656442,0,552542994,False,,footway,,False,24.616,"LINESTRING (120.4932466 36.1629626, 120.4933047 36.1629835, 120.4933464 36.163014, 120.4933706 36.1630552, 120.4933752 36.1630882, 120.4933669 36.1631335)",
5334656461,5349321735,0,552542994,False,,footway,,True,21.464000000000002,"LINESTRING (120.4932466 36.1629626, 120.4931742 36.1629626, 120.4931139 36.1629811, 120.4930782 36.163009, 120.4930505 36.163045)",
5334656461,5334656467,0,552542995,False,,footway,,False,12.196,"LINESTRING (120.4932466 36.1629626, 120.4932706 36.1629071, 120.4933049 36.1628644)",
5334656467,5334656444,0,552542995,False,,footway,,False,64.273,"LINESTRING (120.4933049 36.1628644, 120.4934262 36.1628292, 120.4935196 36.1628292, 120.4935881 36.1628443, 120.4936534 36.1628769, 120.4936721 36.1629221, 120.4936565 36.1629799, 120.4936254 36.1630453, 120.4935756 36.163093, 120.4935709 36.1631328)",
5334656467,5334656461,0,552542995,False,,footway,,True,12.196,"LINESTRING (120.4933049 36.1628644, 120.4932706 36.1629071, 120.4932466 36.1629626)",
5334656467,5334656489,0,552542998,False,,footway,,True,27.49,"LINESTRING (120.4933049 36.1628644, 120.4934045 36.1627398, 120.4934929 36.1626713)",
5334656478,5334656444,0,552542995,False,,footway,,True,31.747999999999998,"LINESTRING (120.4936099 36.1634096, 120.4936099 36.1632236, 120.4936005 36.1631633, 120.4935709 36.1631328)",
5334656479,5334612371,0,170897731,False,梧桐大道,service,,False,12.161,"LINESTRING (120.4916755 36.1630037, 120.4916575 36.1628953)",
5334656479,5334656431,0,"[170897731, 552274427]",False,梧桐大道,service,,"[False, True]",42.103,"LINESTRING (120.4916755 36.1630037, 120.4917062 36.1631886, 120.4917785 36.1633716)",
5334656479,5349321732,0,552542996,False,,service,,False,106.81,"LINESTRING (120.4916755 36.1630037, 120.4918235 36.1630025, 120.4920538 36.1630025, 120.4922436 36.1629649, 120.4924397 36.1628895, 120.4925362 36.1628493, 120.4926078 36.1627915, 120.4927968 36.1627905)",
5334656489,5334656492,0,552542996,False,,service,,False,10.443999999999999,"LINESTRING (120.4934929 36.1626713, 120.493552 36.1626523, 120.4935787 36.1626156)",
5334656489,5349321732,0,552542996,False,,service,,True,66.887,"LINESTRING (120.4934929 36.1626713, 120.4929673 36.1626836, 120.4929128 36.1627225, 120.4928121 36.1627904, 120.4927968 36.1627905)",
5334656489,5334656467,0,552542998,False,,footway,,False,27.49,"LINESTRING (120.4934929 36.1626713, 120.4934045 36.1627398, 120.4933049 36.1628644)",
5334656492,5334656503,0,552542999,False,,footway,,False,15.806,"LINESTRING (120.4935787 36.1626156, 120.4937329 36.1626842)",
5334656492,5334656511,0,552542996,False,,service,,False,23.581,"LINESTRING (120.4935787 36.1626156, 120.4936192 36.1624623, 120.4936294 36.1624076)",
5334656492,5334656489,0,552542996,False,,service,,True,10.443999999999999,"LINESTRING (120.4935787 36.1626156, 120.493552 36.1626523, 120.4934929 36.1626713)",
5334656494,5334656511,0,552542996,False,,service,,True,10.794,"LINESTRING (120.4936472 36.1623116, 120.4936294 36.1624076)",
5334656494,5334656496,0,552542996,False,,service,,False,47.357,"LINESTRING (120.4936472 36.1623116, 120.4936628 36.1622312, 120.4936396 36.1618872)",
5334656494,1820263969,0,552542997,False,,service,,True,179.81699999999998,"LINESTRING (120.4936472 36.1623116, 120.4927131 36.162293, 120.4925677 36.1623783, 120.4924268 36.1624308, 120.492229 36.1624723, 120.4920556 36.1624898, 120.4918776 36.1625116, 120.4917035 36.1625013)",
5334656496,5334656497,0,552542996,False,,service,,False,9.401,"LINESTRING (120.4936396 36.1618872, 120.4936891 36.1618127)",
5334656496,5334656494,0,552542996,False,,service,,True,47.357,"LINESTRING (120.4936396 36.1618872, 120.4936628 36.1622312, 120.4936472 36.1623116)",
5334656496,5336175297,0,552732594,False,,service,,False,78.929,"LINESTRING (120.4936396 36.1618872, 120.4935832 36.1618828, 120.4935269 36.1618763, 120.4934866 36.161885, 120.4934169 36.161911, 120.4933713 36.1619468, 120.493315 36.1619781, 120.4932104 36.1620012, 120.4932104 36.161898, 120.4932094 36.1616728)",
5334656497,1820236037,0,552274432,False,樱花大道,service,,False,88.063,"LINESTRING (120.4936891 36.1618127, 120.4942247 36.1624762)",
5334656497,5336175302,0,552274432,False,樱花大道,service,,True,13.607,"LINESTRING (120.4936891 36.1618127, 120.4936063 36.1617102)",
5334656497,5334656496,0,552542996,False,,service,,True,9.401,"LINESTRING (120.4936891 36.1618127, 120.4936396 36.1618872)",
5334656503,5334656492,0,552542999,False,,footway,,True,15.806,"LINESTRING (120.4937329 36.1626842, 120.4935787 36.1626156)",
5334656503,5334656506,0,552542999,False,,footway,,False,13.571,"LINESTRING (120.4937329 36.1626842, 120.4937628 36.1626383, 120.493798 36.1626383, 120.4938332 36.1626077)",
5334656503,5334656445,0,552543002,False,,footway,,False,49.678,"LINESTRING (120.4937329 36.1626842, 120.49376 36.162728, 120.49376 36.1627892, 120.4937844 36.1628679, 120.4937898 36.1629182, 120.4938224 36.1629795, 120.4938224 36.1630342, 120.4938043 36.1631165)",
5334656506,5334656512,0,552543000,False,,footway,,False,7.553,"LINESTRING (120.4938332 36.1626077, 120.4939145 36.1626252)",
5334656506,5334656511,0,552542999,False,,footway,,False,29.985,"LINESTRING (120.4938332 36.1626077, 120.493798 36.1625705, 120.49376 36.1625289, 120.4937411 36.162472, 120.4936842 36.1624283, 120.4936294 36.1624076)",
5334656506,5334656503,0,552542999,False,,footway,,True,13.571000000000002,"LINESTRING (120.4938332 36.1626077, 120.493798 36.1626383, 120.4937628 36.1626383, 120.4937329 36.1626842)",
5334656511,5334656494,0,552542996,False,,service,,False,10.794,"LINESTRING (120.4936294 36.1624076, 120.4936472 36.1623116)",
5334656511,5334656492,0,552542996,False,,service,,True,23.581,"LINESTRING (120.4936294 36.1624076, 120.4936192 36.1624623, 120.4935787 36.1626156)",
5334656511,5334656506,0,552542999,False,,footway,,True,29.985,"LINESTRING (120.4936294 36.1624076, 120.4936842 36.1624283, 120.4937411 36.162472, 120.49376 36.1625289, 120.493798 36.1625705, 120.4938332 36.1626077)",
5334656512,5334656506,0,552543000,False,,footway,,True,7.553,"LINESTRING (120.4939145 36.1626252, 120.4938332 36.1626077)",
5334656512,5334656447,0,552543000,False,,footway,,False,52.626999999999995,"LINESTRING (120.4939145 36.1626252, 120.4939741 36.1626711, 120.4940174 36.1627301, 120.4940472 36.1628089, 120.4940716 36.1628614, 120.4941231 36.1629095, 120.4941583 36.1629532, 120.4941886 36.1630336)",
5334656512,1820236037,0,552543003,False,,footway,,False,34.443,"LINESTRING (120.4939145 36.1626252, 120.4939659 36.1626055, 120.4940012 36.1625727, 120.4940255 36.1625398, 120.4940689 36.1624983, 120.494116 36.1624926, 120.4941718 36.1624852, 120.4942247 36.1624762)",
5334656519,5334656447,0,552543000,False,,footway,,True,19.008,"LINESTRING (120.4941901 36.1632045, 120.4941889 36.1631923, 120.4941886 36.1630336)",
5334656520,5334656446,0,552543001,False,,footway,,True,12.054,"LINESTRING (120.4939219 36.1632236, 120.4939218 36.1632102, 120.493921 36.1631152)",
5334656533,1820236009,0,552274424,False,梧桐大道,service,t,True,49.132,"LINESTRING (120.493303 36.1643109, 120.4927792 36.1641828)",
5334656533,1820236034,0,552274424,False,梧桐大道,service,t,False,33.489000000000004,"LINESTRING (120.493303 36.1643109, 120.4934766 36.1643257, 120.4936748 36.1643342)",
5334656533,5334656547,0,"[552543004, 554286822]",False,,service,,False,196.94099999999997,"LINESTRING (120.493303 36.1643109, 120.4932963 36.1642228, 120.4932901 36.1640371, 120.4932858 36.1638197, 120.4932993 36.163783, 120.4933448 36.1637572, 120.4933934 36.1637451, 120.4937962 36.1637386, 120.4939455 36.1637373, 120.4942201 36.1637349, 120.4942899 36.1637324, 120.4943757 36.1637324, 120.49444 36.1637093, 120.494508 36.1636602, 120.4945473 36.163565, 120.4945399 36.1634337)",
5334656543,1820236101,0,552274424,False,梧桐大道,service,t,False,55.687,"LINESTRING (120.4950249 36.1637407, 120.4955228 36.163442)",
5334656543,1820236034,0,552274424,False,梧桐大道,service,t,True,139.939,"LINESTRING (120.4950249 36.1637407, 120.4944769 36.1640862, 120.4943456 36.1641482, 120.4940259 36.1642605, 120.4936748 36.1643342)",
5334656543,5334656547,0,552543005,False,,service,,False,59.354,"LINESTRING (120.4950249 36.1637407, 120.4948879 36.1635713, 120.4947633 36.1634773, 120.4946739 36.1634313, 120.4945399 36.1634337)",
5334656547,5334656453,0,554286822,False,,service,,False,32.325,"LINESTRING (120.4945399 36.1634337, 120.4945235 36.1631433)",
5334656547,5334656543,0,552543005,False,,service,,True,59.354,"LINESTRING (120.4945399 36.1634337, 120.4946739 36.1634313, 120.4947633 36.1634773, 120.4948879 36.1635713, 120.4950249 36.1637407)",
5334656547,5334656533,0,"[552543004, 554286822]",False,,service,,True,196.941,"LINESTRING (120.4945399 36.1634337, 120.4945473 36.163565, 120.494508 36.1636602, 120.49444 36.1637093, 120.4943757 36.1637324, 120.4942899 36.1637324, 120.4942201 36.1637349, 120.4939455 36.1637373, 120.4937962 36.1637386, 120.4933934 36.1637451, 120.4933448 36.1637572, 120.4932993 36.163783, 120.4932858 36.1638197, 120.4932901 36.1640371, 120.4932963 36.1642228, 120.493303 36.1643109)",
5336175297,5336175302,0,552732594,False,,service,,False,38.393,"LINESTRING (120.4932094 36.1616728, 120.4932855 36.1617117, 120.493374 36.1617377, 120.4934544 36.1617486, 120.4935537 36.1617356, 120.4936063 36.1617102)",
5336175297,5334656496,0,552732594,False,,service,,True,78.929,"LINESTRING (120.4932094 36.1616728, 120.4932104 36.161898, 120.4932104 36.1620012, 120.493315 36.1619781, 120.4933713 36.1619468, 120.4934169 36.161911, 120.4934866 36.161885, 120.4935269 36.1618763, 120.4935832 36.1618828, 120.4936396 36.1618872)",
5336175297,5336175304,0,552732595,False,,service,,False,15.637,"LINESTRING (120.4932094 36.1616728, 120.4931675 36.1616186, 120.4931406 36.161545)",
5336175302,5334656497,0,552274432,False,樱花大道,service,,False,13.607,"LINESTRING (120.4936063 36.1617102, 120.4936891 36.1618127)",
5336175302,5336175309,0,552274432,False,樱花大道,service,,True,53.952,"LINESTRING (120.4936063 36.1617102, 120.4935571 36.1616492, 120.493409 36.1612545)",
5336175302,5336175297,0,552732594,False,,service,,True,38.393,"LINESTRING (120.4936063 36.1617102, 120.4935537 36.1617356, 120.4934544 36.1617486, 120.493374 36.1617377, 120.4932855 36.1617117, 120.4932094 36.1616728)",
5336175304,5336175309,0,552732595,False,,service,,False,42.947,"LINESTRING (120.4931406 36.161545, 120.4931487 36.1614714, 120.4931675 36.1614172, 120.4932265 36.1613653, 120.493315 36.1612981, 120.493409 36.1612545)",
5336175304,5336175297,0,552732595,False,,service,,True,15.637,"LINESTRING (120.4931406 36.161545, 120.4931675 36.1616186, 120.4932094 36.1616728)",
5336175304,5336175310,0,552732596,False,,footway,,True,105.149,"LINESTRING (120.4931406 36.161545, 120.4929922 36.1615222, 120.4928287 36.161509, 120.4923474 36.1614369, 120.4921994 36.1613779, 120.4920001 36.161355)",
5336175309,1820236136,0,552274432,False,樱花大道,service,,True,127.744,"LINESTRING (120.493409 36.1612545, 120.4929965 36.160155)",
5336175309,5336175302,0,552274432,False,樱花大道,service,,False,53.952,"LINESTRING (120.493409 36.1612545, 120.4935571 36.1616492, 120.4936063 36.1617102)",
5336175309,5336175304,0,552732595,False,,service,,True,42.947,"LINESTRING (120.493409 36.1612545, 120.493315 36.1612981, 120.4932265 36.1613653, 120.4931675 36.1614172, 120.4931487 36.1614714, 120.4931406 36.161545)",
5336175310,1820263967,0,170893624,False,梧桐大道,service,,False,32.945,"LINESTRING (120.4920001 36.161355, 120.4919424 36.1610624)",
5336175310,1820263982,0,170893624,False,梧桐大道,service,,True,100.892,"LINESTRING (120.4920001 36.161355, 120.4920389 36.1615518, 120.4918136 36.1622361)",
5336175310,5336175304,0,552732596,False,,footway,,False,105.149,"LINESTRING (120.4920001 36.161355, 120.4921994 36.1613779, 120.4923474 36.1614369, 120.4928287 36.161509, 120.4929922 36.1615222, 120.4931406 36.161545)",
5349321217,5334656435,0,554286824,False,,footway,,False,27.722,"LINESTRING (120.4926233 36.1631775, 120.4928376 36.163357)",
5349321218,5334656435,0,554286824,False,,footway,,True,27.891,"LINESTRING (120.4930532 36.1635376, 120.4928376 36.163357)",
5349321219,5334656436,0,552542993,False,,footway,,False,11.474,"LINESTRING (120.4929755 36.1632584, 120.4930712 36.16319)",
5349321219,5334656435,0,552542993,False,,footway,,True,16.537,"LINESTRING (120.4929755 36.1632584, 120.4928376 36.163357)",
5349321219,5349321725,0,554286825,False,,footway,,False,35.158,"LINESTRING (120.4929755 36.1632584, 120.4928704 36.1631454, 120.4928462 36.1631065, 120.4928529 36.163074, 120.492865 36.1630415, 120.4928878 36.1630079, 120.4929079 36.1629874)",
5349321725,5349321732,0,554286825,False,,footway,,False,26.21,"LINESTRING (120.4929079 36.1629874, 120.4929173 36.1629635, 120.4929146 36.1629354, 120.4928945 36.1629051, 120.4928516 36.1628758, 120.4928181 36.162852, 120.4928001 36.1628339, 120.4927968 36.1627905)",
5349321725,5349321219,0,554286825,False,,footway,,True,35.158,"LINESTRING (120.4929079 36.1629874, 120.4928878 36.1630079, 120.492865 36.1630415, 120.4928529 36.163074, 120.4928462 36.1631065, 120.4928704 36.1631454, 120.4929755 36.1632584)",
5349321725,5349321735,0,554286826,False,,footway,,False,14.332,"LINESTRING (120.4929079 36.1629874, 120.4929639 36.1630136, 120.4929955 36.1630248, 120.4930505 36.163045)",
5349321732,5334656489,0,552542996,False,,service,,False,66.887,"LINESTRING (120.4927968 36.1627905, 120.4928121 36.1627904, 120.4929128 36.1627225, 120.4929673 36.1626836, 120.4934929 36.1626713)",
5349321732,5334656479,0,552542996,False,,service,,True,106.81,"LINESTRING (120.4927968 36.1627905, 120.4926078 36.1627915, 120.4925362 36.1628493, 120.4924397 36.1628895, 120.4922436 36.1629649, 120.4920538 36.1630025, 120.4918235 36.1630025, 120.4916755 36.1630037)",
5349321732,5349321725,0,554286825,False,,footway,,True,26.21,"LINESTRING (120.4927968 36.1627905, 120.4928001 36.1628339, 120.4928181 36.162852, 120.4928516 36.1628758, 120.4928945 36.1629051, 120.4929146 36.1629354, 120.4929173 36.1629635, 120.4929079 36.1629874)",
5349321735,5334656461,0,552542994,False,,footway,,False,21.464,"LINESTRING (120.4930505 36.163045, 120.4930782 36.163009, 120.4931139 36.1629811, 120.4931742 36.1629626, 120.4932466 36.1629626)",
5349321735,5334656436,0,552542994,False,,footway,,True,17.059,"LINESTRING (120.4930505 36.163045, 120.4930354 36.1630667, 120.4930358 36.1631078, 120.4930476 36.1631478, 120.4930712 36.16319)",
5349321735,5349321725,0,554286826,False,,footway,,True,14.332,"LINESTRING (120.4930505 36.163045, 120.4929955 36.1630248, 120.4929639 36.1630136, 120.4929079 36.1629874)",
5349321776,1820272594,0,170896701,False,海棠路,service,,True,65.697,"LINESTRING (120.4892358 36.1626677, 120.4896516 36.1631539)",
5349321776,1820272598,0,170896701,False,海棠路,service,,False,135.362,"LINESTRING (120.4892358 36.1626677, 120.4889017 36.162277, 120.4888534 36.1621211, 120.4892075 36.1616143)",
5349321776,5349321778,0,"[971518074, 971518075, 554286829]",False,,"['residential', 'service']",,False,113.89,"LINESTRING (120.4892358 36.1626677, 120.489618 36.1621917, 120.4897463 36.1619675, 120.4897635 36.1619365, 120.4898536 36.1617762)",
5349321778,1820277676,0,170897729,False,,service,,False,65.223,"LINESTRING (120.4898536 36.1617762, 120.4905475 36.16195)",
5349321778,1820272598,0,170897729,False,,service,,True,60.732,"LINESTRING (120.4898536 36.1617762, 120.4892075 36.1616143)",
5349321778,5349321780,0,554286829,False,,service,,False,73.186,"LINESTRING (120.4898536 36.1617762, 120.4899719 36.1614545, 120.4900215 36.1611344)",
5349321778,5349321776,0,"[971518074, 971518075, 554286829]",False,,"['residential', 'service']",,True,113.89,"LINESTRING (120.4898536 36.1617762, 120.4897635 36.1619365, 120.4897463 36.1619675, 120.489618 36.1621917, 120.4892358 36.1626677)",
5349321780,5349321915,0,554286842,False,,footway,,False,15.887,"LINESTRING (120.4900215 36.1611344, 120.4901984 36.1611305)",
5349321780,5349321914,0,554286842,False,,footway,,True,19.016,"LINESTRING (120.4900215 36.1611344, 120.4898097 36.1611369)",
5349321780,5349321782,0,554286829,False,,service,,False,73.049,"LINESTRING (120.4900215 36.1611344, 120.4899494 36.1608206, 120.4897964 36.1605062)",
5349321780,5349321778,0,554286829,False,,service,,True,73.186,"LINESTRING (120.4900215 36.1611344, 120.4899719 36.1614545, 120.4898536 36.1617762)",
5349321782,1820272636,0,170903564,False,,service,,False,59.886,"LINESTRING (120.4897964 36.1605062, 120.4891796 36.1607113)",
5349321782,1820300115,0,170903564,False,,service,,True,54.537,"LINESTRING (120.4897964 36.1605062, 120.4903581 36.1603194)",
5349321782,5349321780,0,554286829,False,,service,,True,73.049,"LINESTRING (120.4897964 36.1605062, 120.4899494 36.1608206, 120.4900215 36.1611344)",
5349321785,1820236192,0,552274419,False,国槐大道,service,,False,42.977999999999994,"LINESTRING (120.4940247 36.157706, 120.4938679 36.1577358, 120.4936158 36.1578918)",
5349321785,1820300109,0,552274419,False,国槐大道,service,,True,105.72300000000001,"LINESTRING (120.4940247 36.157706, 120.4943239 36.1576492, 120.4949167 36.1577813, 120.4950887 36.1579336)",
5349321785,1820300121,0,554286830,False,,service,,False,175.817,"LINESTRING (120.4940247 36.157706, 120.4938693 36.1574613, 120.4937419 36.1572098, 120.493664 36.1568612, 120.4936711 36.1566497, 120.4937136 36.1563868, 120.4937622 36.1561871)",
5349321914,5349321780,0,554286842,False,,footway,,False,19.016,"LINESTRING (120.4898097 36.1611369, 120.4900215 36.1611344)",
5349321915,5349321780,0,554286842,False,,footway,,True,15.887,"LINESTRING (120.4901984 36.1611305, 120.4900215 36.1611344)",
5349321915,5349321918,0,554286842,False,,footway,,False,18.983999999999998,"LINESTRING (120.4901984 36.1611305, 120.4902273 36.1611912, 120.490289 36.161228, 120.4903426 36.1612345)",
5349321915,5349321930,0,554286843,False,,footway,,False,19.512999999999998,"LINESTRING (120.4901984 36.1611305, 120.4902059 36.1610873, 120.4902407 36.1610418, 120.4902917 36.1610158, 120.4903276 36.1610094)",
5349321918,5349321922,0,554286842,False,,footway,,False,20.427,"LINESTRING (120.4903426 36.1612345, 120.4904043 36.1612324, 120.4904526 36.1612064, 120.4904875 36.1611652, 120.4904929 36.1611284)",
5349321918,5349321915,0,554286842,False,,footway,,True,18.984,"LINESTRING (120.4903426 36.1612345, 120.490289 36.161228, 120.4902273 36.1611912, 120.4901984 36.1611305)",
5349321918,5349321934,0,554286845,False,,footway,,False,46.914,"LINESTRING (120.4903426 36.1612345, 120.4903274 36.1613494, 120.490699 36.1614114)",
5349321922,1820300110,0,554286843,False,,footway,,False,19.517,"LINESTRING (120.4904929 36.1611284, 120.4907099 36.1611177)",
5349321922,5349321918,0,554286842,False,,footway,,True,20.427,"LINESTRING (120.4904929 36.1611284, 120.4904875 36.1611652, 120.4904526 36.1612064, 120.4904043 36.1612324, 120.4903426 36.1612345)",
5349321922,5349321930,0,554286843,False,,footway,,True,23.593999999999998,"LINESTRING (120.4904929 36.1611284, 120.4904848 36.1610786, 120.490466 36.1610461, 120.4904258 36.1610158, 120.4903641 36.1610028, 120.4903276 36.1610094)",
5349321930,5349321922,0,554286843,False,,footway,,False,23.594,"LINESTRING (120.4903276 36.1610094, 120.4903641 36.1610028, 120.4904258 36.1610158, 120.490466 36.1610461, 120.4904848 36.1610786, 120.4904929 36.1611284)",
5349321930,5349321915,0,554286843,False,,footway,,True,19.513,"LINESTRING (120.4903276 36.1610094, 120.4902917 36.1610158, 120.4902407 36.1610418, 120.4902059 36.1610873, 120.4901984 36.1611305)",
5349321930,5349321932,0,554286844,False,,footway,,False,32.266,"LINESTRING (120.4903276 36.1610094, 120.4902689 36.1608071, 120.4901764 36.1607723)",
5349321932,5349321930,0,554286844,False,,footway,,True,32.266,"LINESTRING (120.4901764 36.1607723, 120.4902689 36.1608071, 120.4903276 36.1610094)",
5349321934,1820300110,0,170903568,False,,service,,False,32.689,"LINESTRING (120.490699 36.1614114, 120.4907084 36.1613084, 120.4907099 36.1611177)",
5349321934,1820277676,0,170903568,False,,service,,True,61.541,"LINESTRING (120.490699 36.1614114, 120.4906966 36.1614381, 120.4906561 36.1616395, 120.4905475 36.16195)",
5349321934,5349321918,0,554286845,False,,footway,,True,46.914,"LINESTRING (120.490699 36.1614114, 120.4903274 36.1613494, 120.4903426 36.1612345)",
5349321935,1820263982,0,170897729,False,,service,,False,38.082,"LINESTRING (120.4914051 36.1621438, 120.4918136 36.1622361)",
5349321935,1820277676,0,170897729,False,,service,,True,79.949,"LINESTRING (120.4914051 36.1621438, 120.4905475 36.16195)",
5349321935,5349321940,0,554286846,False,,footway,,False,106.58500000000001,"LINESTRING (120.4914051 36.1621438, 120.4915432 36.161739, 120.4915123 36.1617022, 120.4914305 36.1616783, 120.4911033 36.1616145, 120.4911314 36.161464)",
5349321940,5349321935,0,554286846,False,,footway,,True,106.58500000000001,"LINESTRING (120.4911314 36.161464, 120.4911033 36.1616145, 120.4914305 36.1616783, 120.4915123 36.1617022, 120.4915432 36.161739, 120.4914051 36.1621438)",
5349321982,8991780363,0,554286849,False,,footway,,False,21.079,"LINESTRING (120.48896 36.1585295, 120.4891615 36.1584322)",
5349321983,8991780363,0,554286849,False,,footway,,True,12.993,"LINESTRING (120.4892844 36.1583705, 120.4891615 36.1584322)",
5349321984,8991780364,0,554286850,False,,footway,,False,8.654,"LINESTRING (120.4888802 36.1585439, 120.488832 36.1584765)",
5349321985,8991780364,0,554286850,False,,footway,,True,11.509,"LINESTRING (120.4887707 36.1583856, 120.488832 36.1584765)",
5349321996,1820272640,0,204767578,False,樱花大道,service,,False,56.04600000000001,"LINESTRING (120.4896242 36.159243, 120.4896105 36.1592675, 120.4895171 36.1593717, 120.4893313 36.1594696, 120.4891263 36.1595057)",
5349321996,1820272640,1,554286851,False,,footway,,True,75.75999999999999,"LINESTRING (120.4896242 36.159243, 120.4896468 36.1593068, 120.4896478 36.1593659, 120.4896275 36.1594291, 120.4895898 36.1594906, 120.489536 36.1595292, 120.4894354 36.1595688, 120.4893328 36.1595859, 120.4892504 36.1595718, 120.4891941 36.1595503, 120.4891263 36.1595057)",
5349321996,8991780363,0,"[204767578, 971522067]",False,樱花大道,service,,True,110.029,"LINESTRING (120.4896242 36.159243, 120.4896753 36.1591514, 120.4896912 36.1590166, 120.4896637 36.1588906, 120.4896056 36.1587763, 120.4895189 36.1586714, 120.4894158 36.1585855, 120.4893059 36.1585131, 120.4891615 36.1584322)",
5349322035,5349322091,0,554286856,False,,footway,,True,71.218,"LINESTRING (120.4910765 36.157687, 120.4909107 36.1577407, 120.4908398 36.157759, 120.4907342 36.1578178, 120.4906667 36.1578729, 120.4905697 36.1579711, 120.4904564 36.1580087, 120.4904202 36.1580176)",
5349322038,1820263965,0,170893624,False,梧桐大道,service,,True,84.878,"LINESTRING (120.491476 36.1596787, 120.4917707 36.160404)",
5349322038,1820302671,0,"[170893624, 1064524705, 1064524704]",False,梧桐大道,service,,False,68.804,"LINESTRING (120.491476 36.1596787, 120.4914571 36.1596321, 120.4914381 36.1595855, 120.4913108 36.1594573, 120.4910348 36.1591792)",yes
5349322038,5349322050,0,554286854,False,,footway,,False,23.331000000000003,"LINESTRING (120.491476 36.1596787, 120.4916196 36.1595644, 120.4916637 36.1595337)",
5349322049,1820236136,0,552274432,False,樱花大道,service,,False,101.261,"LINESTRING (120.4927967 36.1592642, 120.4927816 36.1593817, 120.4929965 36.160155)",
5349322049,1820236192,0,552274432,False,樱花大道,service,,True,173.664,"LINESTRING (120.4927967 36.1592642, 120.4928409 36.1589206, 120.493015 36.1585328, 120.4936158 36.1578918)",
5349322049,5349322050,0,554286854,False,,footway,,True,118.50399999999999,"LINESTRING (120.4927967 36.1592642, 120.4922928 36.1592114, 120.4922311 36.1592114, 120.492199 36.159233, 120.4921802 36.159285, 120.4921748 36.1593218, 120.4921399 36.159363, 120.4920729 36.1593803, 120.4918771 36.1594084, 120.4917349 36.1594842, 120.4916637 36.1595337)",
5349322050,5349322049,0,554286854,False,,footway,,False,118.50400000000002,"LINESTRING (120.4916637 36.1595337, 120.4917349 36.1594842, 120.4918771 36.1594084, 120.4920729 36.1593803, 120.4921399 36.159363, 120.4921748 36.1593218, 120.4921802 36.159285, 120.492199 36.159233, 120.4922311 36.1592114, 120.4922928 36.1592114, 120.4927967 36.1592642)",
5349322050,5349322038,0,554286854,False,,footway,,True,23.331000000000003,"LINESTRING (120.4916637 36.1595337, 120.4916196 36.1595644, 120.491476 36.1596787)",
5349322050,5349322057,0,554286855,False,,footway,,False,67.471,"LINESTRING (120.4916637 36.1595337, 120.4916867 36.1593153, 120.491633 36.1592525, 120.4916142 36.1592114, 120.4916384 36.1591377, 120.4916679 36.1590966, 120.4916732 36.1590511, 120.4916867 36.1589537)",
5349322057,5349322059,0,554286855,False,,footway,,False,38.995000000000005,"LINESTRING (120.4916867 36.1589537, 120.4917296 36.1589342, 120.491802 36.1586288)",
5349322057,5349322050,0,554286855,False,,footway,,True,67.471,"LINESTRING (120.4916867 36.1589537, 120.4916732 36.1590511, 120.4916679 36.1590966, 120.4916384 36.1591377, 120.4916142 36.1592114, 120.491633 36.1592525, 120.4916867 36.1593153, 120.4916637 36.1595337)",
5349322057,5349322091,0,"[835729904, 554286856, 835729903]",False,,footway,,False,203.92899999999997,"LINESTRING (120.4916867 36.1589537, 120.4914861 36.1589356, 120.4913474 36.1590238, 120.4913108 36.1590566, 120.4912951 36.1590374, 120.4911962 36.1589396, 120.4910933 36.1588855, 120.4909588 36.1588447, 120.4908497 36.1588247, 120.4907734 36.1587892, 120.4906998 36.1587324, 120.4906647 36.15865, 120.4906424 36.1585883, 120.4905801 36.1585318, 120.4904843 36.1584699, 120.4904093 36.1584299, 120.4903684 36.1583801, 120.4903395 36.1583065, 120.4903181 36.1582458, 120.4903164 36.1581735, 120.4903037 36.1581213, 120.4903171 36.1580674, 120.4903935 36.1580297, 120.4904202 36.1580176)",yes
5349322059,5349322057,0,554286855,False,,footway,,True,38.995000000000005,"LINESTRING (120.491802 36.1586288, 120.4917296 36.1589342, 120.4916867 36.1589537)",
5349322081,5349322091,0,"[554286858, 554286859]",False,,footway,,False,41.93900000000001,"LINESTRING (120.4901144 36.1580982, 120.4901386 36.1580744, 120.4901815 36.1580722, 120.490211 36.1580441, 120.4902351 36.1580116, 120.4902593 36.1579661, 120.4902914 36.157951, 120.4903665 36.1579358, 120.4903987 36.157964, 120.4904153 36.1579974, 120.4904202 36.1580176)",
5349322091,5349322035,0,554286856,False,,footway,,False,71.218,"LINESTRING (120.4904202 36.1580176, 120.4904564 36.1580087, 120.4905697 36.1579711, 120.4906667 36.1578729, 120.4907342 36.1578178, 120.4908398 36.157759, 120.4909107 36.1577407, 120.4910765 36.157687)",
5349322091,5349322057,0,"[554286856, 835729904, 835729903]",False,,footway,,True,203.929,"LINESTRING (120.4904202 36.1580176, 120.4903935 36.1580297, 120.4903171 36.1580674, 120.4903037 36.1581213, 120.4903164 36.1581735, 120.4903181 36.1582458, 120.4903395 36.1583065, 120.4903684 36.1583801, 120.4904093 36.1584299, 120.4904843 36.1584699, 120.4905801 36.1585318, 120.4906424 36.1585883, 120.4906647 36.15865, 120.4906998 36.1587324, 120.4907734 36.1587892, 120.4908497 36.1588247, 120.4909588 36.1588447, 120.4910933 36.1588855, 120.4911962 36.1589396, 120.4912951 36.1590374, 120.4913108 36.1590566, 120.4913474 36.1590238, 120.4914861 36.1589356, 120.4916867 36.1589537)",yes
5349322091,5349322081,0,"[554286858, 554286859]",False,,footway,,True,41.93900000000001,"LINESTRING (120.4904202 36.1580176, 120.4904153 36.1579974, 120.4903987 36.157964, 120.4903665 36.1579358, 120.4902914 36.157951, 120.4902593 36.1579661, 120.4902351 36.1580116, 120.490211 36.1580441, 120.4901815 36.1580722, 120.4901386 36.1580744, 120.4901144 36.1580982)",
5349322258,1820263965,0,170893624,False,梧桐大道,service,,False,17.565,"LINESTRING (120.4918097 36.1605588, 120.4917707 36.160404)",
5349322258,1820263967,0,170893624,False,梧桐大道,service,,True,57.251,"LINESTRING (120.4918097 36.1605588, 120.4919424 36.1610624)",
5349322258,5349322259,0,"[838901016, 554286869, 838901015]",False,,footway,,False,26.85,"LINESTRING (120.4918097 36.1605588, 120.4917093 36.1605822, 120.4915469 36.1606077, 120.4915183 36.1606122)",yes
5349322259,5349322258,0,"[838901016, 554286869, 838901015]",False,,footway,,True,26.85,"LINESTRING (120.4915183 36.1606122, 120.4915469 36.1606077, 120.4917093 36.1605822, 120.4918097 36.1605588)",yes
8991780363,5349321983,0,554286849,False,,footway,,False,12.993,"LINESTRING (120.4891615 36.1584322, 120.4892844 36.1583705)",
8991780363,5349321982,0,554286849,False,,footway,,True,21.079,"LINESTRING (120.4891615 36.1584322, 120.48896 36.1585295)",
8991780363,1820272633,0,971522067,False,樱花大道,service,,True,9.02,"LINESTRING (120.4891615 36.1584322, 120.489079 36.1583859)",
8991780363,5349321996,0,"[204767578, 971522067]",False,樱花大道,service,,False,110.029,"LINESTRING (120.4891615 36.1584322, 120.4893059 36.1585131, 120.4894158 36.1585855, 120.4895189 36.1586714, 120.4896056 36.1587763, 120.4896637 36.1588906, 120.4896912 36.1590166, 120.4896753 36.1591514, 120.4896242 36.159243)",
8991780364,5349321985,0,554286850,False,,footway,,False,11.509,"LINESTRING (120.488832 36.1584765, 120.4887707 36.1583856)",
8991780364,5349321984,0,554286850,False,,footway,,True,8.654,"LINESTRING (120.488832 36.1584765, 120.4888802 36.1585439)",
8991780364,1820272633,0,971522067,False,樱花大道,service,,False,24.356,"LINESTRING (120.488832 36.1584765, 120.489079 36.1583859)",
8991780364,1820272618,0,971522067,False,樱花大道,service,,True,14.494,"LINESTRING (120.488832 36.1584765, 120.488685 36.1585304)",
8991780371,1820236034,0,552732599,False,,service,,False,30.32,"LINESTRING (120.4936466 36.1640647, 120.4936454 36.1641357, 120.4936427 36.1642288, 120.4936748 36.1643342)",
