element_type,osmid,building,name,name:zh,name:zh-Hans,name:zh-Hant,geometry,fixme,nodes,amenity,cuisine,internet_access,internet_access:fee,name:en,outdoor_seating,shop,building:levels,office,fast_food,healthcare,healthcare:speciality,website
node,4017485636,yes,游泳馆,游泳馆,游泳馆,游泳館,POINT (116.3545368 39.9604626),,,,,,,,,,,,,,,
node,4017485637,yes,球类馆,球类馆,球类馆,球類館,POINT (116.3539088 39.9608008),,,,,,,,,,,,,,,
node,4017491039,yes,北京邮电大学出版社,北京邮电大学出版社,北京邮电大学出版社,北京郵電大學出版社,POINT (116.3547931 39.9568855),building inside building - reconcile names?,,,,,,,,,,,,,,
way,253330141,university,教二楼,教二楼,教二楼,教二樓,"POLYGON ((116.3512908 39.9593013, 116.3514873 39.9593013, 116.3515019 39.9591953, 116.3522369 39.9592121, 116.3522515 39.9593236, 116.3524261 39.9593292, 116.3524552 39.9589889, 116.3522587 39.9589889, 116.3522442 39.9590503, 116.3520297 39.9590437, 116.3515164 39.959028, 116.3515092 39.9589778, 116.3513054 39.9589611, 116.3512908 39.9593013))",,"[2592706121, 2592706122, 2592706124, 2592706125, 2592706126, 2592706128, 2592706129, 2592706130, 2592706131, 4017475286, 2592706132, 2592706133, 2592706134, 2592706121]",,,,,,,,,,,,,
way,265030100,house,国际汉语培训中心,国际汉语培训中心,国际汉语培训中心,國際漢語培訓中心,"POLYGON ((116.3497445 39.9630181, 116.349747 39.9629865, 116.3497575 39.9628584, 116.3499023 39.9628588, 116.3498949 39.963022, 116.3497445 39.9630181))",,"[2706823953, 4017527719, 2706823954, 2706823955, 2706823956, 2706823953]",,,,,,,,,,,,,
way,265030101,house,学生发展中心,学生发展中心,学生发展中心,學生發展中心,"POLYGON ((116.3513673 39.9621647, 116.3513767 39.9619579, 116.3520127 39.9619747, 116.3520033 39.9621816, 116.3513673 39.9621647))",,"[2706823957, 2706823958, 2706823959, 2706823960, 2706823957]",,,,,,,,,,,,,
way,265030102,yes,Maan Coffee,,,,"POLYGON ((116.3512721 39.9623715, 116.3512858 39.9622028, 116.3514165 39.9622071, 116.3514048 39.9623786, 116.3512721 39.9623715))",,"[2706823961, 2706823962, 2706823963, 2706823964, 2706823961]",cafe,coffee_shop,wlan,no,Maan Coffee,yes,,,,,,,
way,265030103,house,留学生2号公寓,留学生2号公寓,留学生2号公寓,留學生2號公寓,"POLYGON ((116.3489514 39.9628792, 116.349111 39.9628792, 116.3491274 39.9622707, 116.3489558 39.9622583, 116.3489514 39.9628792))",,"[2706823965, 2706823966, 2706823967, 2706823968, 2706823965]",,,,,,,,,,,,,
way,265030104,house,学生13号公寓,学生13号公寓,学生13号公寓,學生13號公寓,"POLYGON ((116.3489745 39.9621884, 116.3491167 39.9621864, 116.3491837 39.9611502, 116.3490443 39.9611379, 116.3489745 39.9621884))",,"[2706823969, 2706823970, 2706823971, 2706823972, 2706823969]",,,,,,,,,,,,,
way,265030105,house,学生5号公寓,学生5号公寓,学生5号公寓,學生5號公寓,"POLYGON ((116.3493156 39.962097, 116.3493289 39.9619589, 116.3500108 39.9619777, 116.3500009 39.9621153, 116.3497087 39.9621197, 116.3495948 39.9621092, 116.3493156 39.962097))",,"[2706823973, 2706823974, 2706823975, 2706823976, 2706823977, 2706823980, 2706823973]",,,,,,,,,,,,,
way,265030106,house,学生3号公寓,学生3号公寓,学生3号公寓,學生3號公寓,"POLYGON ((116.3493059 39.9616102, 116.3493178 39.9614495, 116.3499821 39.9614526, 116.3499663 39.9616223, 116.3493059 39.9616102))",,"[2706823981, 2706823982, 2706823983, 2706823984, 2706823981]",,,,,,,,,,,,,
way,265030107,house,学生8号公寓,学生8号公寓,学生8号公寓,學生8號公寓,"POLYGON ((116.3501695 39.9621581, 116.3501875 39.9619896, 116.3508601 39.9620108, 116.3508698 39.9621732, 116.3501695 39.9621581))",,"[2706823985, 2706823986, 2706823987, 2706823988, 2706823985]",,,,,,,,,,,,,
way,265030108,house,学生4号公寓,学生4号公寓,学生4号公寓,學生4號公寓,"POLYGON ((116.3501632 39.9616298, 116.350175 39.9614692, 116.3508512 39.9614844, 116.3508354 39.9616389, 116.3501632 39.9616298))",,"[2706823989, 2706823990, 2706823991, 2706823992, 2706823989]",,,,,,,,,,,,,
way,265030109,house,学生1号公寓,学生1号公寓,学生1号公寓,學生1號公寓,"POLYGON ((116.3493165 39.961152, 116.3493227 39.9610143, 116.3495528 39.9610204, 116.3495541 39.960991, 116.3498027 39.9609975, 116.3498013 39.961029, 116.3500074 39.9610344, 116.3500016 39.9611648, 116.3497922 39.9611594, 116.3497909 39.9611885, 116.3495457 39.9611822, 116.3495378 39.9611579, 116.3493165 39.961152))",,"[2706823993, 2706823994, 2706823995, 2706823996, 2706823997, 2706823998, 2706823999, 2706824000, 2706824001, 2706824002, 2706824003, 2706824004, 2706823993]",,,,,,,,,,,,,
way,265030110,house,学生2号公寓,学生2号公寓,学生2号公寓,學生2號公寓,"POLYGON ((116.3501887 39.9611582, 116.3501978 39.9610326, 116.3504249 39.9610424, 116.350427 39.9610135, 116.3506601 39.9610235, 116.350658 39.9610531, 116.3508702 39.9610622, 116.3508612 39.9611849, 116.3506467 39.9611756, 116.3506439 39.9612131, 116.3503798 39.9612017, 116.3503824 39.9611665, 116.3501887 39.9611582))",,"[2706824005, 2706824006, 2706824007, 2706824008, 2706824009, 2706824010, 2706824011, 2706824012, 2706824013, 2706824014, 2706824015, 2706824016, 2706824005]",,,,,,,,,,,,,
way,344376258,yes,宏途书店,宏途书店,宏途书店,宏途書店,"POLYGON ((116.3503833 39.9582815, 116.3507893 39.9582986, 116.3508011 39.9582004, 116.3503949 39.9581839, 116.3503833 39.9582815))",,"[3511262895, 3511262896, 3511262897, 3511262898, 3511262895]",,,,,,,books,,,,,,
way,344376259,university,,,,,"POLYGON ((116.3510287 39.9582097, 116.3508011 39.9582004, 116.3503949 39.9581839, 116.3503536 39.9581822, 116.3503993 39.9577263, 116.3510595 39.9577461, 116.3510287 39.9582097))",,"[3511262899, 3511262897, 3511262898, 3511262900, 3511262901, 3511262902, 3511262899]",,,,,,,,,,,,,
way,344376260,university,7号楼,7号楼,7号楼,7號樓,"POLYGON ((116.3504518 39.957641, 116.3509533 39.9576584, 116.3509723 39.9575303, 116.3504632 39.9575128, 116.3504518 39.957641))",,"[3511262903, 3511262904, 3511262905, 3511262906, 3511262903]",,,,,,,,,,,,,
way,344376261,university,9号楼,9号楼,9号楼,9號樓,"POLYGON ((116.35041 39.9572769, 116.3510407 39.9572944, 116.3510401 39.9571939, 116.350406 39.9571727, 116.35041 39.9572769))",,"[3511262907, 3511262908, 3511262909, 3511262910, 3511262907]",,,,,,,,,,,,,
way,344376262,university,14号楼,14号楼,14号楼,14號樓,"POLYGON ((116.3494067 39.9585993, 116.3501134 39.9586197, 116.3501134 39.9584799, 116.3494181 39.9584595, 116.3494067 39.9585993))",,"[3511262911, 3511262912, 3511262913, 3511262914, 3511262911]",,,,,,,,,,,,,
way,344376263,university,,,,,"POLYGON ((116.3494907 39.9583485, 116.3501076 39.9583608, 116.350113 39.9582375, 116.3495019 39.9582205, 116.3494907 39.9583485))",,"[3511262915, 3511262916, 3511262917, 3511262918, 3511262915]",,,,,,,,,,,,,
way,344376264,university,2号楼,2号楼,2号楼,2號樓,"POLYGON ((116.3495066 39.9580504, 116.3501411 39.9580795, 116.3501601 39.9579659, 116.3495066 39.9579339, 116.3495066 39.9580504))",,"[3511262919, 3511262920, 3511262921, 3511262922, 3511262919]",,,,,,,,,,,,,
way,344376265,university,7号楼,7号楼,7号楼,7號樓,"POLYGON ((116.3495203 39.9576905, 116.3501586 39.9577079, 116.350162 39.9575979, 116.3495251 39.9575703, 116.3495203 39.9576905))",,"[3511262923, 3511262924, 3511262925, 3511262926, 3511262923]",,,,,,,,,,,,,
way,344376266,university,8号楼,8号楼,8号楼,8號樓,"POLYGON ((116.3495209 39.9572682, 116.3501706 39.9572856, 116.3501734 39.9571663, 116.3495198 39.9571472, 116.3495209 39.9572682))",,"[3511262927, 3511262928, 3511262929, 3511262930, 3511262927]",,,,,,,,,,,,,
way,344376267,apartments,4号楼,4号楼,4号楼,4號樓,"POLYGON ((116.3493012 39.9569242, 116.3507492 39.9569188, 116.3507486 39.9568199, 116.3493006 39.9568255, 116.3493012 39.9569242))",,"[3511262931, 3511262932, 3511262933, 3511262934, 3511262931]",,,,,,,,,,,,,
way,344376268,apartments,10号楼,10号楼,10号楼,10號樓,"POLYGON ((116.3508542 39.9569298, 116.3516855 39.956927, 116.3516849 39.9568241, 116.3508537 39.9568268, 116.3508542 39.9569298))",,"[3511262935, 3511262936, 3511262937, 3511262938, 3511262935]",,,,,,,,,,,,,
way,344376269,university,,,,,"POLYGON ((116.3491191 39.9589237, 116.3491932 39.9589876, 116.3493044 39.9589237, 116.3492998 39.9585687, 116.3491377 39.9585651, 116.3491191 39.9589237))",,"[3511262939, 3511262940, 3511262941, 3511262942, 3511262943, 3511262939]",,,,,,,,,,,,,
way,344376270,university,15号楼,15号楼,15号楼,15號樓,"POLYGON ((116.3491823 39.9584834, 116.3492842 39.958487, 116.3493213 39.9580148, 116.3492147 39.9580077, 116.3491823 39.9584834))",,"[3511262944, 3511262945, 3511262946, 3511262947, 3511262944]",,,,,,,,,,,,,
way,344376271,university,16号楼,16号楼,16号楼,16號樓,"POLYGON ((116.3492047 39.9579403, 116.349302 39.9579403, 116.3493297 39.9574965, 116.3492232 39.9574859, 116.3492047 39.9579403))",,"[3511262948, 3511262949, 3511262950, 3511262951, 3511262948]",,,,,,,,,,,,,
way,344376272,university,17号楼,17号楼,17号楼,17號樓,"POLYGON ((116.3492164 39.9574078, 116.3493229 39.9574078, 116.3493275 39.9569511, 116.3492208 39.9569519, 116.3492164 39.9574078))",,"[3511262952, 3511262953, 10233497654, 10233497655, 3511262952]",,,,,,,,,,,,,
way,344376663,university,1号楼,1号楼,1号楼,1號樓,"POLYGON ((116.351277 39.9586594, 116.3523246 39.9586907, 116.3523432 39.9585683, 116.3512918 39.9585484, 116.351277 39.9586594))",,"[3511265502, 3511265503, 3511265504, 3511265505, 3511265502]",,,,,,,,,,,,,
way,344376664,university,2号楼,2号楼,2号楼,2號樓,"POLYGON ((116.3513587 39.9582892, 116.3523915 39.9583205, 116.3523952 39.9581981, 116.3513698 39.9581668, 116.3513587 39.9582892))",,"[3511265506, 3511265507, 3511265508, 3511265509, 3511265506]",,,,,,,,,,,,,
way,344376665,apartments,4号楼,4号楼,4号楼,4號樓,"POLYGON ((116.351407 39.957825, 116.351537 39.9578279, 116.3515407 39.9579361, 116.3522726 39.9579532, 116.3522763 39.9578478, 116.3524212 39.957845, 116.3524547 39.9576029, 116.3522689 39.9576086, 116.3522578 39.957788, 116.3515816 39.9577766, 116.3515816 39.9575972, 116.351407 39.9575887, 116.351407 39.957825))",,"[3511265510, 3511265511, 3511265512, 3511265513, 3511265514, 3511265515, 3511265516, 3511265517, 3511265518, 3511265519, 3511265520, 3511265521, 3511265510]",,,,,,,,,,,,,
way,344376666,apartments,5号楼,5号楼,5号楼,5號樓,"POLYGON ((116.351433 39.9574577, 116.3515927 39.9574634, 116.3516002 39.9572925, 116.3522838 39.9573153, 116.3522763 39.9574833, 116.3524324 39.9574776, 116.3524472 39.957227, 116.3523061 39.9572299, 116.3522695 39.9571889, 116.3515936 39.9571725, 116.3515829 39.9572383, 116.3514595 39.9572218, 116.351433 39.9574577))",,"[3511265522, 3511265523, 3511265524, 3511265525, 3511265526, 3511265527, 3511265528, 3511265529, 3511265530, 3511265531, 3511265532, 3511265533, 3511265522]",,,,,,,,,,,,,
way,354562947,yes,科研楼,科研楼,科研楼,科研樓,"POLYGON ((116.3524842 39.9630327, 116.3525128 39.9624062, 116.3528284 39.9624146, 116.3528143 39.9627256, 116.3533077 39.9627388, 116.3532934 39.9630544, 116.3524842 39.9630327))",,"[3602475008, 3602475009, 3602475010, 3602475011, 3602475012, 3602475013, 3602475008]",,,,,,,,12,,,,,
way,363833971,yes,教四楼,教四楼,教四楼,教四樓,"POLYGON ((116.3493849 39.9607164, 116.3494057 39.9603492, 116.3496082 39.9603559, 116.3495994 39.9605116, 116.3496969 39.9605148, 116.3497013 39.9604382, 116.350554 39.9604666, 116.3505491 39.9605533, 116.3506707 39.9605573, 116.3506802 39.9603898, 116.3508884 39.9603968, 116.3508672 39.9607717, 116.3506321 39.9607639, 116.3506386 39.9606502, 116.3504779 39.9606449, 116.350483 39.960555, 116.3497292 39.9605299, 116.3497244 39.9606154, 116.3495745 39.9606104, 116.3495681 39.9607225, 116.3493849 39.9607164))",,"[3679632382, 3679632383, 3679632384, 3679632385, 3679632386, 3679632387, 3679632388, 3679632389, 3679632390, 3679632391, 3679632392, 3679632393, 3679632394, 3679632395, 3679632396, 3679632397, 3679632398, 3679632399, 3679632400, 3679632401, 3679632382]",,,,,,,,,,,,,
way,399006367,commercial,中国移动通信,中国移动通信,中国移动通信,中國移動通信,"POLYGON ((116.3490439 39.9601233, 116.3490814 39.9601237, 116.3490935 39.9601238, 116.3491329 39.9601243, 116.3491316 39.9599218, 116.3490479 39.9599208, 116.3490439 39.9601233))",,"[4017436771, 4017475281, 4017475282, 4017436772, 4017436773, 4017436774, 4017436771]",,,,,,,,1,,,,,
way,399008788,yes,中国邮政储蓄银行（鸿通楼）,中国邮政储蓄银行（鸿通楼）,中国邮政储蓄银行（鸿通楼）,中國郵政儲蓄銀行（鴻通樓）,"POLYGON ((116.3490431 39.9607746, 116.3491879 39.9607804, 116.349218 39.9603003, 116.3490743 39.9602992, 116.3490431 39.9607746))",,"[4017475283, 4017475284, 4017475285, 1226548273, 4017475283]",,,,,,,,,,,,,
way,399008789,university,主教学楼,主教学楼,主教学楼,主教學樓,"POLYGON ((116.3520745 39.9601739, 116.3522985 39.960178, 116.3522998 39.9601204, 116.3523816 39.9601204, 116.3523937 39.9597894, 116.3523226 39.9597915, 116.352319 39.9596648, 116.3520861 39.9596648, 116.3520906 39.9597802, 116.3520128 39.9597771, 116.3519981 39.9601112, 116.3520772 39.9601122, 116.3520745 39.9601739))",,"[4017475287, 4017475288, 4017476289, 4017476290, 4017476291, 4017476292, 4017476293, 4017476294, 4017476295, 4017476296, 4017476297, 4017476298, 4017475287]",,,,,,,,,,,,,
way,399008790,yes,图书馆,图书馆,图书馆,圖書館,"POLYGON ((116.3515696 39.9617892, 116.3522401 39.9618088, 116.3522457 39.961673, 116.3520009 39.9616689, 116.3520089 39.9615204, 116.3523214 39.9615253, 116.3523292 39.9613884, 116.3520272 39.9613826, 116.3520329 39.9612462, 116.3522667 39.961252, 116.3522727 39.9611161, 116.3516071 39.9610985, 116.3515696 39.9617892))",,"[4017476299, 4017476300, 4017476301, 4017476302, 4017476303, 4017476304, 4017476305, 4017476306, 4017476307, 4017476308, 4017476309, 4017476310, 4017476299]",,,,,,,,,,,,,
way,399008979,university,教一楼,教一楼,教一楼,教一樓,"POLYGON ((116.351218 39.9604164, 116.35121 39.9606282, 116.3513441 39.9606323, 116.3513467 39.9605788, 116.351687 39.9605924, 116.3518801 39.9606055, 116.3522077 39.9606014, 116.352205 39.9606919, 116.3523365 39.9606981, 116.3523472 39.9604493, 116.3522131 39.9604452, 116.3522104 39.9604822, 116.3513548 39.9604596, 116.3513575 39.9604205, 116.351218 39.9604164))",,"[4017478616, 4017478617, 4017478618, 4017478619, 4017478620, 4017478621, 4017478622, 4017478623, 4017478624, 4017478625, 4017478626, 4017478627, 4017478628, 4017478629, 4017478616]",,,,,,,,,,,,,
way,399008980,yes,行政办公楼,行政办公楼,行政办公楼,行政辦公樓,"POLYGON ((116.3516781 39.9608009, 116.3518659 39.960805, 116.3518801 39.9606055, 116.351687 39.9605924, 116.3516862 39.9606672, 116.3516781 39.9608009))",,"[4017478630, 4017478631, 4017478621, 4017478620, 4017478632, 4017478630]",,,,,,,,,,,,,
way,399008981,yes,财务处,财务处,财务处,財務處,"POLYGON ((116.3511955 39.9608025, 116.3516139 39.9608148, 116.3516166 39.9607408, 116.3511928 39.9607284, 116.3511955 39.9608025))",,"[4017478633, 4017478634, 4017478635, 4017478636, 4017478633]",,,,,,,,,,,,,
way,399008982,yes,后勤处,后勤处,后勤处,後勤處,"POLYGON ((116.3511928 39.9607284, 116.3516166 39.9607408, 116.351621 39.9606788, 116.3513824 39.9606716, 116.3513843 39.9606469, 116.3513256 39.9606469, 116.3513199 39.9606919, 116.351195 39.9606875, 116.3511928 39.9607284))",,"[4017478636, 4017478635, 4017478637, 4017478638, 4017478639, 4017478640, 4017478641, 4017478642, 4017478636]",,,,,,,,,,,,,
way,399009425,yes,可信网络通信协同创新中心,可信网络通信协同创新中心,可信网络通信协同创新中心,可信網路通信協同創新中心,"POLYGON ((116.3525095 39.9593162, 116.352906 39.9593261, 116.3530426 39.9593296, 116.3530459 39.9589749, 116.3525309 39.9589625, 116.3525095 39.9593162))",,"[4017485668, 4017485672, 4017485669, 4017485670, 4017485671, 4017485668]",,,,,,,,,yes,,,,
way,399009831,university,明光楼,明光楼,明光楼,明光樓,"POLYGON ((116.3546819 39.9573864, 116.3549043 39.9573872, 116.3549069 39.9569125, 116.3546845 39.9569117, 116.3546819 39.9573864))",,"[4017491035, 4017491036, 4017491037, 4017491038, 4017491035]",,,,,,,,,,,,,
way,399010162,yes,留学生1号公寓,留学生1号公寓,留学生1号公寓,留學生1號公寓,"POLYGON ((116.3492915 39.9625842, 116.3498822 39.9626046, 116.3498898 39.9624536, 116.3492991 39.9624275, 116.3492915 39.9625842))",,"[4017493672, 4017493673, 4017493674, 4017493675, 4017493672]",,,,,,,,,,,,,
way,399013934,yes,综合食堂,综合食堂,综合食堂,綜合食堂,"POLYGON ((116.350117 39.9627033, 116.3506813 39.9627265, 116.350704 39.9624363, 116.350136 39.9624276, 116.350117 39.9627033))",,"[4017527714, 4017527715, 4017527716, 4017527717, 4017527714]",restaurant,,,,,,,,,cafeteria,,,
way,399013935,yes,学生9号公寓,学生9号公寓,学生9号公寓,學生9號公寓,"POLYGON ((116.3492512 39.9629788, 116.349747 39.9629865, 116.3497575 39.9628584, 116.3492566 39.9628637, 116.3492512 39.9629788))",,"[4017527718, 4017527719, 2706823954, 2672372199, 4017527718]",,,,,,,,,,,,,
way,399013936,yes,学生11号公寓,学生11号公寓,学生11号公寓,學生11號公寓,"POLYGON ((116.3492582 39.9633484, 116.349901 39.9633555, 116.3499233 39.9632539, 116.3492352 39.9632321, 116.3492582 39.9633484))",,"[4017527722, 4017527723, 4017527724, 4017527725, 4017527722]",,,,,,,,,,,,,
way,399014219,yes,学生10号公寓,学生10号公寓,学生10号公寓,學生10號公寓,"POLYGON ((116.3500518 39.9634749, 116.3508079 39.9634982, 116.3508307 39.9629536, 116.3501101 39.962937, 116.3500708 39.9629361, 116.3500518 39.9634749))",,"[4017531373, 4017531374, 4017531375, 10226799996, 4017531376, 4017531373]",,,,,,,,,,,,,
way,399015104,apartments,学生6号公寓,学生6号公寓,学生6号公寓,學生6號公寓,"POLYGON ((116.3517499 39.9635173, 116.3523787 39.9635418, 116.3523893 39.9634192, 116.3519516 39.9633992, 116.3519592 39.9631808, 116.3522439 39.9631969, 116.3522508 39.9630557, 116.3517686 39.9630474, 116.3517499 39.9635173))",,"[4017547790, 4017547791, 4017547792, 4017547793, 4017547794, 4017547795, 4017547796, 4017547797, 4017547790]",,,,,,,,,,,,,
way,399015106,house,学生活动中心,学生活动中心,学生活动中心,學生活動中心,"POLYGON ((116.3510252 39.962913, 116.3513023 39.9629211, 116.3513129 39.96248, 116.3510412 39.9624719, 116.3510252 39.962913))",,"[4017547798, 4017547799, 4017547800, 4017547801, 4017547798]",,,,,,,,,,,,,
way,399015107,yes,经管楼,经管楼,经管楼,經管樓,"POLYGON ((116.3509502 39.9633373, 116.3515557 39.9633473, 116.351567 39.9630628, 116.3509596 39.9630485, 116.3509502 39.9633373))",,"[4017547802, 4017547803, 4017547804, 4017547805, 4017547802]",,,,,,,,,,,,,
way,399017728,yes,综合服务楼,综合服务楼,综合服务楼,綜合服務樓,"POLYGON ((116.3513649 39.9629409, 116.3515786 39.9629467, 116.3515936 39.9626981, 116.3520697 39.962711, 116.3520757 39.9629564, 116.3523265 39.9629622, 116.3523499 39.9626023, 116.3513805 39.9625646, 116.3513649 39.9629409))",,"[4017574972, 4017574973, 4017574974, 4017574975, 4017574976, 4017574977, 4017574978, 4017574979, 4017574972]",,,,,,,,,,,,,
way,399017729,commercial,北邮科技酒店,北邮科技酒店,北邮科技酒店,北郵科技飯店,"POLYGON ((116.3489267 39.9632687, 116.3492352 39.9632321, 116.3492351 39.9629336, 116.3490863 39.9629305, 116.3489374 39.9629274, 116.3489267 39.9632687))",,"[4017574980, 4017527725, 4017574981, 10226799995, 4017574982, 4017574980]",,,,,,,,,,,,,
way,399017963,yes,,,,,"POLYGON ((116.3489186 39.9634372, 116.3492029 39.9634413, 116.3492352 39.9632321, 116.3489267 39.9632687, 116.3489186 39.9634372))",,"[4017578094, 4017578095, 4017527725, 4017574980, 4017578094]",,,,,,,,,,,,,
way,399018200,yes,北京邮电大学学生餐厅,北京邮电大学学生餐厅,北京邮电大学学生餐厅,北京郵電大學學生餐廳,"POLYGON ((116.3525981 39.9622278, 116.3533169 39.9622484, 116.3533491 39.9617282, 116.3526196 39.9617077, 116.3525981 39.9622278))",,"[4017581642, 4017581643, 4017581644, 4017581645, 4017581642]",restaurant,,,,,,,,,cafeteria,,,
way,399018201,apartments,家属27号楼,家属27号楼,家属27号楼,家屬27號樓,"POLYGON ((116.3536517 39.9626955, 116.3539476 39.9627018, 116.3539546 39.9625064, 116.3536587 39.9625001, 116.3536517 39.9626955))",,"[4017581646, 4017581647, 4017581648, 4017581649, 4017581646]",,,,,,,,,,,,,
way,399018202,apartments,家属28号楼,家属28号楼,家属28号楼,家屬28號樓,"POLYGON ((116.3536956 39.9619624, 116.3539989 39.9619616, 116.3539981 39.9617762, 116.3536948 39.961777, 116.3536956 39.9619624))",,"[4017581650, 4017581651, 4017581652, 4017581653, 4017581650]",,,,,,,,,,,,,
way,399018593,apartments,学生29号公寓,学生29号公寓,学生29号公寓,學生29號公寓,"POLYGON ((116.3543286 39.9616213, 116.3543305 39.9615937, 116.354285 39.961614, 116.3542642 39.9615807, 116.3543399 39.9615429, 116.3543248 39.961511, 116.3542699 39.9615284, 116.3542434 39.9614834, 116.3543267 39.9614529, 116.3543172 39.9614225, 116.3542755 39.9614413, 116.3542434 39.9614007, 116.354321 39.9613644, 116.3543191 39.9613049, 116.3542907 39.9613093, 116.3543002 39.9612628, 116.3545955 39.9612686, 116.3545842 39.9613731, 116.3546429 39.9614094, 116.3546145 39.96145, 116.3545482 39.961421, 116.3545501 39.9614617, 116.3546353 39.9615023, 116.354605 39.9615386, 116.3545558 39.9615226, 116.3545084 39.9615473, 116.3546145 39.9615879, 116.3545823 39.9616315, 116.3545387 39.9616097, 116.3545368 39.9616271, 116.3543286 39.9616213))",,"[4017585968, 4017585969, 4017585970, 4017585971, 4017585972, 4017585973, 4017585974, 4017585975, 4017585976, 4017585977, 4017585978, 4017585979, 4017585980, 4017585981, 4017585982, 4017585983, 4017585984, 4017585985, 4017585986, 4017585987, 4017585988, 4017586289, 4017586290, 4017586291, 4017586292, 4017586293, 4017586294, 4017586295, 4017586296, 4017586297, 4017585968]",,,,,,,,,,,,,
way,399018595,apartments,25号楼,25号楼,25号楼,25號樓,"POLYGON ((116.3541994 39.9630084, 116.3543058 39.9630108, 116.3543051 39.9630273, 116.3543858 39.9630292, 116.3543847 39.9630578, 116.3545088 39.9630607, 116.3545141 39.9629266, 116.35431 39.9629219, 116.354312 39.9628723, 116.3542048 39.9628699, 116.3541994 39.9630084))",,"[4017586298, 4017586299, 4017586300, 4017586301, 4017586302, 4017586303, 4017586304, 4017586305, 4017586306, 4017586307, 4017586298]",,,,,,,,,,,,,
way,399018596,apartments,26号楼,26号楼,26号楼,26號樓,"POLYGON ((116.3542222 39.9623695, 116.3544192 39.962371, 116.3544186 39.9624237, 116.3545595 39.9624248, 116.3545614 39.9622809, 116.3543458 39.9622793, 116.3543464 39.9622337, 116.3542239 39.9622328, 116.3542222 39.9623695))",,"[4017586308, 4017586309, 4017586310, 4017586311, 4017586312, 4017586313, 4017586314, 4017586315, 4017586308]",,,,,,,,,,,,,
way,399038556,apartments,,,,,"POLYGON ((116.3526406 39.9578182, 116.3531992 39.9578298, 116.353203 39.9576417, 116.3526519 39.957633, 116.3526406 39.9578182))",,"[4017759232, 4017759233, 4017759234, 4017759235, 4017759232]",,,,,,,,,,,,,
way,399038557,apartments,21号楼,21号楼,21号楼,21號樓,"POLYGON ((116.3526816 39.9573814, 116.3529949 39.9573901, 116.3530024 39.9572599, 116.3526854 39.9572512, 116.3526816 39.9573814))",,"[4017759236, 4017759237, 4017759238, 4017759239, 4017759236]",,,,,,,,,,,,,
way,399038558,apartments,13号楼,13号楼,13号楼,13號樓,"POLYGON ((116.353031 39.9574937, 116.3536613 39.9574937, 116.3536673 39.9573983, 116.353031 39.9574012, 116.353031 39.9574937))",,"[4017759240, 4017759241, 4017759242, 4017759243, 4017759240]",,,,,,,,,,,,,
way,399038559,apartments,,,,,"POLYGON ((116.3534115 39.9579651, 116.3534128 39.9578236, 116.35412 39.9578205, 116.3542855 39.9578177, 116.3542874 39.9579042, 116.3544905 39.9579027, 116.3544905 39.9580036, 116.3542911 39.958008, 116.3542893 39.9579532, 116.3534115 39.9579651))",,"[4017759244, 4017759245, 4017759246, 4017759247, 4017759248, 4017759249, 4017759250, 4017759251, 4017759252, 4017759244]",,,,,,,,,,,,,
way,399038560,apartments,,,,,"POLYGON ((116.3534366 39.9582802, 116.3534366 39.9581779, 116.3538109 39.9581735, 116.3538109 39.9582182, 116.3547251 39.9582182, 116.3547251 39.9583148, 116.3538072 39.9583148, 116.3538053 39.9582745, 116.3534366 39.9582802))",,"[4017759253, 4017759254, 4017759255, 4017759256, 4017759257, 4017759258, 4017759259, 4017759260, 4017759253]",,,,,,,,,,,,,
way,399038561,apartments,19号楼,19号楼,19号楼,19號樓,"POLYGON ((116.3525149 39.9586829, 116.3531693 39.9586912, 116.3531908 39.9585966, 116.3525149 39.9585801, 116.3525149 39.9586829))",,"[4017759261, 4017759262, 4017759263, 4017759264, 4017759261]",,,,,,,,,,,,,
way,399038562,house,科学会堂,科学会堂,科学会堂,科學會堂,"POLYGON ((116.3526303 39.9601659, 116.3530219 39.9601741, 116.3530574 39.9595863, 116.3526464 39.9595862, 116.3526303 39.9601659))",,"[4017759265, 4017759266, 4017759267, 4017759268, 4017759265]",,,,,,,,,,,,,
way,399041101,apartments,11号楼,11号楼,11号楼,11號樓,"POLYGON ((116.3518814 39.956939, 116.3526779 39.9569472, 116.3526779 39.9568359, 116.351876 39.9568317, 116.3518814 39.956939))",,"[4017781502, 4017781503, 4017781504, 4017781505, 4017781502]",,,,,,,,,,,,,
way,399041102,yes,北京邮电大学幼儿园,北京邮电大学幼儿园,北京邮电大学幼儿园,北京郵電大學幼儿園,"POLYGON ((116.3528073 39.9582132, 116.3528046 39.9580734, 116.3530514 39.9580816, 116.353046 39.9580446, 116.3532767 39.9580507, 116.3532659 39.9582091, 116.3533491 39.958207, 116.3533464 39.9582625, 116.3532472 39.9582625, 116.3532472 39.9583304, 116.3530299 39.9583283, 116.3530353 39.9582152, 116.3528073 39.9582132))",,"[4017781506, 4017781507, 4017781508, 4017781509, 4017781510, 4017781511, 4017781512, 4017781513, 4017781514, 4017781515, 4017781516, 4017781517, 4017781506]",childcare,,,,,,,,,,,,
way,399041103,apartments,,,,,"POLYGON ((116.3546688 39.9579753, 116.3548892 39.957984, 116.354912 39.9574365, 116.3546878 39.9574336, 116.3546688 39.9579753))",,"[4017781518, 4017781519, 4017781520, 4017781521, 4017781518]",,,,,,,,,,,,,
way,399041104,house,,,,,"POLYGON ((116.3538119 39.9577485, 116.3538145 39.957658, 116.3538575 39.9576601, 116.3538601 39.9575326, 116.3540211 39.9575367, 116.354013 39.9577526, 116.3538119 39.9577485))",,"[4017781522, 4017781523, 4017781524, 4017781525, 4017781526, 4017781527, 4017781522]",,,,,,,,,,,,,
way,399042378,apartments,23号楼,23号楼,23号楼,23號樓,"POLYGON ((116.3525293 39.9635553, 116.3530992 39.9635699, 116.3531068 39.9634359, 116.3525255 39.9634243, 116.3525293 39.9635553))",,"[4017787594, 4017787595, 4017787596, 4017787597, 4017787594]",,,,,,,,,,,,,
way,399042379,apartments,24号楼,24号楼,24号楼,24號樓,"POLYGON ((116.3531828 39.9635728, 116.3544784 39.9636136, 116.3544898 39.963468, 116.3531866 39.9634301, 116.3531828 39.9635728))",,"[4017787598, 4017787599, 4017787600, 4017787601, 4017787598]",,,,,,,,,,,,,
way,399046289,university,教三楼,教三楼,教三楼,教三樓,"POLYGON ((116.349515 39.9592074, 116.3495257 39.958899, 116.3495472 39.9588373, 116.3504001 39.9588497, 116.350384 39.9591211, 116.3505825 39.9591293, 116.350604 39.9588538, 116.3506737 39.9588538, 116.3507542 39.958862, 116.3508132 39.9588867, 116.350899 39.9589442, 116.3509419 39.9589648, 116.3508988 39.9592792, 116.3499761 39.9592504, 116.3498635 39.9592956, 116.3497671 39.9592156, 116.349515 39.9592074))",,"[4017820155, 4017820156, 4017820157, 4017820158, 4017820159, 4017820160, 4017820161, 4017820162, 4017820163, 4017820164, 4017820165, 4017820166, 4017820167, 4017820168, 4017820169, 4017820170, 4017820155]",,,,,,,,,,,,,
way,399046290,house,,,,,"POLYGON ((116.3544072 39.9620826, 116.3545734 39.9620865, 116.3545884 39.9617175, 116.3544222 39.9617136, 116.3544072 39.9620826))",,"[4017820171, 4017820172, 4017820173, 4017820174, 4017820171]",,,,,,,,,,,,,
way,399046291,house,,,,,"POLYGON ((116.3533304 39.9569644, 116.3533278 39.9568061, 116.3539473 39.9568019, 116.3539393 39.9569644, 116.3533304 39.9569644))",,"[4017820175, 4017820176, 4017820177, 4017820178, 4017820175]",,,,,,,,,,,,,
way,399046292,university,12号楼,12号楼,12号楼,12號樓,"POLYGON ((116.3530193 39.9571268, 116.3536711 39.9571309, 116.3536738 39.9570199, 116.3532178 39.9570219, 116.3532205 39.9568061, 116.3530193 39.9568061, 116.3530193 39.9571268))",,"[4017820179, 4017820180, 4017820181, 4017820182, 4017820183, 4017820184, 4017820179]",,,,,,,,,,,,,
way,399046293,house,,,,,"POLYGON ((116.3537301 39.9571165, 116.3540788 39.9571165, 116.3540788 39.9570096, 116.3537301 39.9570117, 116.3537301 39.9571165))",,"[4017820185, 4017820186, 4017820187, 4017820188, 4017820185]",,,,,,,,,,,,,
way,582551389,yes,教工餐厅,教工餐厅,教工餐厅,教工餐廳,"POLYGON ((116.3518657 39.962363, 116.3523562 39.9623733, 116.3523854 39.9619836, 116.3521098 39.9619733, 116.3520919 39.9623098, 116.3518679 39.9623063, 116.3518657 39.962363))",,"[5571169978, 5571169979, 5571169980, 5571169981, 5571169982, 5571169983, 5571169978]",restaurant,,,,,,,,,cafeteria,,,
way,582551392,yes,北邮邮驿站,北邮邮驿站,北邮邮驿站,北郵郵驛站,"POLYGON ((116.3509591 39.963552, 116.3515541 39.9635623, 116.3515586 39.9633737, 116.3509681 39.9633634, 116.3509591 39.963552))",,"[5571169990, 5571169991, 5571169992, 5571169993, 5571169990]",,,,,,,,,,,,,
way,959801254,hospital,北京中仁中医医院,北京中仁中医医院,北京中仁中医医院,北京中仁中醫醫院,"POLYGON ((116.3542391 39.9569038, 116.3542388 39.956811, 116.3546555 39.9568102, 116.3546557 39.9569032, 116.3542391 39.9569038))",,"[8880432302, 8880432303, 8880432304, 8880432305, 8880432302]",hospital,,,,Beijing Zhongren Hospital of Traditional Chinese Medicine,,,,,,hospital,traditional_chinese_medicine,http://www.zrzyyy.com/
