element_type,osmid,nodes,amenity,building,emergency,healthcare,name,name:en,name:zh,name:zh-Hans,name:zh-Hant,operator,operator:type,wheelchair,geometry,building:levels,smoking,ref,leisure,air_conditioning,outdoor_seating,layer,note,access,sport,description,internet_access,internet_access:fee,addr:city,addr:housenumber,addr:postcode,addr:street,foot,start_date,addr:province,bicycle_parking,man_made
way,265032063,"[2706839920, 2894949809, 2706839921, 2768934148, 2768934149, 2706839923, 2706839924, 2706839925, 2706839926, 2706839927, 2706839928, 5006731310, 2706839929, 2894949805, 2894949801, 2706839930, 2894949808, 2706839920]",hospital,no,yes,hospital,中国科学技术大学医院,University of Science and Technology of China Hospital,中国科学技术大学医院,中国科学技术大学医院,中國科學技術大學醫院,中国科学技术大学,government,yes,"POLYGON ((117.2612645 31.8358168, 117.2609926 31.8358055, 117.2609751 31.8358048, 117.2609408 31.8358113, 117.2604606 31.8358404, 117.2604606 31.8358242, 117.2601808 31.8358522, 117.2601719 31.8358345, 117.2601243 31.8358396, 117.2601184 31.8358093, 117.2600854 31.8358096, 117.2600134 31.8351407, 117.2612452 31.8350195, 117.2612553 31.8351185, 117.2612688 31.8353032, 117.2612794 31.8354334, 117.2612744 31.8356595, 117.2612645 31.8358168))",,,,,,,,,,,,,,,,,,,,,,
way,265575547,"[2712228930, 2712228931, 2712228932, 2712228933, 2712228952, 2712228954, 2712228953, 2712228934, 2712228935, 2712228936, 2712228937, 2712228938, 2712228939, 2712228940, 2712228941, 2712228942, 2712228943, 2712228944, 2712228945, 2712228946, 2712228947, 2712228948, 2712228949, 2712228950, 2712228951, 2712228930]",,university,,,第五教学楼,,第五教学楼,第五教学楼,第五教學樓,中国科学技术大学,,yes,"POLYGON ((117.2653775 31.8429276, 117.2652907 31.8428874, 117.2652413 31.8429644, 117.2654813 31.8430755, 117.2658177 31.8430882, 117.2660332 31.8430678, 117.2661709 31.8430543, 117.2663904 31.8430661, 117.2663921 31.8430186, 117.2664542 31.8430187, 117.2664622 31.8428271, 117.2662647 31.842822, 117.2662607 31.8428591, 117.2662097 31.8428591, 117.2662126 31.8428205, 117.2660126 31.8428147, 117.266013 31.8428489, 117.2659608 31.8428481, 117.2659593 31.8428136, 117.2657598 31.8428068, 117.2657598 31.8428441, 117.2657038 31.8428425, 117.2657047 31.8428062, 117.2655078 31.8428029, 117.2655064 31.8428661, 117.2653775 31.8429276))",5,no,,,,,,,,,,,,,,,,,,,,
way,265575551,"[2712228958, 2712228959, 2712228960, 2712228987, 2712228989, 2712228988, 2712228986, 2712228961, 2712228962, 2712228963, 2712228964, 2712228965, 2712228966, 2712228967, 2712228968, 2712228969, 2712228970, 2712228971, 2712228972, 2712228973, 2712228974, 2712228975, 2712228976, 2712228977, 2712228978, 2712228979, 2712228980, 2712228981, 2712228982, 2712228983, 2712228984, 2712228985, 2712228958]",,yes,,,第一教学楼,,第一教学楼,第一教学楼,第一教學樓,中国科学技术大学,,yes,"POLYGON ((117.2629795 31.8411951, 117.2630855 31.8412012, 117.2630874 31.8411782, 117.2634638 31.8412, 117.2634625 31.8412164, 117.2638047 31.8412362, 117.2638061 31.8412189, 117.2641802 31.8412404, 117.2641785 31.841261, 117.264283 31.8412669, 117.2643216 31.8407777, 117.264112 31.8407657, 117.2641033 31.8408758, 117.264174 31.8408798, 117.2641568 31.8410976, 117.2638535 31.8410803, 117.2638502 31.8411219, 117.2638105 31.8411197, 117.2638171 31.8410361, 117.2637231 31.8410307, 117.2637209 31.8410581, 117.263581 31.8410501, 117.2635834 31.8410207, 117.2634735 31.8410144, 117.2634674 31.84109, 117.2634395 31.8410884, 117.2634423 31.8410532, 117.2631371 31.8410354, 117.2631537 31.8408293, 117.2632268 31.8408335, 117.2632358 31.8407218, 117.2630186 31.8407092, 117.2629795 31.8411951))",4,no,201#,,,,,,,,,,,,,,,,,,,
way,267624861,"[2730675529, 2730675530, 2730675531, 2730675532, 2730675533, 2730675534, 2730675535, 2730675536, 2730675529]",,yes,,,东区学生活动中心,,东区学生活动中心,东区学生活动中心,東區學生活動中心,中国科学技术大学,,yes,"POLYGON ((117.2652202 31.8383168, 117.265145 31.838313, 117.2651311 31.8385107, 117.2651981 31.8385141, 117.2651878 31.8386595, 117.2657521 31.8386885, 117.2657841 31.8382375, 117.2652278 31.838209, 117.2652202 31.8383168))",6,no,,,,,,,,,,,,,,,,,,,,
way,267624862,"[2730675537, 2730675538, 2730675539, 2730675540, 2730675541, 2730675542, 2730675543, 2712250471, 2730675537]",,grandstand,,,,,,,,,,,"POLYGON ((117.2609228 31.8390039, 117.2608565 31.8389973, 117.2608896 31.8385393, 117.2608318 31.8385363, 117.2608481 31.8383103, 117.2609132 31.8383137, 117.2609474 31.8378405, 117.2610113 31.8378395, 117.2609228 31.8390039))",,,,bleachers,,,,,,,,,,,,,,,,,,
way,267624863,"[2730675544, 2730675545, 2730675546, 2730675551, 2730675550, 2730675547, 2730675548, 2730675549, 2730675544]",,yes,,,320#,320#,320#,,,中国科学技术大学,,yes,"POLYGON ((117.2620221 31.8389771, 117.2628448 31.8390265, 117.2628576 31.838873, 117.2627212 31.8388648, 117.2627203 31.8388752, 117.2621786 31.8388427, 117.2621799 31.8388268, 117.2620354 31.8388181, 117.2620221 31.8389771))",,no,,,,,,,,,,,,,,,,,,,,
way,267624864,"[2730675552, 2730675553, 2730675554, 2730675555, 2730675556, 2730675557, 2730675558, 2730675559, 2730675560, 2730675561, 2730675562, 2730675563, 2730675564, 2730675565, 2730675566, 2730675567, 2730675552]",,yes,,,321#,321#,321#,,,中国科学技术大学,,yes,"POLYGON ((117.2620438 31.838581, 117.2620544 31.8384547, 117.2624439 31.8384783, 117.2624538 31.8384644, 117.2624916 31.8384658, 117.2624982 31.8384811, 117.2628794 31.8385029, 117.2628694 31.8386283, 117.2626902 31.8386181, 117.2626919 31.8385956, 117.2625267 31.8385862, 117.2625117 31.8386018, 117.2624078 31.8385928, 117.2623954 31.8385775, 117.2622237 31.8385671, 117.2622217 31.8385918, 117.2620438 31.838581))",,no,,,,,,,,,,,,,,,,,,,,
way,267624865,"[2730675568, 2730675569, 2730675570, 2730675571, 2730675572, 10713393246, 2730675573, 2730675574, 2730675575, 2730675576, 2730675577, 2730675578, 2730675579, 2730675568]",,yes,,,322#,322#,322#,,,中国科学技术大学,,yes,"POLYGON ((117.2621065 31.8382315, 117.2622691 31.8382399, 117.2622705 31.8382198, 117.2627374 31.8382438, 117.2627363 31.8382595, 117.2627778 31.8382616, 117.2628953 31.8382675, 117.2629034 31.838151, 117.2625702 31.8381342, 117.2625625 31.8381238, 117.2624633 31.8381199, 117.2624526 31.838129, 117.2621152 31.8381114, 117.2621065 31.8382315))",,no,,,,,,,,,,,,,,,,,,,,
way,267624866,"[2730675580, 2730675581, 2730675582, 2730675583, 2730675584, 2730675585, 2730675586, 2730675587, 2730675588, 2730675589, 2730675590, 2730675591, 2730675592, 2730675593, 2730675594, 2730675595, 2730675580]",,yes,,,323#,323#,323#,,,中国科学技术大学,,yes,"POLYGON ((117.2621039 31.8379208, 117.2622837 31.8379298, 117.2622854 31.8379064, 117.2624572 31.837915, 117.2624664 31.8379306, 117.2625763 31.8379358, 117.26259 31.8379228, 117.2627569 31.83793, 117.2627556 31.8379523, 117.2629263 31.8379596, 117.2629335 31.8378379, 117.2625549 31.8378217, 117.2625457 31.8378009, 117.262506 31.8377996, 117.2624923 31.8378152, 117.2621126 31.8377961, 117.2621039 31.8379208))",,no,,,,,,,,,,,,,,,,,,,,
way,267646978,"[2682745775, 10583324110, 2730842084, 2730842097, 2730842100, 2730842102, 2730842104, 2730842106, 2730842108, 2730842111, 2730842113, 2730842115, 2730842117, 2730842119, 2682745776, 2682745775]",,commercial,,,高科技广场（北区）,,高科技广场（北区）,高科技广场（北区）,高科技廣場（北區）,中国科学技术大学,,yes,"POLYGON ((117.2632133 31.8428201, 117.2633183 31.8427656, 117.2633367 31.842756, 117.2632899 31.8426909, 117.263266 31.8427033, 117.2630924 31.8424621, 117.2631245 31.8424455, 117.2630618 31.8423582, 117.2630293 31.8423751, 117.2628162 31.8420788, 117.2628512 31.8420606, 117.2627992 31.8419883, 117.2627604 31.8420085, 117.2625412 31.8417039, 117.2624457 31.8417535, 117.2632133 31.8428201))",,no,,,,,,,,,,,,,,,,,,,,
way,267646979,"[2730842121, 2730842123, 2730842126, 2730842128, 2730842130, 2730842132, 2730842134, 2730842136, 2730842139, 2730842145, 2730842143, 2730842141, 2730842121]",,university,,,科研楼,,科研楼,科研楼,科研樓,中国科学技术大学,,yes,"POLYGON ((117.2666893 31.8428095, 117.2673607 31.8428213, 117.2673587 31.8429051, 117.2673875 31.8429056, 117.2673782 31.8432761, 117.2673457 31.8433597, 117.2671193 31.8432961, 117.2671449 31.8432305, 117.267149 31.8430516, 117.2667099 31.8430443, 117.2667119 31.8429606, 117.2666856 31.8429601, 117.2666893 31.8428095))",,no,,,,,,,,,,,,,,,,,,,,
way,267646980,"[2730842146, 2730842147, 2730842148, 2730842149, 2730842150, 3112611568, 2730842151, 2730842152, 2730842153, 2730842154, 2730842155, 2730842146]",,yes,,,水上报告厅,,水上报告厅,水上报告厅,水上報告廳,中国科学技术大学,,yes,"POLYGON ((117.2649139 31.840542, 117.2649152 31.8405127, 117.2649653 31.8405142, 117.2649752 31.840288, 117.2648318 31.8402834, 117.264831 31.8402997, 117.2648302 31.840321, 117.2646365 31.840315, 117.264629 31.8404838, 117.2648123 31.8404896, 117.2648101 31.8405388, 117.2649139 31.840542))",,no,203#,,,,,,,,,,,,,,,,,,,
way,268207470,"[2735682928, 2735682929, 2735682930, 2735682931, 2735682928]",cafe,yes,,,USTC1958（东区）,,USTC1958（东区）,USTC1958（东区）,USTC1958（東區）,,,yes,"POLYGON ((117.2631177 31.8404383, 117.2631186 31.8405189, 117.2633178 31.8405174, 117.263317 31.8404368, 117.2631177 31.8404383))",,no,,,yes,yes,,,,,,,,,,,,,,,,
way,268836823,"[2682745778, 2741497151, 2741497153, 2741497154, 2741497155, 2741497156, 2741497157, 2741497158, 2741497159, 2741497160, 2741497161, 2741497162, 2741497163, 2741497164, 2741497165, 2682745760, 2741497166, 2682745779, 2682745778]",,yes,,,高科技广场（南区）,,高科技广场（南区）,高科技广场（南区）,高科技廣場（南區）,中国科学技术大学,,yes,"POLYGON ((117.2610535 31.8396671, 117.2611391 31.8396204, 117.2609552 31.8392656, 117.260996 31.8392498, 117.2609497 31.8391554, 117.260911 31.8391643, 117.2608279 31.8389797, 117.260852 31.8389683, 117.2608091 31.8388612, 117.2607755 31.8388704, 117.2607514 31.8388153, 117.2607903 31.8388043, 117.2607501 31.8386994, 117.2607106 31.8387098, 117.2605772 31.838376, 117.2604697 31.8384185, 117.260655 31.8388657, 117.2608403 31.8392782, 117.2610535 31.8396671))",,no,,,,,,,,,,,,,,,,,,,,
way,268836824,"[2741497168, 2741497169, 2741497170, 2741497171, 2741497172, 2741497173, 10583324315, 2741497174, 2741497175, 2741497176, 2741497177, 2741497178, 2741497179, 2741497180, 2741497181, 2682745780, 2741497182, 2682745761, 2741497168]",,yes,,,高科技广场（南区）,,高科技广场（南区）,高科技广场（南区）,高科技廣場（南區）,中国科学技术大学,,yes,"POLYGON ((117.2604493 31.8383904, 117.2605531 31.8383573, 117.260453 31.8380534, 117.2604938 31.838044, 117.2604586 31.8379322, 117.2604178 31.8379432, 117.2603215 31.8376359, 117.2602881 31.8375292, 117.260314 31.8375229, 117.2602881 31.8374111, 117.2603381 31.837389, 117.2603492 31.83723, 117.2602843 31.8372253, 117.2602862 31.8370899, 117.2601676 31.8370773, 117.2600675 31.837093, 117.2602658 31.8378582, 117.2603288 31.8380645, 117.2604493 31.8383904))",,no,,,,,,,,,,,,,,,,,,,,
way,270048432,"[2751451448, 2751451450, 2751451451, 2751451453, 2751451454, 2751451456, 2751451448]",,dormitory,,,,,,,,,,,"POLYGON ((117.2638982 31.8373346, 117.2631918 31.8373005, 117.2632013 31.8371588, 117.2638796 31.8371915, 117.2638766 31.8372363, 117.2639047 31.8372377, 117.2638982 31.8373346))",6,,229#,,,,,,,,,,,,,,,,,,,
way,270048433,"[2751451457, 2751451459, 2751451461, 2751451463, 2751451464, 2751451466, 2751451467, 2751451469, 2751451470, 2751451472, 2751451473, 2751451475, 2751451476, 2751451478, 2751451479, 2751451488, 2751451491, 2751451492, 2751451489, 2751451481, 2751451482, 2751451484, 2751451485, 2751451487, 2751451457]",,dormitory,,,,,,,,中国科学技术大学,,yes,"POLYGON ((117.2642697 31.8374692, 117.2643904 31.8374776, 117.2643971 31.8374088, 117.2643733 31.8374071, 117.2643752 31.8373872, 117.2646437 31.8374058, 117.264642 31.8374227, 117.2646181 31.8374211, 117.2646117 31.8374884, 117.2647283 31.8374965, 117.2647346 31.8374307, 117.2647214 31.8374298, 117.2647231 31.8374119, 117.264861 31.8374214, 117.2648715 31.8373123, 117.2645787 31.8372921, 117.2645799 31.83728, 117.2644598 31.8372716, 117.2644587 31.8372828, 117.264152 31.8372615, 117.2641411 31.837374, 117.2642982 31.8373849, 117.2642966 31.8374014, 117.2642764 31.8374, 117.2642697 31.8374692))",,no,221#,,,,,,,,,,,,,,,,,,,
way,270048434,"[2751451494, 2751451495, 2751451497, 2751451498, 2751451494]",,yes,,,,,,,,中国科学技术大学,,yes,"POLYGON ((117.2650975 31.8371011, 117.2651097 31.8369715, 117.265635 31.8370073, 117.2656228 31.8371368, 117.2650975 31.8371011))",,no,216#,,,,,,,,,,,,,,,,,,,
way,270334645,"[2753721008, 2753721014, 2753721016, 2753721018, 2753721021, 3114152053, 3114152052, 3114152054, 3114152055, 2753721024, 3114152057, 3114152056, 2753721008]",,yes,,,物理楼,,物理楼,物理楼,物理樓,中国科学技术大学,,yes,"POLYGON ((117.2612156 31.8398132, 117.2617258 31.8398442, 117.2617361 31.8397229, 117.2613673 31.8397005, 117.261372 31.8396439, 117.2613962 31.8396453, 117.2614123 31.8394881, 117.2611655 31.8394722, 117.2611521 31.8396431, 117.2611723 31.8396442, 117.2611669 31.8396978, 117.2612219 31.8397023, 117.2612156 31.8398132))",,no,,,,,,,,,,,,,,,,,,,,
way,270334647,"[2753721027, 2753721030, 2753721032, 2753721035, 2753721027]",,yes,,,陶瓷艺术中心,,陶瓷艺术中心,陶瓷艺术中心,陶瓷藝術中心,中国科学技术大学,,yes,"POLYGON ((117.2614521 31.8396135, 117.2615826 31.8396278, 117.2616055 31.839477, 117.261475 31.8394627, 117.2614521 31.8396135))",,no,,,,,,,,,,,,,,,,,,,,
way,270334648,"[2753721038, 2753721043, 2753721045, 2753721048, 2753721051, 2753721054, 2753721038]",,yes,,,学生服务中心,,学生服务中心,学生服务中心,學生服務中心,中国科学技术大学,,yes,"POLYGON ((117.2629951 31.8371618, 117.2630224 31.8368484, 117.2626609 31.8368257, 117.2626497 31.8369537, 117.2627975 31.836963, 117.2627813 31.8371484, 117.2629951 31.8371618))",,no,,,,,,,,,,,,,,,,,,,,
way,270334649,"[2753721057, 2753721060, 2753721062, 2753721065, 2753721068, 2753721071, 2753721057]",,university,,,国际学院（国际合作与交流部）,,国际学院（国际合作与交流部）,国际学院（国际合作与交流部）,國際學院（國際合作與交流部）,中国科学技术大学,,yes,"POLYGON ((117.2625702 31.8376807, 117.2629307 31.837704, 117.2629506 31.8374809, 117.2625577 31.8374556, 117.2625512 31.8375284, 117.2625836 31.8375305, 117.2625702 31.8376807))",,no,,,,,,,,,,,,,,,,,,,,
way,270537512,"[2755623185, 2755623186, 2755623187, 2755623188, 2755623189, 2755623190, 2755623191, 2755623192, 2755623193, 2755623194, 2755623195, 2755623196, 2755623185]",,yes,,,教学行政楼,,教学行政楼,教学行政楼,教學行政樓,中国科学技术大学,,yes,"POLYGON ((117.2657115 31.8433752, 117.2657164 31.8432698, 117.2656415 31.8432673, 117.2656442 31.8432095, 117.2653512 31.8431997, 117.2651604 31.8432276, 117.2648616 31.8431333, 117.2648329 31.843199, 117.2648518 31.843205, 117.2648386 31.8432352, 117.2648588 31.8432415, 117.2648539 31.8433465, 117.2657115 31.8433752))",,no,,,,,,,,,,,,,,,,,,,,
way,270537513,"[2755623197, 2755623198, 2755623199, 2755623200, 2755623201, 2755623202, 2755623203, 2755623204, 2755623209, 2755623205, 2755623206, 2755623207, 2755623208, 2755623197]",,yes,,,管理科学教学科研楼,,管理科学教学科研楼,管理科学教学科研楼,管理科學教學科研樓,中国科学技术大学,,yes,"POLYGON ((117.2669841 31.8433233, 117.2669427 31.8433233, 117.2669463 31.8432529, 117.266903 31.8432513, 117.2668832 31.8432406, 117.266611 31.8432314, 117.2664451 31.8432069, 117.2661297 31.8432375, 117.2661337 31.8432605, 117.2661387 31.8432896, 117.2661657 31.8432911, 117.2661693 31.8433876, 117.2669823 31.8434121, 117.2669841 31.8433233))",,no,,,,,,,,,,,,,,,,,,,,
way,270537514,"[2755623209, 2755623210, 2755623211, 2755623212, 2755623213, 2755623214, 2755623215, 2755623216, 2755623217, 2755623218, 2755623219, 2755623220, 2755623207, 2755623206, 2755623205, 2755623209]",,yes,,,管理学院MBA中心,,管理学院MBA中心,管理学院MBA中心,管理學院MBA中心,中国科学技术大学,,yes,"POLYGON ((117.2661337 31.8432605, 117.266099 31.8432605, 117.2659422 31.8432146, 117.2658917 31.8432207, 117.2658593 31.8432498, 117.2658431 31.8432896, 117.2658557 31.8433738, 117.2658935 31.8433692, 117.265908 31.8433861, 117.2659368 31.8433922, 117.2660071 31.8433861, 117.2660792 31.8433983, 117.2661693 31.8433876, 117.2661657 31.8432911, 117.2661387 31.8432896, 117.2661337 31.8432605))",,no,,,,,,,,,,,,,,,,,,,,
way,270537516,"[2755623226, 2755623227, 2755623228, 2755623229, 2755623230, 2755623231, 2755623232, 2755623233, 2755623234, 2755623235, 2755623236, 2755623237, 2755623238, 2755623239, 2755623240, 2755623241, 2755623242, 2755623243, 2755623226]",,yes,,,,,,,,中国科学技术大学,,yes,"POLYGON ((117.2644432 31.842644, 117.26445 31.8425016, 117.2641489 31.8424913, 117.2641522 31.8424233, 117.2642111 31.8424253, 117.2642138 31.8423684, 117.2641549 31.8423663, 117.2641591 31.8422775, 117.2640097 31.8422724, 117.2640048 31.8423757, 117.264063 31.8423777, 117.2640606 31.842428, 117.2638514 31.8424207, 117.2638433 31.8425916, 117.2640339 31.8425981, 117.2640308 31.8426627, 117.264146 31.8426665, 117.2641476 31.842634, 117.2644432 31.842644))",,no,,,,,,,,,,,,,,,,,,,,
way,271365631,"[2763190972, 2763190977, 2763190979, 2763190981, 2763190984, 2763190986, 2763190988, 2763190990, 2763190993, 2763190994, 2763190995, 2763190997, 2763190998, 2763190999, 2763191001, 2763191002, 2763191004, 2763191005, 2763191006, 2763191008, 2763190972]",,yes,,,行政楼,,行政楼,行政楼,行政樓,中国科学技术大学,,yes,"POLYGON ((117.2641386 31.8385248, 117.2640596 31.8385203, 117.2640441 31.8387139, 117.2641834 31.8387219, 117.2641867 31.8386803, 117.264366 31.8386907, 117.26436 31.8387663, 117.2645034 31.8387746, 117.2645091 31.8387037, 117.2647104 31.8387153, 117.264708 31.8387457, 117.2648289 31.8387527, 117.2648432 31.8385754, 117.2647545 31.8385703, 117.2647491 31.8386378, 117.2645304 31.8386251, 117.2645315 31.8386116, 117.2643677 31.8386021, 117.2643666 31.8386153, 117.2641325 31.8386017, 117.2641386 31.8385248))",,no,218#,,,,,,,,,,,,,,,,,,,
way,271365634,"[2763191009, 2763191034, 2763191036, 2763191038, 2763191035, 2763191011, 2763191012, 2763191013, 2763191015, 2763191016, 2763191018, 2763191019, 2763191020, 2763191022, 2763191023, 2763191027, 2763191028, 2763191029, 2763191031, 2763191032, 2763191009]",,yes,,,校史馆,,校史馆,校史馆,校史館,中国科学技术大学,,yes,"POLYGON ((117.2642042 31.8380029, 117.2644252 31.8380169, 117.2644242 31.8380277, 117.264576 31.8380372, 117.264577 31.8380256, 117.2647904 31.838039, 117.2647838 31.8381146, 117.2648897 31.8381213, 117.2649065 31.8379277, 117.2647782 31.8379197, 117.264776 31.8379448, 117.2645805 31.8379325, 117.2645833 31.8379011, 117.2644419 31.8378922, 117.2644388 31.8379277, 117.264246 31.8379156, 117.2642482 31.8378901, 117.2641228 31.8378822, 117.2641064 31.8380699, 117.2641978 31.8380757, 117.2642042 31.8380029))",,no,219#,,,,,,,,,,,,,,,,,,,
way,271365637,"[2763191039, 2763191041, 2763191042, 2763191043, 2763191039]",,yes,,,服务楼,,服务楼,服务楼,服務樓,中国科学技术大学,,yes,"POLYGON ((117.2651453 31.8380187, 117.2651521 31.8379182, 117.2657611 31.8379477, 117.2657544 31.8380482, 117.2651453 31.8380187))",,no,213#,,,,,,,,,,,,,,,,,,,
way,271958257,"[2768927303, 2768927304, 2768927305, 2768927306, 2768927307, 2768927308, 2768927310, 2768927311, 2768927312, 2768927313, 2768927314, 10586958106, 2768927321, 2768927322, 2768927323, 2768927324, 2768927325, 2768927327, 2768927328, 2768927329, 2768927330, 2768927331, 2768927332, 2768927333, 2768927334, 2768927335, 2768927337, 2768927338, 2768927303]",,yes,,,第二教学楼,,第二教学楼,第二教学楼,第二教學樓,中国科学技术大学,,yes,"POLYGON ((117.2652418 31.8396566, 117.2652336 31.8397681, 117.2653834 31.839776, 117.2653793 31.8398328, 117.2653299 31.8398302, 117.2653254 31.8398923, 117.265363 31.8398942, 117.2653567 31.8399817, 117.2648835 31.8399574, 117.264878 31.8400339, 117.2648351 31.8400318, 117.2648307 31.840076, 117.2648737 31.8400783, 117.2648713 31.8401083, 117.2654177 31.8401389, 117.2654155 31.8401671, 117.2656063 31.8401777, 117.2656182 31.8400228, 117.2655524 31.8400192, 117.2655482 31.8400741, 117.2653937 31.8400656, 117.2654063 31.8399008, 117.2655592 31.8399092, 117.2655673 31.8398022, 117.2654043 31.8397933, 117.2654089 31.8397324, 117.2654565 31.8397349, 117.2654615 31.8396684, 117.2652418 31.8396566))",8,no,,,,,1,,,,,,,,,,,,,,,
way,271958258,"[2768927339, 2768927340, 2768927341, 2768927342, 2768927343, 2768927344, 2768927346, 2768927347, 2768927339]",,dormitory,,,原第四教学楼（东北楼）,,原第四教学楼（东北楼）,原第四教学楼（东北楼）,原第四教學樓（東北樓）,中国科学技术大学,,yes,"POLYGON ((117.2641303 31.8371229, 117.2641377 31.8370418, 117.2643028 31.8370528, 117.2643129 31.836943, 117.2648473 31.8369784, 117.2648351 31.8371115, 117.2642982 31.8370759, 117.2642929 31.8371337, 117.2641303 31.8371229))",,no,222#,,,,,,,,,,,,,,,,,,,
way,271958260,"[2768927357, 2768927358, 2768927359, 2768927368, 2768927363, 2768927364, 2768927360, 2768927357]",,yes,,,215#,215#,215#,,,中国科学技术大学,,yes,"POLYGON ((117.2650811 31.8373086, 117.2657527 31.8373447, 117.2657404 31.8374792, 117.2656351 31.8374713, 117.265446 31.8374599, 117.2651478 31.8374447, 117.2650712 31.8374414, 117.2650811 31.8373086))",,no,,,,,,,,,,,,,,,,,,,,
way,271958261,"[2768927361, 2768927362, 2768927363, 2768927364, 2768927361]",,yes,,,,,,,,中国科学技术大学,,yes,"POLYGON ((117.2651392 31.8375668, 117.2654374 31.837582, 117.265446 31.8374599, 117.2651478 31.8374447, 117.2651392 31.8375668))",,no,,,,,,,,,,,,,,,,,,,,
way,271958262,"[2768927365, 2768927367, 2768927359, 2768927368, 2768927365]",,yes,,,,,,,,中国科学技术大学,,yes,"POLYGON ((117.2656235 31.837584, 117.2657288 31.8375918, 117.2657404 31.8374792, 117.2656351 31.8374713, 117.2656235 31.837584))",,no,,,,,,,,,,,,,,,,,,,,
way,271958263,"[2768927369, 2768927370, 2768927371, 2768927372, 2768927373, 2768927374, 2768927369]",,yes,,,档案馆,,档案馆,档案馆,檔案館,中国科学技术大学,,yes,"POLYGON ((117.2650728 31.8376074, 117.2652119 31.8376133, 117.2652097 31.8376508, 117.2657557 31.8376741, 117.2657477 31.8378101, 117.2650625 31.8377808, 117.2650728 31.8376074))",,no,214#,,,,,,,,,,,,,,,,,,,
way,271958264,"[2768927376, 2768927377, 2768927378, 2768927379, 2768927376]",public_bath,yes,,,浴室,,浴室,浴室,浴室,,,yes,"POLYGON ((117.2622951 31.8375797, 117.2625208 31.8375919, 117.2625141 31.8376817, 117.2622884 31.8376695, 117.2622951 31.8375797))",,,,,,,,,,,,,,,,,,,,,,
way,271958265,"[2768927380, 2768927381, 2768927382, 2768927383, 2768927380]",,retail,,,,,,,,中国科学技术大学,,yes,"POLYGON ((117.2622231 31.8375796, 117.2622294 31.8374979, 117.2621094 31.8374912, 117.262103 31.8375729, 117.2622231 31.8375796))",,no,,,,,,,,,,,,,,,,,,,,
way,271958268,"[2768927395, 2768927397, 2768927398, 2768927399, 2768927400, 2768927401, 2768927402, 2768927403, 2768927395]",,dormitory,,,原第四教学楼（西北楼）,,原第四教学楼（西北楼）,原第四教学楼（西北楼）,原第四教學樓（西北樓）,中国科学技术大学,,yes,"POLYGON ((117.2632351 31.8368469, 117.2637645 31.836872, 117.2637582 31.8369684, 117.2639165 31.8369759, 117.2639107 31.8370626, 117.2637531 31.8370551, 117.2637557 31.8370161, 117.2632256 31.8369908, 117.2632351 31.8368469))",,no,230#,,,,,,,,,,,,,,,,,,,
way,271958271,"[2768927440, 2768927441, 2768927442, 2768927445, 2768927446, 2768927447, 2768927448, 2768927449, 2768927440]",,yes,,,礼堂,,礼堂,礼堂,禮堂,中国科学技术大学,,yes,"POLYGON ((117.2629698 31.8360068, 117.2629677 31.8360487, 117.263035 31.8360511, 117.2630174 31.8364058, 117.2629438 31.8364032, 117.2629416 31.8364468, 117.2622429 31.8364218, 117.2622647 31.8359816, 117.2629698 31.8360068))",,no,,,,,,331#,,,,,,,,,,,,,,
way,271959067,"[2768934121, 2768934122, 2768934123, 2768934125, 2768934121]",,yes,,,羽毛球馆,,羽毛球馆,羽毛球馆,羽毛球館,中国科学技术大学,government,,"POLYGON ((117.2610296 31.8372361, 117.2610045 31.8374101, 117.2603855 31.8373584, 117.2604004 31.8371838, 117.2610296 31.8372361))",,,,sports_centre,,,,,private,badminton,,,,,,,,,,,,
way,271959068,"[2768934126, 2768934127, 2768934128, 2768934129, 2768934130, 2768934131, 2768934132, 2768934134, 2768934135, 2768934136, 2768934137, 2768934138, 2768934139, 2768934140, 2768934141, 2768934142, 2768934143, 2768934145, 2768934146, 2768934147, 2768934126]",,yes,,,研究生公寓 364# 365#,,研究生公寓 364# 365#,研究生公寓 364# 365#,研究生公寓 364# 365#,中国科学技术大学,,yes,"POLYGON ((117.2610653 31.8370353, 117.2610558 31.8371693, 117.2604921 31.8371404, 117.260491 31.8371558, 117.2604081 31.8371515, 117.2604186 31.8370033, 117.2603917 31.8370019, 117.260396 31.8369402, 117.2603599 31.8369383, 117.2603639 31.8368813, 117.2603278 31.8368795, 117.2603319 31.8368214, 117.2604025 31.836825, 117.2604073 31.8367572, 117.260197 31.8367464, 117.2602052 31.8366299, 117.2610903 31.8366752, 117.2610806 31.8368122, 117.260515 31.8367833, 117.2604992 31.8370064, 117.2610653 31.8370353))",,no,,,,,,,,,研究生宿舍（男）,,,,,,,,,,,
way,284161540,"[2879179220, 2879179221, 2879179222, 2879179223, 2879179224, 2879179225, 2879179226, 2879179227, 2879179228, 2879179229, 2879179230, 2879179231, 2879179232, 2879179233, 2879179234, 2879179235, 2879179220]",,yes,,,东区老图书馆,,东区老图书馆,东区老图书馆,東區老圖書館,中国科学技术大学,,yes,"POLYGON ((117.2631864 31.8394241, 117.2636157 31.8394537, 117.2636215 31.839394, 117.2639817 31.8394189, 117.2639756 31.8394821, 117.2644191 31.8395127, 117.264434 31.8393561, 117.2640785 31.8393316, 117.2640843 31.8392715, 117.2638613 31.8392562, 117.2638681 31.839185, 117.2637865 31.8391794, 117.2637794 31.8392542, 117.2635662 31.8392395, 117.2635586 31.8393187, 117.2631988 31.8392939, 117.2631864 31.8394241))",,no,,,,,,,,,,,,,,,,,,,,
way,284161541,"[2879179230, 3026584428, 3026584427, 2879179236, 2879179237, 2879179238, 3026584405, 3026584408, 3026584407, 3026584406, 2879179239, 3026584414, 3026584415, 3026584416, 3026584422, 3026584418, 3026584420, 3026584419, 3026584417, 3026584421, 3026584413, 3026584412, 3026584411, 2879179240, 3026584409, 3026584423, 3026584424, 3026584410, 2879179241, 2879179242, 2879179243, 3026584425, 3026584426, 2879179231, 2879179230]",library,yes,,,东区图书馆,,东区图书馆,东区图书馆,東區圖書館,中国科学技术大学,government,yes,"POLYGON ((117.2638681 31.839185, 117.2639712 31.8391907, 117.2639799 31.8391652, 117.2641513 31.8391703, 117.2641602 31.8391285, 117.264454 31.8391468, 117.2644587 31.8390837, 117.2644981 31.8390858, 117.264505 31.838995, 117.2644629 31.8389926, 117.2644657 31.8389285, 117.2643927 31.8389234, 117.2643957 31.8389057, 117.2640619 31.838888, 117.2640634 31.8388994, 117.2639382 31.8388943, 117.2639364 31.8389097, 117.2637907 31.8389019, 117.2637907 31.838888, 117.2636566 31.8388791, 117.2636581 31.8388677, 117.2633124 31.83885, 117.2633109 31.8388703, 117.2632587 31.8388652, 117.2632513 31.8389386, 117.263211 31.8389374, 117.2632051 31.8390045, 117.2632506 31.8390077, 117.2632438 31.8390791, 117.2635567 31.8390931, 117.2635552 31.839131, 117.2637132 31.8391361, 117.2637087 31.8391766, 117.2637865 31.8391794, 117.2638681 31.839185))",6,,,,,,,,,,,yes,customers,,,,,,,,,
way,284161542,"[2879179245, 2879179246, 2879179247, 2879179248, 2879179249, 2879179250, 2879179251, 2879179252, 2879179253, 2879179254, 2879179255, 2879179256, 2879179257, 2879179258, 2879179259, 2879179260, 2879179261, 2879179262, 2879179263, 2879179264, 2879179245]",,yes,,,东区学生食堂,,东区学生食堂,东区学生食堂,東區學生食堂,中国科学技术大学,,yes,"POLYGON ((117.2648843 31.8390452, 117.2648672 31.8392542, 117.2649071 31.8392566, 117.264905 31.8392824, 117.2650409 31.8392904, 117.2650457 31.8392319, 117.2651813 31.8392399, 117.265176 31.839305, 117.2656055 31.8393304, 117.2656078 31.8393023, 117.2656494 31.8393048, 117.2656636 31.8391312, 117.2655811 31.8391264, 117.2655882 31.8390405, 117.2656668 31.8390452, 117.2656787 31.8389006, 117.2652095 31.8388729, 117.2652052 31.8389253, 117.2650856 31.8389182, 117.2650742 31.8390564, 117.2648843 31.8390452))",,no,208#,,,,,,,,,,,,,,,,,,,
way,285860077,"[2894940987, 2894940988, 2894940989, 2894940990, 2894940991, 2894940992, 2894940993, 2894940998, 2894940997, 2894940994, 2894940995, 2894940996, 2894940999, 2894941000, 2894940987]",,hospital,,,门诊部,,门诊部,门诊部,門診部,中国科学技术大学,,yes,"POLYGON ((117.2608991 31.835262, 117.2609179 31.8355475, 117.2604117 31.8355716, 117.2604219 31.8357268, 117.2602058 31.8357371, 117.2601771 31.8353036, 117.2605417 31.8352862, 117.2605405 31.8352676, 117.2606606 31.8352619, 117.2606588 31.8352345, 117.2607976 31.8352279, 117.2607992 31.8352526, 117.2608462 31.8352503, 117.2608471 31.8352645, 117.2608991 31.835262))",,no,,,,,,,,,,,,,,,,,,,,
way,285860078,"[2894949801, 2894949802, 2894949803, 2894949804, 2894949806, 2894949805, 2894949801]",,hospital,,,门岗,,门岗,门岗,門崗,中国科学技术大学,,yes,"POLYGON ((117.2612688 31.8353032, 117.2611851 31.8353076, 117.2611766 31.8351915, 117.2610911 31.835196, 117.2610861 31.8351275, 117.2612553 31.8351185, 117.2612688 31.8353032))",,no,,,,,,,,,,,,,,,,,,,,
way,285860079,"[2894949807, 2894949808, 2706839920, 2894949809, 2894949807]",,yes,,,化学品存放仓库,,化学品存放仓库,化学品存放仓库,化學品存放倉庫,中国科学技术大学,,,"POLYGON ((117.2610054 31.8356499, 117.2612744 31.8356595, 117.2612645 31.8358168, 117.2609926 31.8358055, 117.2610054 31.8356499))",,no,,,,,,,,,,,,,,,,,,,,
way,290097996,"[2936360406, 2936360407, 2936360408, 2936360409, 2936360410, 2936360411, 2936360418, 2936360419, 2936360427, 2936360422, 2936360406]",,apartments,,,学生公寓 366#,,学生公寓 366#,学生公寓 366#,學生公寓 366#,中国科学技术大学,,yes,"POLYGON ((117.2600062 31.8363766, 117.2604334 31.8364073, 117.2604381 31.8363603, 117.2604662 31.8363623, 117.2604726 31.8362982, 117.260436 31.8362956, 117.2604412 31.836212, 117.26036 31.8362074, 117.2600245 31.8361846, 117.2600145 31.8363211, 117.2600062 31.8363766))",,no,,,,,,,,,研究生宿舍（女）,,,,,,,,,,,
way,290097997,"[2936360412, 2936360413, 2936360414, 2936360415, 2936360416, 2936360417, 2936360418, 2936360419, 2936360420, 2936360425, 2936360423, 2936360412]",,apartments,,,学生公寓 367#,,学生公寓 367#,学生公寓 367#,學生公寓 367#,中国科学技术大学,,yes,"POLYGON ((117.2600904 31.8358651, 117.2604696 31.8358863, 117.2604659 31.8359352, 117.2604975 31.835937, 117.2604929 31.8359969, 117.2604574 31.8360027, 117.2604412 31.836212, 117.26036 31.8362074, 117.2603735 31.8360335, 117.2600812 31.8360194, 117.2600907 31.8358816, 117.2600904 31.8358651))",,no,,,,,,,,,研究生宿舍（女）,,,,,,,,,,,
way,290097998,"[2936360421, 2936360422, 2936360427, 2936360426, 2936360425, 2936360423, 2936360424, 2936360421]",,yes,,,,,,,,中国科学技术大学,,yes,"POLYGON ((117.2599031 31.8363152, 117.2600145 31.8363211, 117.2600245 31.8361846, 117.260036 31.8360171, 117.2600812 31.8360194, 117.2600907 31.8358816, 117.2599345 31.8358739, 117.2599031 31.8363152))",,no,,,,,,,,,,,,,,,,,,,,
way,290097999,"[2936360428, 2936360429, 2936360430, 2936360431, 2936360432, 2936360433, 2936360434, 2936360435, 2936360436, 2936360437, 2936360438, 2936360439, 2936360440, 2936360441, 2936360428]",,university,,,化学与材料科学学院,,化学与材料科学学院,化学与材料科学学院,化學與材料科學學院,中国科学技术大学,,yes,"POLYGON ((117.2615717 31.8357002, 117.2620298 31.8357192, 117.2620341 31.8356458, 117.2620047 31.8356446, 117.2620084 31.8355796, 117.2619492 31.8355771, 117.2619592 31.835402, 117.2620336 31.8354051, 117.26204 31.8352927, 117.26158 31.8352736, 117.2615735 31.8353875, 117.2618693 31.8353998, 117.2618577 31.8356018, 117.2615781 31.8355901, 117.2615717 31.8357002))",,no,,,,,,,,,,,,,,,,,,,,
way,290098001,"[2936360446, 2936360447, 2936360448, 2936360449, 2936360450, 2936360451, 2936360452, 2936360453, 2936360454, 2936360455, 2936360446]",,yes,,,计算小楼,,计算小楼,计算小楼,計算小樓,中国科学技术大学,,yes,"POLYGON ((117.2633151 31.8350981, 117.263088 31.8350896, 117.2630778 31.8352843, 117.2631027 31.8352853, 117.2630987 31.8353611, 117.2636291 31.8353811, 117.2636351 31.8352679, 117.2634304 31.8352602, 117.2634286 31.8352946, 117.2633051 31.8352899, 117.2633151 31.8350981))",,no,,,,,,,,,,,,,,,,,,,,
way,298741849,"[3026593102, 3026593103, 3026593104, 3026593107, 3026593109, 3026593110, 3026593108, 3026593111, 3026593113, 3026593112, 3026593106, 3026593105, 3026593102]",,residential,,,1#,,,,,中国科学技术大学,,yes,"POLYGON ((117.2647108 31.8416018, 117.2654005 31.8416383, 117.2653916 31.8417598, 117.2652738 31.8417536, 117.2652721 31.8417759, 117.2651925 31.8417717, 117.2651941 31.8417498, 117.2649292 31.8417358, 117.2649275 31.8417591, 117.2648359 31.8417543, 117.2648375 31.8417335, 117.2647017 31.8417263, 117.2647108 31.8416018))",,no,,,,,,,,,,,,,,,,,,,,
way,298741850,"[3026593114, 3026593115, 3026593116, 3026593118, 3026593126, 3026593127, 3026593120, 3026593122, 3026593124, 3026593125, 3026593123, 3026593121, 3026593128, 3026593129, 3026593119, 3026593117, 3026593114]",,residential,,,2#,2#,2#,,,中国科学技术大学,,yes,"POLYGON ((117.2646686 31.8421406, 117.265367 31.8421753, 117.2653589 31.8422933, 117.2652347 31.8422871, 117.2652332 31.8423079, 117.2651459 31.8423036, 117.2651474 31.8422818, 117.2650635 31.8422776, 117.265062 31.8422993, 117.2649746 31.842295, 117.2649761 31.8422726, 117.2648914 31.8422683, 117.2648899 31.8422899, 117.2648007 31.8422855, 117.2648021 31.8422663, 117.2646604 31.8422592, 117.2646686 31.8421406))",,no,,,,,,,,,,,,,,,,,,,,
way,298742273,"[3026601024, 3026601025, 3026602349, 3026602348, 3026602347, 3026602346, 3026601026, 3026601027, 3026602336, 3026602337, 3026602338, 3026602339, 3026602340, 3026601028, 3026601029, 3026601030, 3026602334, 3026602350, 3026602351, 3026602352, 3026602353, 3026602335, 3026602333, 3026601032, 3026601031, 3026601024]",,university,,,环境与资源楼,,环境与资源楼,环境与资源楼,環境與資源樓,中国科学技术大学,,yes,"POLYGON ((117.2608094 31.8363549, 117.2609726 31.8363649, 117.2609839 31.836231, 117.2610405 31.8362344, 117.2610438 31.8361961, 117.2609846 31.8361925, 117.2609911 31.8361161, 117.2614169 31.8361422, 117.2614079 31.8362479, 117.2612159 31.8362361, 117.2612022 31.836397, 117.2613284 31.8364048, 117.2614083 31.8363385, 117.2614041 31.8363876, 117.2620206 31.8364252, 117.2620578 31.8359861, 117.261852 31.8359735, 117.2618456 31.83605, 117.2617874 31.8360465, 117.2617849 31.8360751, 117.2618417 31.8360786, 117.2618319 31.836195, 117.2615338 31.8361767, 117.2615524 31.8359567, 117.2608468 31.8359135, 117.2608094 31.8363549))",,no,,,,,,,,,,,,,,,,,,,,
way,298766164,"[3026997335, 3026997343, 3026997346, 3026997349, 3026997347, 3026997352, 3026997350, 3026997345, 3026997344, 3026997336, 3026997337, 3026997339, 3026997341, 10588133337, 10588133338, 3026997342, 3026997340, 3026997338, 3026997335]",,university,,,数学科学学院,,数学科学学院,数学科学学院,數學科學學院,中国科学技术大学,,yes,"POLYGON ((117.263713 31.8355848, 117.2639075 31.8355949, 117.2639062 31.8356129, 117.2639666 31.8356164, 117.2640028 31.8356184, 117.2642478 31.835631, 117.2642852 31.8356329, 117.2643869 31.8356381, 117.2643936 31.8356212, 117.264576 31.8356304, 117.2645666 31.8357651, 117.264392 31.8357563, 117.2643909 31.8357722, 117.2643105 31.8357681, 117.2639411 31.8357478, 117.2638916 31.8357467, 117.2638926 31.8357325, 117.263703 31.8357226, 117.263713 31.8355848))",,no,,,,,,,,,,,,,,,,,,,,
way,298766431,"[3026998116, 3026998117, 3026998118, 3026998119, 3026998120, 10582890650, 3026998129, 3026998130, 3026999153, 3026999152, 3026999151, 3026999150, 3026999149, 3026999148, 3026999147, 3026998131, 3026999146, 3026999145, 3026998132, 3026999144, 3026999143, 3026999133, 10582890641, 3026999134, 3026998116]",,university,,,近代物理系,,近代物理系,近代物理系,近代物理系,中国科学技术大学,,yes,"POLYGON ((117.2628729 31.8356045, 117.2627967 31.8356014, 117.2627911 31.8356661, 117.2626852 31.8356645, 117.2627113 31.8352447, 117.2626406 31.8352404, 117.2624791 31.8352305, 117.2624703 31.8355539, 117.2624129 31.8355538, 117.2624107 31.8355858, 117.2623529 31.835617, 117.2623207 31.8356481, 117.2623052 31.8356783, 117.262303 31.8357132, 117.2623352 31.8357208, 117.2623341 31.8356953, 117.2624074 31.835701, 117.2624307 31.8357161, 117.2624596 31.8357302, 117.2625073 31.8357396, 117.2625551 31.8357349, 117.2625995 31.8357198, 117.2628372 31.8357254, 117.2628617 31.835726, 117.2628729 31.8356045))",,no,,,,,1,,,,,,,,,,,,,,,
way,298766878,"[3027002393, 3027002394, 3027002395, 3027002396, 3027002397, 3027002398, 3027002393]",,yes,,,能源保障中心,,能源保障中心,能源保障中心,能源保障中心,中国科学技术大学,,yes,"POLYGON ((117.26263 31.8371973, 117.2629401 31.837212, 117.2629329 31.8373211, 117.2626053 31.8373056, 117.262609 31.8372492, 117.2626266 31.83725, 117.26263 31.8371973))",,no,,,,,,,,,,,,,,,,,,,,
way,298813543,"[3027593371, 3027593372, 3027593373, 4719650901, 3027593371]",,yes,,,中科大东区正门,,中科大东区正门,中科大东区正门,中科大東區正門,中国科学技术大学,,yes,"POLYGON ((117.261519 31.8400305, 117.2615669 31.8400316, 117.2615602 31.8402456, 117.2615124 31.8402446, 117.261519 31.8400305))",,no,,,,,1,,,,,,,合肥,96,230026,金寨路,designated,,,,
way,306371639,"[3112589283, 3112589284, 3112589285, 3112589286, 3112589287, 3112589313, 3112589314, 3112589315, 3112589312, 3112589283]",,commercial,,,高科技广场（北区）,,高科技广场（北区）,高科技广场（北区）,高科技廣場（北區）,中国科学技术大学,,yes,"POLYGON ((117.2616085 31.8405495, 117.2617138 31.8404954, 117.2618154 31.840638, 117.2618588 31.8406157, 117.2619045 31.8406799, 117.2619956 31.8408079, 117.2619518 31.8408303, 117.2623645 31.84141, 117.2622594 31.841464, 117.2616085 31.8405495))",,no,,,,,,,,,,,,,,,,,,,,
way,306371640,"[3112589316, 3112589317, 3112589837, 3112589838, 3112589318, 3112589319, 3112589316]",,garages,,,校车队,,校车队,校车队,校車隊,中国科学技术大学,,yes,"POLYGON ((117.262287 31.8409241, 117.2624358 31.84093, 117.2624125 31.8413181, 117.26241 31.8413329, 117.262336 31.8413295, 117.2622717 31.8411631, 117.262287 31.8409241))",,no,302#,,,,,,,,,,,,,,,,,,,
way,306371641,"[3112589316, 3112589320, 3112589321, 3112589322, 3112589323, 3112589324, 3112589325, 3112589317, 3112589316]",,yes,,,,,,,,中国科学技术大学,,yes,"POLYGON ((117.262287 31.8409241, 117.2621666 31.8409197, 117.2621685 31.840884, 117.2620402 31.8408793, 117.2620439 31.8408063, 117.2625692 31.8408256, 117.2625637 31.8409347, 117.2624358 31.84093, 117.262287 31.8409241))",,no,,,,,,,,,,,,,,,,,,,,
way,306371643,"[3112589829, 3112589830, 3112589327, 3112589328, 3112589295, 3112589829]",,yes,,,,,,,,,,,"POLYGON ((117.2626557 31.8409327, 117.2627008 31.8409354, 117.2627301 31.8409371, 117.2627477 31.8407189, 117.2626733 31.8407146, 117.2626557 31.8409327))",,,,,,,,,,,,,,,,,,,,,,
way,306371644,"[3112589831, 3112589832, 3112589833, 3112589834, 3112589839, 3112589835, 3112589836, 3112589838, 3112589837, 3112589831]",,yes,,,,,,,,,,,"POLYGON ((117.2626324 31.8413329, 117.2626257 31.8414126, 117.2625479 31.8414092, 117.2625493 31.8413819, 117.2624581 31.8413728, 117.2624541 31.8413876, 117.2624058 31.8413853, 117.26241 31.8413329, 117.2624125 31.8413181, 117.2626324 31.8413329))",,,,,,,,,,,,,,,,,,,,,,
way,334120281,"[3412114592, 3412114793, 3412114794, 3412114795, 3412114592]",,residential,,,,,,,,中国科学技术大学,,yes,"POLYGON ((117.2665322 31.8423474, 117.2665283 31.8424181, 117.2660939 31.8424009, 117.2660978 31.8423302, 117.2665322 31.8423474))",,no,16#,,,,,,,,,,,,,,,,,,,
way,334120282,"[3412114796, 3412114797, 3412114798, 3412114799, 3412114796]",,residential,,,,,,,,中国科学技术大学,,yes,"POLYGON ((117.2659689 31.8423245, 117.2659636 31.8423916, 117.2654849 31.8423642, 117.2654902 31.8422972, 117.2659689 31.8423245))",,no,8#,,,,,,,,,,,,,,,,,,,
way,334120554,"[3412119214, 3412119215, 3412119216, 3412119217, 3412119214]",,yes,,,,,,,,,,,"POLYGON ((117.2652528 31.8420997, 117.265255 31.8420399, 117.2653133 31.8420415, 117.2653111 31.8421013, 117.2652528 31.8420997))",,,,,,,,,,,,,,,,,,,,,,
way,334120555,"[3412119218, 3412119219, 3412119220, 3412119221, 3412119218]",,yes,,,,,,,,,,,"POLYGON ((117.2652662 31.8419618, 117.2652703 31.8419026, 117.2653247 31.8419053, 117.2653205 31.8419645, 117.2652662 31.8419618))",,,,,,,,,,,,,,,,,,,,,,
way,334120556,"[3412119222, 3412119223, 3412119224, 3412119225, 3412119222]",,residential,,,,,,,,中国科学技术大学,,yes,"POLYGON ((117.2659454 31.8421152, 117.2659375 31.8422291, 117.2654815 31.8422062, 117.2654894 31.8420923, 117.2659454 31.8421152))",,no,9#,,,,,,,,,,,,,,,,,,,
way,334120557,"[3412119226, 3412119227, 3412119228, 3412119229, 3412119226]",,residential,,,,,,,,中国科学技术大学,,yes,"POLYGON ((117.2660041 31.8420714, 117.2665319 31.8420968, 117.2665249 31.8422016, 117.2659971 31.8421762, 117.2660041 31.8420714))",,no,17#,,,,,,,,,,,,,,,,,,,
way,686068242,"[6430275244, 6430275245, 6430275246, 6430275247, 6430275244]",,university,,,物质科学教研A楼,,物质科学教研A楼,物质科学教研A楼,物質科學教研A樓,中国科学技术大学,,yes,"POLYGON ((117.2642547 31.8366811, 117.264278 31.8364431, 117.2651632 31.8364849, 117.2651445 31.8367227, 117.2642547 31.8366811))",9,no,,,,,,,,,,,,,,,,,2018年11月,,,
way,686068854,"[6430275247, 6430275246, 10583324246, 10583324247, 10583324250, 6430279456, 6430279457, 6430275247]",,university,,,物质科学教研B楼,,物质科学教研B楼,物质科学教研B楼,物質科學教研B樓,中国科学技术大学,,yes,"POLYGON ((117.2651445 31.8367227, 117.2651632 31.8364849, 117.2651727 31.8364223, 117.2652549 31.8364266, 117.2654239 31.8364354, 117.265975 31.8364642, 117.2659342 31.8367601, 117.2651445 31.8367227))",16,no,,,,,,,,,,,,合肥,,230026,,,2018年11月,安徽,,
way,686069052,"[6430283114, 6430283115, 6430283116, 6430283117, 10583324249, 10583324248, 6430283114]",,university,,,物质科学教研C楼,,物质科学教研C楼,物质科学教研C楼,物質科學教研C樓,中国科学技术大学,,yes,"POLYGON ((117.2652344 31.8360697, 117.2652543 31.8358162, 117.2661014 31.8358687, 117.2660741 31.8361204, 117.2654637 31.8360836, 117.2652862 31.8360728, 117.2652344 31.8360697))",16,no,,,,,,,,,,,,,,,,,2018年11月,,,
way,686072850,"[6430315471, 6430315472, 6430315473, 6430315474, 6430315471]",,yes,,,化学与材料科学学院行政楼,,化学与材料科学学院行政楼,化学与材料科学学院行政楼,化學與材料科學學院行政樓,中国科学技术大学,,yes,"POLYGON ((117.2612127 31.8368021, 117.2615271 31.836822, 117.261531 31.8367324, 117.2612174 31.8367144, 117.2612127 31.8368021))",,no,,,,,,,,,,,,,,,,,,,,
way,1135310336,"[10582867666, 10582867667, 10582867668, 10582867669, 10582867666]",,university,,,人文与社会科学学院,,人文与社会科学学院,人文与社会科学学院,人文與社會科學學院,中国科学技术大学,,yes,"POLYGON ((117.2609694 31.8376869, 117.260999 31.8374555, 117.2603769 31.8374092, 117.260354 31.8376424, 117.2609694 31.8376869))",,no,,,,,,,,,,,,,,,,,,,,
way,1135310337,"[10582867671, 2768927317, 10586958106, 2768927314, 10586958108, 10586958107, 10582867672, 10582867673, 10582867677, 10582867676, 10586958110, 10582867674, 10582867675, 10582867671]",,university,,,少年班学院,,少年班学院,少年班学院,少年班學院,中国科学技术大学,,yes,"POLYGON ((117.2646985 31.8401466, 117.264823 31.8401554, 117.2648307 31.840076, 117.2648351 31.8400318, 117.2648416 31.8399646, 117.2648014 31.8399617, 117.2648256 31.8397148, 117.2647295 31.839708, 117.2647099 31.8399084, 117.2646753 31.839906, 117.2646719 31.8399411, 117.2646678 31.8399831, 117.2647142 31.8399863, 117.2646985 31.8401466))",,no,204#,,,,,,,,,,,,,,,,,,,
way,1135310338,"[10582867678, 10582867679, 10582867680, 10582867684, 10582867681, 10582867682, 10582867683, 10582867686, 10582867685, 10582867687, 10582867678]",,university,,,地球和空间科学前沿研究中心,,地球和空间科学前沿研究中心,地球和空间科学前沿研究中心,地球和空間科學前沿研究中心,中国科学技术大学,,yes,"POLYGON ((117.2653553 31.8352103, 117.2654342 31.8351974, 117.265504 31.8348518, 117.2663991 31.8347622, 117.2664481 31.8350292, 117.2663938 31.835041, 117.2663842 31.8355042, 117.2659752 31.8354902, 117.2659714 31.8355439, 117.2653377 31.8355272, 117.2653553 31.8352103))",,no,,,,,,,,,,,,,,,,,,,,
way,1135310341,"[10582867696, 10582867697, 10582867698, 10582867699, 10582867700, 10582867701, 10586834704, 10582867702, 10582867703, 10582867704, 10582890605, 10582890606, 10582890607, 10582890608, 10582890609, 10586834703, 10582890611, 10582890612, 10582890613, 10582867696]",,university,,,理化大楼,,理化大楼,理化大楼,理化大樓,中国科学技术大学,,yes,"POLYGON ((117.2637272 31.8354607, 117.2646008 31.8355125, 117.2646292 31.8351664, 117.2645113 31.8351594, 117.2645168 31.8350927, 117.2644893 31.8350911, 117.264494 31.8350336, 117.2645007 31.834952, 117.2643939 31.8349456, 117.264396 31.8349199, 117.2640093 31.8348971, 117.2640075 31.8349192, 117.2638755 31.8349114, 117.2638697 31.8349825, 117.2639054 31.8349846, 117.2639005 31.8350451, 117.2638358 31.8350413, 117.2638301 31.8351111, 117.2637563 31.8351068, 117.2637272 31.8354607))",,no,,,,,,,,,,,,,,,,,,,,
way,1135310342,"[10582890614, 10582890615, 10582890616, 10582890617, 10582890618, 10582890619, 10582890620, 10582890621, 10582890614]",,university,,,可再生资源与洁净能源实验室,,可再生资源与洁净能源实验室,可再生资源与洁净能源实验室,可再生資源與潔淨能源實驗室,中国科学技术大学,,yes,"POLYGON ((117.261612 31.8376113, 117.2616266 31.837336, 117.2620025 31.8373504, 117.2619883 31.8376164, 117.2618652 31.8376117, 117.2618779 31.8373738, 117.2617898 31.8373704, 117.2617766 31.8376176, 117.261612 31.8376113))",,no,,,,,,,,,,,,,,,,,,,,
way,1135310347,"[10582890640, 10582890641, 3026999134, 3026998116, 10582890642, 10582890643, 10582890640]",,university,,,单分子科学楼,,单分子科学楼,单分子科学楼,單分子科學樓,中国科学技术大学,,yes,"POLYGON ((117.2628308 31.8358518, 117.2628372 31.8357254, 117.2628617 31.835726, 117.2628729 31.8356045, 117.2634288 31.8356236, 117.2634167 31.8358763, 117.2628308 31.8358518))",,no,,,,,,,,,,,,,,,,,,,,
way,1135310348,"[3026998129, 10582890644, 10582890645, 10582890646, 10582890647, 10582890648, 10582890649, 10582890650, 3026998129]",,university,,,化学实验楼,,化学实验楼,化学实验楼,化學實驗樓,中国科学技术大学,,yes,"POLYGON ((117.2624791 31.8352305, 117.2624818 31.8351955, 117.2623361 31.8351929, 117.2623543 31.8350679, 117.262717 31.8350705, 117.262711 31.8351981, 117.2626457 31.8352007, 117.2626406 31.8352404, 117.2624791 31.8352305))",,no,,,,,,,,,,,,,,,,,,,,
way,1135310349,"[10582890652, 10582890653, 10582890654, 10582890655, 10582890656, 10582890657, 10582890658, 10582890659, 10582890652]",,hospital,,,急诊部,,急诊部,急诊部,急診部,中国科学技术大学,,yes,"POLYGON ((117.2610284 31.8355569, 117.2612524 31.8355382, 117.2612597 31.8353967, 117.2612034 31.8353988, 117.26119 31.8354654, 117.2611104 31.8354737, 117.2611043 31.8354082, 117.2610345 31.8354144, 117.2610284 31.8355569))",,no,,,,,,,,,,,,,,,,,,,,
way,1135310350,"[10582890660, 10582890661, 10582890662, 10582890663, 10582890660]",,university,,,中国科学技术大学老北门,,,,,,,,"POLYGON ((117.263375 31.8427168, 117.2636028 31.8427217, 117.2636039 31.8426866, 117.2633761 31.8426816, 117.263375 31.8427168))",,,,,,,1,,,,,,,,,,,,,,,
way,1135310352,"[10582890671, 10582890672, 10582890673, 10582890674, 10582890675, 10582890676, 10582890671]",,residential,,,47#,47#,47#,,,中国科学技术大学,,yes,"POLYGON ((117.2658815 31.8393637, 117.2659971 31.8393727, 117.266008 31.839271, 117.2664288 31.8393037, 117.2664404 31.8391953, 117.265904 31.8391538, 117.2658815 31.8393637))",,no,,,,,,,,,,,,,,,,,,,,
way,1135310354,"[10582890689, 10582890690, 10582890691, 10582890698, 10582890697, 10582890692, 10582890689]",bicycle_parking,yes,,,,,,,,中国科学技术大学,government,,"POLYGON ((117.2668053 31.8413251, 117.2672358 31.8413351, 117.2672418 31.8412462, 117.2671509 31.8412462, 117.2670482 31.8412462, 117.2668053 31.8412411, 117.2668053 31.8413251))",,,,,,,,,private,,,,,,,,,,,,shed,
way,1135310355,"[10582890693, 10582890694, 10582890695, 10582890696, 10582890697, 10582890698, 10582890699, 10582890700, 10582890701, 10582890693]",,school,,,35#,35#,35#,,,中国科学技术大学,,yes,"POLYGON ((117.2668013 31.8412194, 117.2669791 31.8412194, 117.266983 31.8411841, 117.2670482 31.8411892, 117.2670482 31.8412462, 117.2671509 31.8412462, 117.2671608 31.8410633, 117.2668738 31.8410538, 117.2668078 31.8410516, 117.2668013 31.8412194))",,no,,,,,,,,,,,,,,,,,,,,
way,1135310357,"[10582890706, 10582890707, 10582890708, 10582890712, 10582890709, 10582890706]",,school,,,36#,36#,36#,,,中国科学技术大学,,yes,"POLYGON ((117.2665566 31.8408241, 117.2668598 31.8408334, 117.2668674 31.8407455, 117.2667917 31.8407433, 117.2665597 31.840733, 117.2665566 31.8408241))",,no,,,,,,,,,,,,,,,,,,,,
way,1135310358,"[10582890710, 10582890711, 10582890712, 10582890708, 10582890713, 10582890714, 10582890715, 10582890716, 10582890717, 10582890718, 10582890719, 10582890720, 10582890710]",,school,,,37#,37#,37#,,,中国科学技术大学,,yes,"POLYGON ((117.2665459 31.8407038, 117.2667929 31.8407103, 117.2667917 31.8407433, 117.2668674 31.8407455, 117.2668797 31.8407078, 117.2671859 31.8407159, 117.26719 31.8406053, 117.2669328 31.8405986, 117.2669313 31.8406409, 117.2668326 31.8406383, 117.2668342 31.8405947, 117.2665501 31.8405873, 117.2665459 31.8407038))",,no,,,,,,,,,,,,,,,,,,,,
way,1135310359,"[10582890721, 10582890722, 10582890723, 10582890724, 10582890725, 10582890726, 10582890727, 10582890728, 10582890729, 10582890730, 10582890731, 10582890732, 10582890721]",,school,,,38#,38#,38#,,,中国科学技术大学,,yes,"POLYGON ((117.2668448 31.8405157, 117.2669646 31.8405183, 117.2669657 31.8404794, 117.2670457 31.8404812, 117.2670438 31.8405462, 117.2672422 31.8405505, 117.2672435 31.8405068, 117.2672754 31.8405075, 117.2672784 31.8404118, 117.2671677 31.8404094, 117.2671553 31.8404305, 117.2668475 31.8404239, 117.2668448 31.8405157))",,no,,,,,,,,,,,,,,,,,,,,
way,1135310360,"[10582890733, 10582890734, 10582890735, 10582890736, 10582890737, 10582890738, 10582890739, 10582890740, 10582890741, 10582890742, 10582890733]",,school,,,39#,39#,39#,,,中国科学技术大学,,yes,"POLYGON ((117.2668587 31.8403777, 117.2669966 31.8403842, 117.2669987 31.8403526, 117.2671101 31.8403579, 117.2671083 31.8403848, 117.2672651 31.8403922, 117.2672712 31.8402992, 117.2670048 31.8402866, 117.2670068 31.8402566, 117.2668671 31.84025, 117.2668587 31.8403777))",,no,,,,,,,,,,,,,,,,,,,,
way,1135310364,"[10582890749, 10582890750, 10582890751, 10582890752, 10582890749]",,university,,,固态量子芯片实验室,,固态量子芯片实验室,固态量子芯片实验室,固態量子芯片實驗室,中国科学技术大学,,yes,"POLYGON ((117.2666712 31.8426672, 117.2673915 31.8426839, 117.2674008 31.8426194, 117.2666851 31.8426029, 117.2666712 31.8426672))",,no,,,,,,,,,,,,,,,,,,,,
way,1135310365,"[10582890753, 10582890754, 10582890755, 10582890756, 10582890753]",,residential,,,23#,23#,23#,,,中国科学技术大学,,yes,"POLYGON ((117.2666883 31.8425011, 117.267118 31.8425084, 117.267118 31.8424242, 117.266692 31.8424169, 117.2666883 31.8425011))",,no,,,,,,,,,,,,,,,,,,,,
way,1135310366,"[10582890757, 10582890758, 10582890759, 10582890760, 10582890757]",,residential,,,24#,24#,24#,,,中国科学技术大学,,yes,"POLYGON ((117.2671499 31.8425406, 117.2671526 31.8424409, 117.2673144 31.8424491, 117.2673066 31.842551, 117.2671499 31.8425406))",,no,,,,,,,,,,,,,,,,,,,,
way,1135360036,"[10583324158, 10583324159, 10583324160, 10583324161, 10583324158]",,residential,,,12#,12#,12#,,,中国科学技术大学,,yes,"POLYGON ((117.2655184 31.8415256, 117.2659634 31.841555, 117.2659739 31.8414388, 117.2655334 31.8414094, 117.2655184 31.8415256))",,no,,,,,,,,,,,,,,,,,,,,
way,1135360037,"[10583324162, 10583324163, 10583324164, 10583324165, 10583324162]",,residential,,,19#,19#,19#,,,中国科学技术大学,,yes,"POLYGON ((117.2660882 31.8415512, 117.2665858 31.8415831, 117.2665978 31.8414631, 117.2660987 31.8414324, 117.2660882 31.8415512))",,no,,,,,,,,,,,,,,,,,,,,
way,1135360038,"[10583324166, 10583324167, 10583324168, 10583324169, 10583324166]",,residential,,,13#,13#,13#,,,中国科学技术大学,,yes,"POLYGON ((117.2655514 31.841329, 117.2659784 31.8413609, 117.265995 31.8412523, 117.265568 31.8412217, 117.2655514 31.841329))",,no,,,,,,,,,,,,,,,,,,,,
way,1135360039,"[10583324170, 10583324171, 10583324172, 10583324173, 10583324170]",,residential,,,20#,20#,20#,,,中国科学技术大学,,yes,"POLYGON ((117.2661408 31.8413341, 117.2666009 31.8413673, 117.2666159 31.8412536, 117.2661528 31.8412268, 117.2661408 31.8413341))",,no,,,,,,,,,,,,,,,,,,,,
way,1135360044,"[10583324210, 10583324211, 10583324212, 10583324213, 10583324210]",,residential,,,14#,14#,14#,,,中国科学技术大学,,yes,"POLYGON ((117.2655954 31.841077, 117.2659924 31.8411089, 117.2660044 31.8410093, 117.2656105 31.8409812, 117.2655954 31.841077))",,no,,,,,,,,,,,,,,,,,,,,
way,1135360045,"[10583324214, 10583324215, 10582890680, 10583324216, 10583324214]",,residential,,,21#,21#,21#,,,中国科学技术大学,,yes,"POLYGON ((117.2661683 31.8411408, 117.266764 31.8411683, 117.2667718 31.8410276, 117.2661803 31.8410131, 117.2661683 31.8411408))",,no,,,,,,,,,,,,,,,,,,,,
way,1135360046,"[10583324217, 10583324218, 10583324219, 10583324220, 10583324221, 10583324217]",,residential,,,退休教职工活动中心,,退休教职工活动中心,退休教职工活动中心,退休教職工活動中心,中国科学技术大学,,yes,"POLYGON ((117.2657413 31.840796, 117.265833 31.8408049, 117.2658811 31.8407615, 117.2658886 31.8406593, 117.2657533 31.8406504, 117.2657413 31.840796))",,no,,,,,,,,,,,,,,,,,,,,
way,1135360047,"[10583324222, 10583324223, 10583324224, 10583324225, 10583324222]",,residential,,,41#,41#,41#,,,中国科学技术大学,,yes,"POLYGON ((117.2659472 31.8408075, 117.2663321 31.8408254, 117.2663412 31.8407181, 117.2659563 31.8407091, 117.2659472 31.8408075))",,no,,,,,,,,,,,,,,,,,,,,
way,1135360048,"[10583324226, 10583324227, 10583324228, 10583324229, 10583324226]",,residential,,,42#,42#,42#,,,中国科学技术大学,,yes,"POLYGON ((117.2657831 31.840524, 117.2663388 31.840537, 117.2663388 31.8404315, 117.2657888 31.840404, 117.2657831 31.840524))",,no,,,,,,,,,,,,,,,,,,,,
way,1135360049,"[10583324230, 10583324231, 10583324232, 10583324233, 10583324230]",,university,,,43#,43#,43#,,,中国科学技术大学,,yes,"POLYGON ((117.2658098 31.8403099, 117.2661631 31.8403293, 117.2661669 31.8402482, 117.2658174 31.8402304, 117.2658098 31.8403099))",,no,,,,,,,,,,,,,,,,,,,,
way,1135360050,"[10583324235, 10583324236, 10583324237, 10583324238, 10583324235]",,residential,,,44#,44#,44#,,,中国科学技术大学,,yes,"POLYGON ((117.2658327 31.8401914, 117.2664381 31.8402271, 117.2664381 31.8401103, 117.2658442 31.8400844, 117.2658327 31.8401914))",,no,,,,,,,,,,,,,,,,,,,,
way,1135360051,"[10583324239, 10583324240, 10583324241, 10716322445, 10583324242, 10583324239]",,residential,,,45#,45#,45#,,,中国科学技术大学,,yes,"POLYGON ((117.2658385 31.8399157, 117.26644 31.839953, 117.2664457 31.8398313, 117.2662946 31.8398243, 117.2658537 31.8398037, 117.2658385 31.8399157))",,no,,,,,,,,,,,,,,,,,,,,
way,1135360053,"[10583324247, 10583324248, 10583324249, 10583324250, 10583324247]",,university,,,裙楼,,裙楼,裙楼,裙樓,中国科学技术大学,,yes,"POLYGON ((117.2652549 31.8364266, 117.2652862 31.8360728, 117.2654637 31.8360836, 117.2654239 31.8364354, 117.2652549 31.8364266))",,no,,,,,,,,,,,,,,,,,,,,
way,1135360055,"[10583324254, 10583324255, 10583324256, 10583324257, 10583324254]",,residential,,,27#,27#,27#,,,中国科学技术大学,,yes,"POLYGON ((117.2667104 31.8422628, 117.2671373 31.8422875, 117.2671373 31.8421948, 117.2667104 31.8421742, 117.2667104 31.8422628))",,no,,,,,,,,,,,,,,,,,,,,
way,1135360056,"[10583324258, 10583324259, 10583324260, 10583324261, 10583324262, 10583324263, 10583324264, 10583324265, 10583324258]",,residential,,,25#,24#,24#,,,中国科学技术大学,,yes,"POLYGON ((117.2671726 31.8423253, 117.2673041 31.8423293, 117.2673005 31.8424142, 117.2674525 31.8424188, 117.2674578 31.842291, 117.2673386 31.8422874, 117.2673415 31.8422151, 117.2671773 31.8422102, 117.2671726 31.8423253))",,no,,,,,,,,,,,,,,,,,,,,
way,1135360057,"[10583324266, 10583324267, 10583324268, 10583324269, 10583324266]",,residential,,,28#,28#,28#,,,中国科学技术大学,,yes,"POLYGON ((117.2667347 31.8420279, 117.267113 31.8420588, 117.2671276 31.841929, 117.2667468 31.8419002, 117.2667347 31.8420279))",,no,,,,,,,,,,,,,,,,,,,,
way,1135360058,"[10583324270, 10583324271, 10583324272, 10583324273, 10583324274, 10583324275, 10583324276, 10583324277, 10583324270]",,residential,,,26#,26#,26#,,,中国科学技术大学,,yes,"POLYGON ((117.267164 31.8420506, 117.2673265 31.842065, 117.2673265 31.8421289, 117.2674769 31.8421371, 117.2674817 31.8420032, 117.2673338 31.8420053, 117.2673362 31.8419393, 117.2671688 31.841929, 117.267164 31.8420506))",,no,,,,,,,,,,,,,,,,,,,,
way,1135360059,"[10583324279, 10583324280, 10583324281, 10583324282, 10583324279]",,residential,,,29#,29#,29#,,,中国科学技术大学,,yes,"POLYGON ((117.2667666 31.84179, 117.2671304 31.8418127, 117.2671352 31.8416911, 117.2667763 31.8416746, 117.2667666 31.84179))",,no,,,,,,,,,,,,,,,,,,,,
way,1135360060,"[10583324283, 10583324284, 10583324285, 10583324286, 10583324287, 10583324288, 10583324289, 10583324290, 10583324283]",,residential,,,33#,33#,33#,,,中国科学技术大学,,yes,"POLYGON ((117.2671789 31.8417982, 117.2673293 31.8418024, 117.2673269 31.8419013, 117.2674894 31.8419095, 117.2675015 31.8417385, 117.2673341 31.8417385, 117.267339 31.8416787, 117.2671813 31.8416787, 117.2671789 31.8417982))",,no,,,,,,,,,,,,,,,,,,,,
way,1135360061,"[10583324291, 10583324292, 10583324293, 10583324294, 10583324291]",,residential,,,30#,30#,30#,,,中国科学技术大学,,yes,"POLYGON ((117.2667399 31.8415386, 117.2672856 31.841553, 117.2672978 31.8414191, 117.266752 31.8414109, 117.2667399 31.8415386))",,no,,,,,,,,,,,,,,,,,,,,
way,1135360062,"[10583324295, 10583324296, 10583324297, 10583324298, 10583324295]",,residential,,,34#,34#,34#,,,中国科学技术大学,,yes,"POLYGON ((117.2673244 31.8416004, 117.267339 31.8414789, 117.2675088 31.841485, 117.2674942 31.8416066, 117.2673244 31.8416004))",,no,,,,,,,,,,,,,,,,,,,,
way,1135360065,"[10583324301, 10583324302, 10583324303, 10583324304, 10583324301]",,residential,,,67#,67#,67#,,,中国科学技术大学,,yes,"POLYGON ((117.2658813 31.8390227, 117.2664197 31.8390536, 117.2664391 31.8389011, 117.2659031 31.8388702, 117.2658813 31.8390227))",,no,,,,,,,,,,,,,,,,,,,,
way,1135360066,"[10583324305, 10583324306, 10583324307, 10583324308, 10583324305]",,residential,,,68#,68#,68#,,,中国科学技术大学,,yes,"POLYGON ((117.2659201 31.8387548, 117.2660899 31.8387672, 117.2661044 31.8386312, 117.2659346 31.8386188, 117.2659201 31.8387548))",,no,,,,,,,,,,,,,,,,,,,,
way,1135360067,"[10583324309, 10583324310, 10583324311, 10583324312, 10583324309]",,residential,,,69#,69#,69#,,,中国科学技术大学,,yes,"POLYGON ((117.2659128 31.8385117, 117.2663057 31.8385385, 117.2663203 31.8384025, 117.2659298 31.8383736, 117.2659128 31.8385117))",,no,,,,,,,,,,,,,,,,,,,,
way,1135360068,"[10583324316, 10583324317, 10583324318, 10583324319, 10583324320, 10583324321, 10583324322, 10583324323, 10583324324, 10583324325, 10583324316]",,university,,,体育教学部,,体育教学部,体育教学部,體育教學部,中国科学技术大学,,yes,"POLYGON ((117.2605061 31.8379661, 117.2605653 31.8379742, 117.2605729 31.8379223, 117.2607754 31.8379353, 117.260762 31.8380635, 117.2608575 31.8380732, 117.2608842 31.8377812, 117.2604908 31.8377617, 117.2604775 31.8378931, 117.2605061 31.837898, 117.2605061 31.8379661))",,no,,,,,,,,,,,,,,,,,,,,
way,1135360069,"[10583324329, 10583324330, 10583324331, 10583324332, 10583324329]",,residential,,,48#,,,,,中国科学技术大学,,yes,"POLYGON ((117.2665428 31.8403556, 117.2667635 31.8403762, 117.2667732 31.8402526, 117.2665549 31.8402402, 117.2665428 31.8403556))",,no,,,,,,,,,,,,,,,,,,,,
way,1135360070,"[10583324333, 10583324334, 10583324335, 10583324336, 10583324333]",,residential,,,49#,49#,49#,,,中国科学技术大学,,yes,"POLYGON ((117.2665719 31.8401083, 117.2670085 31.8401351, 117.267023 31.8400362, 117.2665743 31.8400053, 117.2665719 31.8401083))",,no,,,,,,,,,,,,,,,,,,,,
way,1135360071,"[10583324337, 10583324338, 10583324339, 10583324340, 10583324337]",,residential,,,50#,50#,50#,,,中国科学技术大学,,yes,"POLYGON ((117.2671249 31.8401475, 117.2675518 31.8401722, 117.2675615 31.8400486, 117.2671322 31.8400342, 117.2671249 31.8401475))",,no,,,,,,,,,,,,,,,,,,,,
way,1135360072,"[10583324341, 10583324342, 10583324343, 10583324344, 10583324341]",,residential,,,53#,53#,53#,,,中国科学技术大学,,yes,"POLYGON ((117.266601 31.8399043, 117.2672607 31.8399497, 117.2672728 31.8398343, 117.2666131 31.839789, 117.266601 31.8399043))",,no,,,,,,,,,,,,,,,,,,,,
way,1135360073,"[10583324347, 10583324348, 10583324349, 10583324350, 10583324347]",,residential,,,51#,51#,51#,,,中国科学技术大学,,yes,"POLYGON ((117.2673002 31.8399116, 117.267551 31.8399301, 117.267555 31.839821, 117.2673002 31.8398009, 117.2673002 31.8399116))",,no,,,,,,,,,,,,,,,,,,,,
way,1135360074,"[10583324351, 10583324352, 10583324353, 10583324354, 10583324351]",,residential,,,71#,71#,71#,,,中国科学技术大学,,yes,"POLYGON ((117.2659291 31.838244, 117.2664562 31.838277, 117.2664718 31.8381568, 117.2659462 31.8381185, 117.2659291 31.838244))",,no,,,,,,,,,,,,,,,,,,,,
way,1135360075,"[10583324355, 10583324356, 10583324357, 10583324358, 10583324355]",,residential,,,72#,72#,72#,,,中国科学技术大学,,yes,"POLYGON ((117.2659385 31.8379825, 117.2664656 31.8380049, 117.266478 31.8379072, 117.2659462 31.8378821, 117.2659385 31.8379825))",,no,,,,,,,,,,,,,,,,,,,,
way,1135360076,"[10583324359, 10583324360, 10583324361, 10583324362, 10583324359]",,residential,,,73#,73#,73#,,,中国科学技术大学,,yes,"POLYGON ((117.2659167 31.8377117, 117.2664578 31.8377486, 117.2664671 31.8376509, 117.2659245 31.8376152, 117.2659167 31.8377117))",,no,,,,,,,,,,,,,,,,,,,,
way,1135360077,"[10583324363, 10583324364, 10583324365, 10583324366, 10583324363]",,residential,,,74#,74#,74#,,,中国科学技术大学,,yes,"POLYGON ((117.2659167 31.8374567, 117.2664314 31.8374818, 117.2664438 31.8373682, 117.2659276 31.8373431, 117.2659167 31.8374567))",,no,,,,,,,,,,,,,,,,,,,,
way,1135360078,"[10583324367, 10583324368, 10583324369, 10583324370, 10583324367]",,residential,,,75#,75#,75#,,,中国科学技术大学,,yes,"POLYGON ((117.2658887 31.8371912, 117.2664516 31.8372203, 117.2664671 31.8370763, 117.2658996 31.8370485, 117.2658887 31.8371912))",,no,,,,,,,,,,,,,,,,,,,,
way,1135360079,"[10583324371, 10583324372, 10583324373, 10583324374, 10583324371]",,residential,,,77#,77#,77#,,,中国科学技术大学,,yes,"POLYGON ((117.2665589 31.8377737, 117.2666988 31.837779, 117.2667081 31.8376615, 117.2665697 31.8376562, 117.2665589 31.8377737))",,no,,,,,,,,,,,,,,,,,,,,
way,1135360080,"[10583324375, 10583324376, 10583324377, 10583324378, 10583324375]",,residential,,,76#,76#,76#,,,中国科学技术大学,,yes,"POLYGON ((117.2665639 31.8379953, 117.2667193 31.8380067, 117.2667328 31.8378819, 117.2665773 31.8378674, 117.2665639 31.8379953))",,no,,,,,,,,,,,,,,,,,,,,
way,1135360081,"[10583324379, 10583324380, 10583324381, 10583324382, 10583324379]",,residential,,,80#,80#,80#,,,中国科学技术大学,,yes,"POLYGON ((117.2667965 31.8376687, 117.2674245 31.8377155, 117.2674318 31.8375782, 117.2668099 31.8375387, 117.2667965 31.8376687))",,no,,,,,,,,,,,,,,,,,,,,
way,1135360082,"[10583324383, 10583324384, 10583324385, 10583324386, 10583324383]",,residential,,,79#,79#,79#,,,中国科学技术大学,,yes,"POLYGON ((117.2667793 31.8379682, 117.2674122 31.8380182, 117.2674245 31.8378913, 117.2667903 31.8378403, 117.2667793 31.8379682))",,no,,,,,,,,,,,,,,,,,,,,
way,1135360083,"[10583324388, 10583324389, 10583324390, 10583324391, 10583324388]",,residential,,,78#,78#,78#,,,中国科学技术大学,,yes,"POLYGON ((117.2668091 31.8382798, 117.2673985 31.8383366, 117.2674218 31.8381688, 117.2668263 31.8381133, 117.2668091 31.8382798))",,no,,,,,,,,,,,,,,,,,,,,
way,1135360084,"[10583324392, 10583324393, 10583324394, 10583324395, 10583324392]",,residential,,,62#,62#,62#,,,中国科学技术大学,,yes,"POLYGON ((117.2665728 31.8382824, 117.2667625 31.8382969, 117.2667765 31.8381714, 117.2665915 31.8381556, 117.2665728 31.8382824))",,no,,,,,,,,,,,,,,,,,,,,
way,1135360085,"[10583324396, 10583324397, 10583324398, 10583324399, 10583324396]",,residential,,,59#,59#,59#,,,中国科学技术大学,,yes,"POLYGON ((117.2665681 31.8391053, 117.2669646 31.8391357, 117.2669802 31.8390036, 117.2665868 31.8389733, 117.2665681 31.8391053))",,no,,,,,,,,,,,,,,,,,,,,
way,1135360086,"[10583324400, 10583324401, 10583324402, 10583324403, 10583324400]",,residential,,,60#,60#,60#,,,中国科学技术大学,,yes,"POLYGON ((117.2665759 31.8388425, 117.2670704 31.83889, 117.2670875 31.8387645, 117.2665884 31.838721, 117.2665759 31.8388425))",,no,,,,,,,,,,,,,,,,,,,,
way,1135360087,"[10583324404, 10583324405, 10583324406, 10583324407, 10583324404]",,residential,,,61#,61#,61#,,,中国科学技术大学,,yes,"POLYGON ((117.266579 31.8385809, 117.266946 31.8386047, 117.2669615 31.8384871, 117.2665884 31.8384647, 117.266579 31.8385809))",,no,,,,,,,,,,,,,,,,,,,,
way,1135360088,"[10583324408, 10583324409, 10583324410, 10583324411, 10583324412, 10583324413, 10583324414, 10583324415, 10583324408]",,residential,,,65#,65#,65#,,,中国科学技术大学,,yes,"POLYGON ((117.2672312 31.8386795, 117.2674501 31.838684, 117.2674499 31.8387144, 117.2676435 31.8387173, 117.2676386 31.8385717, 117.2674611 31.838567, 117.2674575 31.8385966, 117.2672334 31.8385904, 117.2672312 31.8386795))",,no,,,,,,,,,,,,,,,,,,,,
way,1135360089,"[10583324416, 10583324417, 10583324418, 10583324419, 10583324420, 10583324421, 10583324422, 10583324423, 10583324416]",,residential,,,64#,64#,64#,,,中国科学技术大学,,yes,"POLYGON ((117.2671882 31.8389053, 117.2674253 31.8389135, 117.2674244 31.8389512, 117.2676113 31.8389577, 117.2676162 31.8388136, 117.2674282 31.8388087, 117.2674244 31.8388308, 117.2671892 31.8388243, 117.2671882 31.8389053))",,no,,,,,,,,,,,,,,,,,,,,
way,1135360090,"[10583324424, 10583324425, 10583324426, 10712205337, 10583324427, 10583324424]",,residential,,,52#,52#,52#,,,中国科学技术大学,,yes,"POLYGON ((117.2673034 31.8396787, 117.2675424 31.839691, 117.2675443 31.839578, 117.2674196 31.8395728, 117.2673092 31.8395682, 117.2673034 31.8396787))",,no,,,,,,,,,,,,,,,,,,,,
way,1135360091,"[10583324428, 10583324429, 10583324430, 10583324431, 10583324432, 10583324433, 10583324434, 10583324435, 10583324428]",,residential,,,57#,57#,57#,,,中国科学技术大学,,yes,"POLYGON ((117.2671347 31.8395092, 117.2673477 31.839515, 117.2673516 31.8394634, 117.267552 31.8394708, 117.2675549 31.8393643, 117.2673207 31.8393561, 117.2673178 31.8394077, 117.2671376 31.8393979, 117.2671347 31.8395092))",,no,,,,,,,,,,,,,,,,,,,,
way,1135360092,"[10583324436, 10583324437, 10583324438, 10583324439, 10583324436]",,residential,,,58#,58#,58#,,,中国科学技术大学,,yes,"POLYGON ((117.2671694 31.839212, 117.2673764 31.8392218, 117.2673868 31.8390956, 117.2671829 31.8390818, 117.2671694 31.839212))",,no,,,,,,,,,,,,,,,,,,,,
way,1135360093,"[10583324440, 10583324441, 10583324442, 10583324443, 10583324440]",,residential,,,63#,63#,63#,,,中国科学技术大学,,yes,"POLYGON ((117.2674104 31.8391776, 117.2676041 31.839185, 117.2676118 31.8390614, 117.2674171 31.8390528, 117.2674104 31.8391776))",,no,,,,,,,,,,,,,,,,,,,,
way,1135725449,"[10582890612, 10582867699, 10582867700, 10582867701, 10586834704, 10582890609, 10586834703, 10582890611, 10582890612]",,yes,,,天文学系天文台,,天文学系天文台,天文学系天文台,天文學系天文台,中国科学技术大学,,,"POLYGON ((117.2638301 31.8351111, 117.2645113 31.8351594, 117.2645168 31.8350927, 117.2644893 31.8350911, 117.264494 31.8350336, 117.2639054 31.8349846, 117.2639005 31.8350451, 117.2638358 31.8350413, 117.2638301 31.8351111))",,,,,,,,,private,,,,,,,,,,,,,observatory
way,1135842417,"[10588133340, 10588133341, 10588133342, 10588133343, 10588133344, 10588133345, 10588133340]",,university,,,Cu放射源,,Cu放射源,Cu放射源,Cu放射源,中国科学技术大学,,yes,"POLYGON ((117.2620538 31.8396703, 117.2620583 31.839625, 117.2619564 31.8396176, 117.2619611 31.8395705, 117.2620896 31.8395798, 117.2620804 31.8396722, 117.2620538 31.8396703))",,no,,,,,,,,,,,,,,,,,,,,
