element_type,osmid,geometry,nodes,building,leisure,name,source,addr:city,addr:district,addr:postcode,addr:province,addr:street,amenity,building:levels,name:en,fast_food,tourism,operator,layer,ways,type
way,54827271,"POLYGON ((112.9411167 28.1839202, 112.9405743 28.1839014, 112.9405481 28.1844889, 112.9410904 28.1845077, 112.9411167 28.1839202))","[690149638, 690149641, 690149644, 690149647, 690149638]",university,sports_hall,体育馆,Yahoo hires,,,,,,,,,,,,,,
way,54827275,"POLYGON ((112.9386081 28.1834061, 112.938584 28.1837388, 112.9385667 28.1839787, 112.9390687 28.1840069, 112.9391101 28.1834343, 112.9388147 28.1834177, 112.9386081 28.1834061))","[690149751, 2774498621, 690149752, 690149753, 690149754, 3202641520, 690149751]",yes,,湖南大学图书馆,CSU,CHANGSHA,岳麓区,410012,湖南省,麓山南路,library,1,,,,,,,
way,272516773,"POLYGON ((112.9392459 28.1818442, 112.9392774 28.1812681, 112.9397891 28.1812681, 112.939772 28.181425, 112.9397692 28.1814501, 112.9397662 28.1814774, 112.9397262 28.1818442, 112.9392459 28.1818442))","[2774498544, 2774498545, 2774498546, 3130909805, 3162474162, 3130909806, 2774498547, 2774498544]",university,,复临舍,,,,,,,,,,,,,,,
way,272516774,"POLYGON ((112.9391528 28.1824262, 112.9391637 28.1819939, 112.9395926 28.1820023, 112.9395893 28.1821371, 112.9393296 28.182132, 112.9393246 28.1823291, 112.9395859 28.1823342, 112.9395833 28.1824346, 112.9391528 28.1824262))","[2774498548, 2774498549, 2774498551, 3188074215, 3188074216, 3188074217, 3188074218, 2774498552, 2774498548]",university,,外国语学院和国防生办公室（二办）,,,,,,,,,,,,,,,
way,272516776,"POLYGON ((112.9400203 28.1816748, 112.939804 28.1816639, 112.9398123 28.1815354, 112.9398875 28.1815392, 112.939893 28.1814544, 112.9398989 28.1813646, 112.9411192 28.1814261, 112.9411001 28.1817211, 112.9408649 28.1817093, 112.9408714 28.1816076, 112.9400274 28.1815651, 112.9400203 28.1816748))","[2774498560, 3442440881, 3442440883, 3442440882, 3162474161, 2774498561, 2774498562, 2774498564, 2774498565, 2774498566, 3442440880, 2774498560]",university,,中楼,,,,,,,,,,,,,,,
way,272516779,"POLYGON ((112.9395875 28.1809939, 112.9395868 28.1807996, 112.9396444 28.1807998, 112.9396444 28.1808376, 112.9397557 28.1808376, 112.9397544 28.18068, 112.9394781 28.1806804, 112.9394787 28.1802493, 112.9399861 28.1802519, 112.9399812 28.1809936, 112.9395875 28.1809939))","[2774498583, 3184256902, 3184256901, 3184256900, 3184256899, 3184256898, 3184256897, 2774498584, 2774498585, 2774498588, 2774498583]",university,,工商管理学院,,,,,,,,,,,,,,,
way,272516788,"POLYGON ((112.9379607 28.184848, 112.9379698 28.1847306, 112.9381696 28.1847427, 112.9381728 28.1847014, 112.9386152 28.1847282, 112.9386123 28.1847659, 112.9388166 28.1847783, 112.9388071 28.1849001, 112.938644 28.1848902, 112.9386392 28.1849513, 112.9381177 28.1849197, 112.9381225 28.1848577, 112.9379607 28.184848))","[2774498612, 2774498615, 3442441946, 3442441947, 3442441948, 3442441949, 2774498616, 2774498618, 3442441942, 3442441943, 3442441944, 3442441945, 2774498612]",university,,东楼,,,,,,,,,,,,,,,
way,272516790,"POLYGON ((112.9375332 28.1838175, 112.9375341 28.1838022, 112.9374533 28.1837432, 112.9374399 28.1836522, 112.9374325 28.1834792, 112.9374351 28.1833386, 112.9377802 28.1833302, 112.9377821 28.1836072, 112.9377746 28.1837456, 112.9377353 28.1837902, 112.9377312 28.1838133, 112.9375332 28.1838175))","[2774498622, 3442441927, 3442441928, 2774498623, 2774498624, 2774498625, 2774498626, 2774498627, 2774498628, 2774498629, 3442441926, 2774498622]",university,,湖南大学图书馆特藏分馆,,,,,,,,,,,,,,,
way,307871886,"POLYGON ((112.9398633 28.1727073, 112.9399408 28.1726169, 112.9401634 28.1727653, 112.9402398 28.1726762, 112.9402953 28.1726114, 112.939946 28.1723787, 112.9400304 28.1722802, 112.9407826 28.1727813, 112.9408292 28.172727, 112.9410392 28.1728668, 112.9406988 28.1732639, 112.9398633 28.1727073))","[3131013772, 3444498138, 3444498139, 3444498137, 3444498141, 3444498140, 3131013773, 3444498143, 3444498142, 3131013774, 3131013775, 3131013772]",university,,湖南大学综合楼,,,,,,,,,,,,,,,
way,310762331,"POLYGON ((112.940091 28.180976, 112.9400827 28.1803956, 112.9404376 28.1803916, 112.9404458 28.1809721, 112.940091 28.180976))","[3162474188, 3162474189, 3162474190, 3162474191, 3162474188]",university,,前进楼,,,,,,,,,,,,,,,
way,310763587,"POLYGON ((112.9380895 28.1824451, 112.9380922 28.1822337, 112.9385471 28.1822383, 112.9385463 28.182299, 112.9386304 28.1822998, 112.9386322 28.1821591, 112.938538 28.1821582, 112.9385398 28.1820198, 112.9388457 28.1820229, 112.9388401 28.1824526, 112.9380895 28.1824451))","[3162489322, 3162489323, 3162489324, 3162489325, 3162489326, 3162489327, 3162489328, 3162489329, 3162489330, 3162489331, 3162489322]",university,,办公楼,,,,,,,,,,,,,,,
way,310763589,"POLYGON ((112.9378232 28.1813268, 112.9378238 28.1811815, 112.9384457 28.1811835, 112.9384473 28.1808209, 112.9381993 28.1808201, 112.9381984 28.181022, 112.937814 28.1810208, 112.9378156 28.1806378, 112.9387486 28.1806408, 112.9387474 28.1809295, 112.9385654 28.1809289, 112.9385636 28.1813685, 112.9384368 28.1813681, 112.9384371 28.1812958, 112.9381689 28.1812949, 112.9381688 28.1813279, 112.9378232 28.1813268))","[3162489340, 3162489341, 3442440891, 3442440892, 3442441893, 3442441894, 3442441895, 3442441896, 3162489342, 3162489343, 3162489344, 3162489345, 3442440889, 3162489346, 3162489347, 3442440890, 3162489340]",university,,逸夫楼,,,,,,,,,Run Run Shaw Building,,,,,,
way,312550765,"POLYGON ((112.9427965 28.1823644, 112.9428019 28.1819566, 112.9433128 28.1819619, 112.9433074 28.1823697, 112.9427965 28.1823644))","[3184239233, 3184239234, 3184239235, 3184239236, 3184239233]",yes,,湖南大学五、三食堂,,,,,,,restaurant,,,cafeteria,,,,,
way,312552700,"POLYGON ((112.9389911 28.1832766, 112.9389849 28.1831658, 112.9391481 28.1831587, 112.9391542 28.1832695, 112.9389911 28.1832766))","[3184256887, 3184256888, 3184256889, 3184256890, 3184256887]",yes,,自卑亭,,,,,,,,,,,,,,,
way,312886955,"POLYGON ((112.9378075 28.1823854, 112.938068 28.1823897, 112.9380747 28.1820718, 112.9378142 28.1820675, 112.9378075 28.1823854))","[3188074211, 3188074212, 3188074213, 3188074214, 3188074211]",university,,生物学院,,,,,,,,,,,,,,,
way,312886964,"POLYGON ((112.9423888 28.1824985, 112.9427027 28.1824951, 112.9426978 28.1821422, 112.9424691 28.1821447, 112.9424697 28.1821897, 112.9424502 28.1821899, 112.9424507 28.182227, 112.9424213 28.1822273, 112.9424221 28.1822816, 112.9423858 28.182282, 112.9423888 28.1824985))","[3188074339, 3188074340, 3188074341, 3188074342, 3188074343, 3188074344, 3188074345, 3188074346, 3188074347, 3188074348, 3188074339]",university,,建筑与规划学院,,,,,,,,5,,,,,,,
way,312886965,"POLYGON ((112.9379397 28.1843397, 112.9391962 28.184408, 112.9392078 28.1842425, 112.9379513 28.1841741, 112.9379397 28.1843397))","[3188074349, 3188074350, 3188074351, 3188074352, 3188074349]",university,,化工楼,,,,,,,,,,,,,,,
way,314215552,"POLYGON ((112.9393177 28.184837, 112.9395525 28.1848541, 112.9395471 28.1849121, 112.9403464 28.1849704, 112.940352 28.1849105, 112.940566 28.1849261, 112.9405768 28.1848107, 112.9393287 28.1847196, 112.9393177 28.184837))","[3202641521, 3202641522, 3202641523, 3202641524, 3202641525, 3202641526, 3202641527, 3202641528, 3202641521]",university,,电气与信息工程学院,,,,,,,,,,,,,,,
way,314215553,"POLYGON ((112.9365337 28.1848189, 112.9367161 28.1848352, 112.9367248 28.1847598, 112.9367901 28.1847657, 112.9367781 28.1848698, 112.9370159 28.1848911, 112.9370287 28.1847804, 112.9370912 28.184786, 112.937084 28.1848482, 112.9372265 28.1848609, 112.9372509 28.1846486, 112.9365605 28.1845868, 112.9365337 28.1848189))","[3202641530, 3202641531, 3202641532, 3202641533, 3202641534, 3202641535, 3202641536, 3202641537, 3202641538, 3202641539, 3202641540, 3202641541, 3202641530]",university,,物理与微电子科学学院,,,,,,,,,,,,,,,
way,321958795,"POLYGON ((112.9352166 28.1834235, 112.9351504 28.1830346, 112.9359171 28.1829277, 112.9359943 28.183302, 112.9352166 28.1834235))","[3287268573, 3287268574, 3287268575, 3287268576, 3287268573]",yes,,中国书院博物馆,,,,,,,,,,,museum,,,,
way,337142398,"POLYGON ((112.9413589 28.1804175, 112.9413518 28.1798581, 112.9416827 28.1798549, 112.9416898 28.1804143, 112.9413589 28.1804175))","[3442440836, 3442440837, 3442440838, 3442440839, 3442440836]",university,,,,,,,,,,,,,,,,,
way,337142399,"POLYGON ((112.9407581 28.1810926, 112.9412574 28.1810788, 112.9412534 28.1809659, 112.9407541 28.1809797, 112.9407581 28.1810926))","[3442440840, 3442440841, 3442440842, 3442440843, 3442440840]",university,,,,,,,,,,,,,,,,,
way,337142400,"POLYGON ((112.9408028 28.1809591, 112.9409356 28.1809556, 112.9409327 28.1808153, 112.94126 28.1808083, 112.9414721 28.1808038, 112.9416153 28.180803, 112.9416143 28.1809549, 112.9417097 28.1809547, 112.9417079 28.1807876, 112.9417052 28.1805411, 112.9416179 28.1805441, 112.941619 28.1806361, 112.9409342 28.1806404, 112.9409265 28.1804623, 112.940797 28.180467, 112.9408028 28.1809591))","[3442440844, 11397564483, 11397564480, 11397826327, 10703182768, 10703182773, 3442440845, 10703182769, 10703182770, 10703182771, 10703182772, 3442440846, 11397564481, 11397564482, 3442440847, 3442440844]",university,,土木工程学院,,,,,,,,,,,,,,,
way,337142401,"POLYGON ((112.9405364 28.1809725, 112.9407608 28.1809706, 112.9407548 28.1804253, 112.9408124 28.1804249, 112.9408112 28.1803217, 112.9408797 28.1803211, 112.9408755 28.1799411, 112.940525 28.1799441, 112.9405364 28.1809725))","[3442440848, 3442440849, 3442440850, 3442440851, 3442440852, 3442440853, 3442440854, 3442440855, 3442440848]",university,,,,,,,,,,,,,,,,,
way,337142414,"POLYGON ((112.9365 28.1829266, 112.9368299 28.1828889, 112.9367707 28.1824864, 112.9366791 28.1824969, 112.9366906 28.1825751, 112.9365986 28.1825856, 112.9366042 28.1826233, 112.9364579 28.18264, 112.9365 28.1829266))","[3442441914, 3442441915, 3442441916, 3442441917, 3442441918, 3442441919, 3442441920, 3442441921, 3442441914]",university,,国际教育学院,,,,,,,,,,,,,,,
way,337142416,"POLYGON ((112.9367908 28.1837704, 112.9367789 28.1834926, 112.9373016 28.1834751, 112.9373136 28.1837529, 112.9367908 28.1837704))","[3442441922, 3442441923, 3442441924, 3442441925, 3442441922]",university,,大礼堂,,,,,,,,,,,,,,,
way,337142418,"POLYGON ((112.9364693 28.1854055, 112.9371881 28.1854606, 112.9372336 28.1849998, 112.9369109 28.184975, 112.9369055 28.1850306, 112.9367952 28.1850221, 112.9367089 28.1850683, 112.9366979 28.1851796, 112.9364932 28.1851639, 112.9364693 28.1854055))","[3442441929, 3442441930, 3442441931, 3442441932, 3442441933, 3442441934, 3442441935, 3442441936, 3442441937, 3442441929]",yes,,集贤宾馆,,,,,,,,,,,hotel,,,,
way,337142421,"POLYGON ((112.9373251 28.1852484, 112.9380107 28.185426, 112.9380786 28.1852224, 112.937393 28.1850447, 112.9373251 28.1852484))","[3442441938, 3442441939, 3442441940, 3442441941, 3442441938]",university,,物理实验中心,,,,,,,,,,,,,,,
way,337142429,"POLYGON ((112.9390123 28.1860993, 112.9392808 28.1861118, 112.9392909 28.1859429, 112.939249 28.1859409, 112.939251 28.185909, 112.9392925 28.185911, 112.9393067 28.1856819, 112.9392552 28.1856794, 112.9392583 28.1856285, 112.9393049 28.1856308, 112.9393114 28.1855263, 112.9392943 28.1854999, 112.9392648 28.1854818, 112.9390611 28.1854725, 112.9390525 28.1856183, 112.9392033 28.1856252, 112.9391973 28.185726, 112.9390432 28.1857189, 112.9390347 28.1858631, 112.939172 28.1858694, 112.9391678 28.1859401, 112.9390222 28.1859333, 112.9390123 28.1860993))","[3442441969, 3442441970, 3442441971, 3442441972, 3442441973, 3442441974, 3442441975, 3442441976, 3442441977, 3442441978, 3442441979, 3442441980, 3442441981, 3442441982, 3442441983, 3442441984, 3442441985, 3442441986, 3442441987, 3442441988, 3442441989, 3442441990, 3442441969]",yes,,湖南大学第四食堂,,,,,,,restaurant,,,cafeteria,,,,,
way,337142437,"POLYGON ((112.9422357 28.1832997, 112.9430027 28.1832931, 112.9430011 28.1831516, 112.9422341 28.1831583, 112.9422357 28.1832997))","[3442441999, 3442442000, 3442442001, 3442442002, 3442441999]",university,,七舍,,,,,,,,,,,,,,,
way,337142443,"POLYGON ((112.9428364 28.1814531, 112.9433729 28.1814483, 112.9433711 28.1812947, 112.9429412 28.1812985, 112.9429402 28.1812076, 112.9427704 28.1812091, 112.9427715 28.1813057, 112.9428347 28.1813051, 112.9428364 28.1814531))","[3442442021, 3442442022, 3442442023, 3442442024, 3442442025, 3442442026, 3442442027, 3442442028, 3442442021]",university,,材料科学与工程学院,,,,,,,,,,,,,,,
way,337142447,"POLYGON ((112.9360046 28.1829738, 112.9359138 28.1826576, 112.9362897 28.1825737, 112.9363805 28.18289, 112.9360046 28.1829738))","[3442442031, 3442442032, 3442442035, 3442442034, 3442442031]",university,,胜利斋,,,,,,,,,,,,,,,
way,337142451,"POLYGON ((112.9397774 28.1824224, 112.9398491 28.1824264, 112.9398453 28.1824803, 112.9408628 28.1825364, 112.9408709 28.1824214, 112.9411509 28.1824369, 112.9411609 28.1822963, 112.9408415 28.1822787, 112.9408374 28.1823363, 112.9404887 28.1823171, 112.9404849 28.1823717, 112.9397837 28.1823331, 112.9397774 28.1824224))","[3442442042, 3442442043, 3442442053, 3442442044, 3442442045, 3442442046, 3442442047, 3442442048, 3442442049, 3442442050, 3442442051, 3442442052, 3442442042]",university,,新闻传播与影视艺术学院（北楼）,,,,,,,,,,,,,,,
way,337163087,"POLYGON ((112.9428209 28.1817283, 112.9428173 28.1815538, 112.9428937 28.1815526, 112.9428944 28.1815848, 112.943227 28.1815795, 112.9432293 28.1816887, 112.9430477 28.1816916, 112.9430483 28.1817247, 112.9428209 28.1817283))","[3442632922, 3442632923, 3442632924, 3442632925, 3442632926, 3442632927, 3442632928, 3442632929, 3442632922]",university,,,,,,,,,,,,,,,,,
way,459800244,"POLYGON ((112.9412768 28.1769625, 112.9411328 28.1762343, 112.9412342 28.1762187, 112.941219 28.1761417, 112.9411139 28.1761579, 112.9410803 28.1759882, 112.9415328 28.1759187, 112.941612 28.1763188, 112.9415469 28.1763439, 112.9416577 28.176904, 112.9412768 28.1769625))","[4555408320, 4555408321, 4555408322, 4555408323, 4555408324, 4555408325, 4555408326, 4555408327, 4555408328, 4555408329, 4555408320]",yes,swimming_pool,湖南大学游泳馆,,长沙,,410082,,麓山南路,,,,,,湖南大学,,,
way,459800651,"POLYGON ((112.9403135 28.1778229, 112.940318 28.1775353, 112.940389 28.1775361, 112.9403973 28.1770098, 112.9405351 28.1770087, 112.9405348 28.1769056, 112.940399 28.1769039, 112.9403388 28.1769031, 112.9403472 28.1763755, 112.9408462 28.1763816, 112.9408376 28.1769235, 112.9406263 28.1769174, 112.9406259 28.17697, 112.9406256 28.1770082, 112.9409561 28.1770097, 112.9409519 28.1772707, 112.9408574 28.1772695, 112.9408561 28.1773569, 112.9409538 28.1773581, 112.9409513 28.1775131, 112.9408187 28.1775114, 112.9408173 28.1776011, 112.940951 28.1776027, 112.9409474 28.1778306, 112.9403135 28.1778229))","[4555412195, 4555412196, 4555412197, 11397564419, 11397564418, 11397564420, 4555412198, 4555412199, 4555412200, 4555412201, 11397564421, 11397564422, 11397826324, 4555412202, 4555412203, 4555412204, 4555412205, 4555412206, 4555412207, 4555412208, 4555412209, 4555412210, 4555412211, 4555412212, 4555412195]",university,,研究生楼,,长沙,,410082,,麓山南路,,4,,,,,1,,
way,578583510,"POLYGON ((112.9406419 28.1734603, 112.9397138 28.1728834, 112.9395421 28.1731056, 112.9404648 28.1736826, 112.9406419 28.1734603))","[5543320178, 5543320177, 5543320179, 5543320180, 5543320178]",university,,物电院B栋,,,,,,,,,,,,,,,
way,642861969,"POLYGON ((112.9368302 28.18224, 112.9368291 28.1823574, 112.9370094 28.1823587, 112.9370106 28.1822414, 112.9368302 28.18224))","[6050997050, 6050997026, 6050997027, 6050997053, 6050997050]",yes,,,,,,,,,,,,,,,,,
way,657134300,"POLYGON ((112.9463524 28.1813796, 112.946634 28.1813631, 112.9466235 28.1812232, 112.9467788 28.1812141, 112.9467842 28.1812868, 112.9469639 28.1812764, 112.9469595 28.1812179, 112.9471048 28.1812094, 112.9470955 28.1810852, 112.9469468 28.1810939, 112.9469381 28.1809786, 112.9466984 28.1809926, 112.946696 28.1809602, 112.946639 28.1809636, 112.946642 28.1810026, 112.9465587 28.1810075, 112.9465556 28.1809663, 112.9465105 28.1809689, 112.9465073 28.1809268, 112.9464028 28.1809329, 112.9464049 28.1809611, 112.9463213 28.1809659, 112.9463524 28.1813796))","[6154892551, 6154892552, 6154892553, 6154892554, 6154892555, 6154892556, 6154892557, 6154892558, 6154892559, 6154892560, 6154892561, 6154892562, 6154892563, 6154892564, 6154892565, 6154892566, 6154892567, 6154892568, 6154892569, 6154892570, 6154892571, 6154892572, 6154892551]",retail,,,,,,,,,,,,,,,,,
way,680607554,"POLYGON ((112.939745 28.180075, 112.9400064 28.1800751, 112.9400054 28.1799017, 112.9397448 28.1799008, 112.939745 28.180075))","[6372936686, 6372936687, 6372936688, 6372936689, 6372936686]",dormitory,,,,,,,,,,,,,,,,,
way,680607555,"POLYGON ((112.9401626 28.1800754, 112.940447 28.1800643, 112.940438 28.1798847, 112.9401536 28.1798958, 112.9401626 28.1800754))","[6372936690, 6372936691, 6372936692, 6372936693, 6372936690]",dormitory,,,,,,,,,,,,,,,,,
way,680607556,"POLYGON ((112.940168 28.1797621, 112.9401644 28.1796676, 112.9404568 28.179659, 112.9404604 28.1797535, 112.940168 28.1797621))","[6372936694, 6372936695, 6372936696, 6372936697, 6372936694]",dormitory,,,,,,,,,,,,,,,,,
way,680607557,"POLYGON ((112.9397791 28.1797665, 112.9397787 28.1796715, 112.9400082 28.1796815, 112.9400025 28.1797773, 112.9397791 28.1797665))","[6372936698, 6372936699, 6372936700, 6372936701, 6372936698]",dormitory,,,,,,,,,,,,,,,,,
way,680607558,"POLYGON ((112.939809 28.1795395, 112.9398099 28.1794142, 112.9400163 28.1794111, 112.9400145 28.1795411, 112.939809 28.1795395))","[6372936702, 6372936703, 6372936704, 6372936705, 6372936702]",dormitory,,,,,,,,,,,,,,,,,
way,680607559,"POLYGON ((112.9401666 28.1795199, 112.9401658 28.1794111, 112.9404528 28.1794095, 112.9404536 28.1795182, 112.9401666 28.1795199))","[6372936706, 6372936707, 6372936708, 6372936709, 6372936706]",dormitory,,,,,,,,,,,,,,,,,
way,680607560,"POLYGON ((112.9398092 28.1793016, 112.9398042 28.1792237, 112.9400151 28.1792119, 112.9400181 28.1792889, 112.9398092 28.1793016))","[6372936710, 6372936711, 6372936712, 6372936713, 6372936710]",dormitory,,,,,,,,,,,,,,,,,
way,680607561,"POLYGON ((112.9401582 28.1792968, 112.9401582 28.1792069, 112.9404425 28.1792069, 112.9404425 28.1792968, 112.9401582 28.1792968))","[6372936714, 6372936715, 6372936716, 6372936717, 6372936714]",dormitory,,,,,,,,,,,,,,,,,
way,680607562,"POLYGON ((112.9398346 28.1790677, 112.9398326 28.1789732, 112.9404576 28.1789631, 112.9404595 28.1790577, 112.9398346 28.1790677))","[6372936718, 6372936719, 6372936720, 6372936721, 6372936718]",dormitory,,,,,,,,,,,,,,,,,
way,680607563,"POLYGON ((112.9395194 28.1799961, 112.9395408 28.1799368, 112.9397032 28.179976, 112.9396897 28.1800346, 112.9395194 28.1799961))","[6372936722, 6372936723, 6372936724, 6372936725, 6372936722]",retail,,,,,,,,,,,,,,,,,
way,680607564,"POLYGON ((112.939553 28.179886, 112.9395689 28.1798352, 112.9397259 28.1798827, 112.939711 28.1799311, 112.939553 28.179886))","[6372936726, 6372936727, 6372936728, 6372936729, 6372936726]",retail,,,,,,,,,,,,,,,,,
way,680607565,"POLYGON ((112.9395839 28.1797925, 112.9395957 28.1797375, 112.9397487 28.179769, 112.9397334 28.1798247, 112.9395839 28.1797925))","[6372936730, 6372936731, 6372936732, 6372936733, 6372936730]",retail,,,,,,,,,,,,,,,,,
way,680607566,"POLYGON ((112.9396406 28.179688, 112.9396673 28.17961, 112.9397477 28.1796314, 112.939721 28.1797094, 112.9396406 28.179688))","[6372936734, 6372936735, 6372936736, 6372936737, 6372936734]",retail,,,,,,,,,,,,,,,,,
way,680607567,"POLYGON ((112.9396691 28.1795437, 112.9396912 28.1794831, 112.9397808 28.1795085, 112.9397587 28.1795691, 112.9396691 28.1795437))","[6372936738, 6372936739, 6372936740, 6372936741, 6372936738]",retail,,,,,,,,,,,,,,,,,
way,826336731,"POLYGON ((112.9448021 28.1848731, 112.9447123 28.1848734, 112.9443458 28.1848351, 112.9439705 28.1848451, 112.9439705 28.184617, 112.9447963 28.1845662, 112.9447982 28.1846843, 112.9448021 28.1848731))","[7715240946, 7715240947, 9066188893, 7715240948, 3444500166, 3444500167, 7715240949, 7715240946]",yes,,湖南大学机器人学院,,,,,,,,3,,,,,,,
way,826336732,"POLYGON ((112.9446528 28.1850758, 112.944778 28.1850758, 112.9447742 28.1855573, 112.9446717 28.1855606, 112.9446452 28.1854302, 112.9446528 28.1850758))","[7715240950, 7715240951, 7715240952, 7715240953, 7715240954, 7715240950]",yes,,B2栋,,,,,,,,2,,,,,,,
way,826336733,"POLYGON ((112.945037 28.1853412, 112.9450289 28.1852194, 112.9454314 28.1852176, 112.9454354 28.1853412, 112.945037 28.1853412))","[7715240955, 7715240956, 7715240957, 7715240958, 7715240955]",residential,,凤凰山庄1栋,,,,,,,,7,,,,,,,
way,826336734,"POLYGON ((112.9454235 28.1855743, 112.9454335 28.1854508, 112.9450706 28.1854596, 112.9450706 28.1855809, 112.9454235 28.1855743))","[7715240959, 7715240960, 7715240961, 7715240962, 7715240959]",residential,,凤凰山庄2栋,,,,,,,,7,,,,,,,
way,826336735,"POLYGON ((112.9447124 28.1834945, 112.9448344 28.1834997, 112.9448324 28.1834246, 112.9449675 28.1834149, 112.9449679 28.1831768, 112.9447164 28.1831749, 112.9447124 28.1834945))","[7715240963, 7715240964, 7715240965, 7715240966, 7715240967, 7715240968, 7715240963]",yes,,D1栋,,,,,,,,2,,,,,,,
way,826336736,"POLYGON ((112.9450986 28.1833642, 112.9452392 28.1833768, 112.9452947 28.183032, 112.945141 28.183018, 112.9450986 28.1833642))","[7715240969, 7715240970, 7715240971, 7715240972, 7715240969]",yes,,D4栋,,,,,,,,2,,,,,,,
way,826336740,"POLYGON ((112.9447428 28.1859307, 112.944918 28.1859881, 112.9449706 28.1859131, 112.9450732 28.1859153, 112.9450957 28.1858469, 112.9450456 28.1858249, 112.9451182 28.1856219, 112.9449681 28.18558, 112.9448855 28.1855624, 112.9447428 28.1859307))","[7715264697, 7715264698, 7715264699, 7715264700, 7715264701, 7715264702, 7715264703, 7715264704, 7715264705, 7715264697]",yes,,机器人研究院,,,,,,,,3,,,,,,,
way,826336741,"POLYGON ((112.9441623 28.1872306, 112.9441953 28.1872248, 112.9442531 28.187024, 112.9442184 28.1869948, 112.9441785 28.1869582, 112.9440896 28.1870822, 112.9441623 28.1872306))","[7715264706, 7715264707, 7715264708, 7715264709, 7715264710, 7715264711, 7715264706]",yes,,星巴克,,,,,,,,1,,,,,,,
way,826336742,"POLYGON ((112.9448469 28.1847132, 112.9450685 28.1846792, 112.9450868 28.1844427, 112.9448754 28.1844929, 112.9448428 28.1845394, 112.9448469 28.1847132))","[7715264712, 7715264713, 7715264714, 7715264715, 7715264716, 7715264712]",yes,,方叔章公馆,,,,,,,,2,,,,,,,
way,826346233,"POLYGON ((112.9451413 28.1842055, 112.9451758 28.1839744, 112.9450457 28.18372, 112.9449924 28.1835806, 112.9449924 28.183491, 112.9448938 28.183491, 112.9449129 28.1836306, 112.9450068 28.1837867, 112.9450618 28.18388, 112.9450272 28.1841965, 112.9451413 28.1842055))","[7715323321, 7715323322, 7715323323, 7715323324, 7715323325, 7715323326, 7715323327, 7715323328, 7715323329, 7715323330, 7715323321]",yes,,D2栋,,,,,,,,,,,,,,,
way,826346234,"POLYGON ((112.9452094 28.1846495, 112.9453548 28.1846545, 112.945391 28.1839901, 112.9453189 28.1838156, 112.9452019 28.1838565, 112.9452649 28.1840102, 112.9452247 28.1841686, 112.9452094 28.1846495))","[7715323331, 7715323332, 7715323333, 7715323334, 7715323335, 7715323336, 7715323337, 7715323331]",yes,,D3栋,,,,,,,,,,,,,,,
way,826353700,"POLYGON ((112.944228 28.1868476, 112.9442811 28.1868677, 112.9444328 28.1866972, 112.9445428 28.1864297, 112.9446452 28.1861656, 112.9444746 28.1861121, 112.9443645 28.1863796, 112.9442811 28.1866169, 112.944228 28.1868476))","[7715414062, 7715414063, 7715414064, 7715414065, 7715414066, 7715414067, 7715414068, 7715414069, 7715414062]",yes,,汉堡王,,,,,,,,,,,,,,,
way,826353701,"POLYGON ((112.9444443 28.1860529, 112.9445768 28.1860909, 112.9447555 28.1856075, 112.944623 28.1855858, 112.9444443 28.1860529))","[7715414070, 7715414071, 7715414072, 7715414073, 7715414070]",yes,,B3栋,,,,,,,,,,,,,,,
way,1150591611,"POLYGON ((112.9418305 28.1809427, 112.9423282 28.1809453, 112.9423327 28.1807233, 112.941832 28.1807166, 112.9418305 28.1809427))","[10703182724, 10703182725, 10703182726, 10703182727, 10703182724]",university,,工训中心A栋,,,,,,,,,,,,,,,
way,1150591612,"POLYGON ((112.9418442 28.1801562, 112.9423494 28.1801576, 112.9423494 28.1805682, 112.9418396 28.1805682, 112.9418442 28.1801562))","[10703182728, 10703182729, 10703182730, 10703182731, 10703182728]",university,,工训中心B栋,,,,,,,,,,,,,,,
way,1150591613,"POLYGON ((112.9418442 28.1801308, 112.9423525 28.1801389, 112.942357 28.1799409, 112.9418487 28.1799382, 112.9418442 28.1801308))","[10703182732, 10703182733, 10703182734, 10703182735, 10703182732]",university,,工训中心C栋,,,,,,,,,,,,,,,
way,1150591614,"POLYGON ((112.9425412 28.180947, 112.9430374 28.1809454, 112.9430338 28.1803314, 112.942543 28.1803171, 112.9425412 28.180947))","[10703182738, 10703182739, 10703182740, 10703182741, 10703182738]",university,,工训中心D栋,,,,,,,,,,,,,,,
way,1150591615,"POLYGON ((112.9424937 28.1799206, 112.9426469 28.179922, 112.9426591 28.1797922, 112.9424967 28.1797842, 112.9424937 28.1799206))","[10703182742, 10703182743, 10703182744, 10703182745, 10703182742]",university,,工训中心F栋,,,,,,,,,,,,,,,
way,1150591616,"POLYGON ((112.9425441 28.1802043, 112.9428337 28.1802032, 112.9428299 28.1799816, 112.942553 28.179976, 112.9425441 28.1802043))","[10703182746, 10703182747, 10703182748, 10703182749, 10703182746]",university,,工训中心E栋,,,,,,,,,,,,,,,
way,1150591617,"POLYGON ((112.9431486 28.1809494, 112.9432549 28.1809508, 112.9432473 28.1805669, 112.9431881 28.1805642, 112.9431775 28.180373, 112.9430819 28.1803676, 112.9430728 28.1806084, 112.9431471 28.1806097, 112.9431486 28.1809494))","[10703182750, 10703182751, 10703182752, 10703182753, 10703182754, 10703182755, 10703182756, 10703182757, 10703182750]",university,,,,,,,,,,,,,,,,,
way,1150591618,"POLYGON ((112.9425194 28.1809984, 112.9425239 28.1810803, 112.9432213 28.1810707, 112.943224 28.1810198, 112.9428172 28.1810326, 112.9428199 28.180996, 112.9425194 28.1809984))","[10703182758, 10703182759, 10703182760, 10703182761, 10703182762, 10703182763, 10703182758]",university,,,,,,,,,,,,,,,,,
way,1150591619,"POLYGON ((112.9420966 28.1810133, 112.9418231 28.1810133, 112.9418209 28.1810843, 112.9420999 28.1810843, 112.9420966 28.1810133))","[10703182764, 10703182765, 10703182766, 10703182767, 10703182764]",university,,,,,,,,,,,,,,,,,
way,1150592749,"POLYGON ((112.9435228 28.1809207, 112.9435904 28.1809218, 112.9435942 28.1808768, 112.9436453 28.180878, 112.9436427 28.1809241, 112.943709 28.1809241, 112.9437116 28.180833, 112.9436542 28.1808318, 112.9436567 28.1808071, 112.9435764 28.1808049, 112.9435751 28.1808498, 112.9435266 28.1808487, 112.9435228 28.1809207))","[10703195539, 10703195540, 10703195541, 10703195542, 10703195543, 10703195544, 10703195545, 10703195546, 10703195547, 10703195548, 10703195549, 10703195550, 10703195539]",yes,,,,,,,,,,,,,,,,,
way,1150592750,"POLYGON ((112.9436739 28.1807342, 112.9437576 28.1807333, 112.9437608 28.1806964, 112.9437973 28.1806955, 112.9437973 28.1807333, 112.9438756 28.1807314, 112.9438778 28.180652, 112.9438274 28.1806529, 112.9438295 28.1806151, 112.9437351 28.1806141, 112.9437319 28.1806444, 112.9436814 28.1806425, 112.9436739 28.1807342))","[10703195551, 10703195552, 10703195553, 10703195554, 10703195555, 10703195556, 10703195557, 10703195558, 10703195559, 10703195560, 10703195561, 10703195562, 10703195551]",yes,,,,,,,,,,,,,,,,,
way,1150592751,"POLYGON ((112.9433993 28.1806595, 112.9435345 28.1806633, 112.9435366 28.1806141, 112.9436675 28.1806132, 112.9436718 28.1805186, 112.9435366 28.1805177, 112.9435355 28.1805763, 112.9434014 28.1805763, 112.9433993 28.1806595))","[10703195563, 10703195564, 10703195565, 10703195566, 10703195567, 10703195568, 10703195569, 10703195570, 10703195563]",yes,,,,,,,,,,,,,,,,,
way,1150592752,"POLYGON ((112.9432861 28.1804065, 112.9436306 28.1804032, 112.9436318 28.1803256, 112.9434698 28.1803211, 112.9434723 28.1802648, 112.9432886 28.1802682, 112.9432861 28.1804065))","[10703195571, 10703195572, 10703195573, 10703195574, 10703195575, 10703195576, 10703195571]",yes,,,,,,,,,,,,,,,,,
way,1150592753,"POLYGON ((112.9431018 28.1799895, 112.9430428 28.1799214, 112.9431468 28.179859, 112.9432069 28.1799413, 112.9431018 28.1799895))","[10703195577, 10703195578, 10703195579, 10703195580, 10703195577]",yes,,,,,,,,,,,,,,,,,
way,1150592754,"POLYGON ((112.9429929 28.1798354, 112.9429339 28.1797673, 112.9430379 28.1797048, 112.943098 28.1797871, 112.9429929 28.1798354))","[10703195581, 10703195582, 10703195583, 10703195584, 10703195581]",yes,,,,,,,,,,,,,,,,,
way,1150592755,"POLYGON ((112.9428791 28.1796803, 112.9428201 28.1796122, 112.9429242 28.1795498, 112.9429843 28.179632, 112.9428791 28.1796803))","[10703195585, 10703195586, 10703195587, 10703195588, 10703195585]",yes,,,,,,,,,,,,,,,,,
way,1150592756,"POLYGON ((112.94276 28.1795346, 112.942701 28.1794665, 112.9428051 28.1794041, 112.9428652 28.1794864, 112.94276 28.1795346))","[10703195589, 10703195590, 10703195591, 10703195592, 10703195589]",yes,,,,,,,,,,,,,,,,,
way,1150592757,"POLYGON ((112.9426431 28.1793956, 112.9425841 28.1793275, 112.9426882 28.1792651, 112.9427482 28.1793474, 112.9426431 28.1793956))","[10703195593, 10703195594, 10703195595, 10703195596, 10703195593]",yes,,,,,,,,,,,,,,,,,
way,1150592758,"POLYGON ((112.9425187 28.1792254, 112.9424596 28.1791573, 112.9425637 28.1790949, 112.9426238 28.1791771, 112.9425187 28.1792254))","[10703195597, 10703195598, 10703195599, 10703195600, 10703195597]",yes,,,,,,,,,,,,,,,,,
way,1150592759,"POLYGON ((112.943982 28.1807214, 112.9440657 28.1807205, 112.9440689 28.1806836, 112.9441054 28.1806826, 112.9441054 28.1807205, 112.9441837 28.1807186, 112.9441859 28.1806391, 112.9441354 28.1806401, 112.9441376 28.1806023, 112.9440432 28.1806013, 112.94404 28.1806316, 112.9439895 28.1806297, 112.943982 28.1807214))","[10703195601, 10703195602, 10703195603, 10703195604, 10703207305, 10703207306, 10703207307, 10703207308, 10703207309, 10703207310, 10703207311, 10703207312, 10703195601]",yes,,,,,,,,,,,,,,,,,
way,1150592760,"POLYGON ((112.94365 28.1811222, 112.9437337 28.1811213, 112.9437369 28.1810844, 112.9437734 28.1810834, 112.9437734 28.1811213, 112.9438517 28.1811194, 112.9438539 28.1810399, 112.9438034 28.1810409, 112.9438056 28.1810031, 112.9437112 28.1810021, 112.943708 28.1810324, 112.9436575 28.1810305, 112.94365 28.1811222))","[10703207313, 10703207314, 10703207315, 10703207316, 10703207317, 10703207318, 10703207319, 10703207320, 10703207321, 10703207322, 10703207323, 10703207324, 10703207313]",yes,,,,,,,,,,,,,,,,,
way,1150592761,"POLYGON ((112.9440506 28.1805051, 112.9441343 28.1805042, 112.9441375 28.1804673, 112.944174 28.1804663, 112.944174 28.1805042, 112.9442523 28.1805023, 112.9442544 28.1804228, 112.944204 28.1804238, 112.9442062 28.180386, 112.9441117 28.180385, 112.9441085 28.1804153, 112.9440581 28.1804134, 112.9440506 28.1805051))","[10703207325, 10703207326, 10703207327, 10703207328, 10703207329, 10703207330, 10703207331, 10703207332, 10703207333, 10703207334, 10703207335, 10703207336, 10703207325]",yes,,,,,,,,,,,,,,,,,
way,1150592762,"POLYGON ((112.943733 28.1805147, 112.9438167 28.1805137, 112.9438199 28.1804768, 112.9438564 28.1804759, 112.9438564 28.1805137, 112.9439347 28.1805118, 112.9439369 28.1804324, 112.9438864 28.1804333, 112.9438886 28.1803955, 112.9437942 28.1803946, 112.943791 28.1804248, 112.9437405 28.1804229, 112.943733 28.1805147))","[10703207337, 10703207338, 10703207339, 10703207340, 10703207341, 10703207342, 10703207343, 10703207344, 10703207345, 10703207346, 10703207347, 10703207348, 10703207337]",yes,,,,,,,,,,,,,,,,,
way,1150592763,"POLYGON ((112.9438819 28.1809381, 112.9440749 28.1809317, 112.9440803 28.1808506, 112.9438855 28.1808459, 112.9438819 28.1809381))","[10703207349, 10703207350, 10703207351, 10703207352, 10703207349]",yes,,,,,,,,,,,,,,,,,
way,1150594005,"POLYGON ((112.943529 28.1816677, 112.9439367 28.1816677, 112.9439409 28.1815126, 112.9435247 28.1815012, 112.943529 28.1816677))","[10703201753, 10703201754, 10703201755, 10703201756, 10703201753]",yes,,,,,,,,,,,,,,,,,
way,1214563585,"POLYGON ((112.9365797 28.1817689, 112.9366118 28.1817286, 112.9366788 28.1817701, 112.9366467 28.1818104, 112.9365797 28.1817689))","[11253053349, 11253053350, 11253053351, 11253053352, 11253053349]",yes,,,,,,,,,police,,,,,,,,
way,1229018646,"POLYGON ((112.9393478 28.1738694, 112.9396114 28.1735511, 112.9396485 28.1735726, 112.939684 28.1735933, 112.9397548 28.1735012, 112.9402467 28.1738272, 112.9401671 28.1739099, 112.9402308 28.1739489, 112.9401459 28.1740332, 112.9400185 28.1739411, 112.9399247 28.1740472, 112.9399512 28.1740659, 112.9399017 28.1741283, 112.939838 28.1740877, 112.9397813 28.1741533, 112.9393478 28.1738694))","[11397564386, 11397564387, 11397826320, 11397564388, 11397564389, 11397564390, 11397564391, 11397564392, 11397564393, 11397564394, 11397564395, 11397564396, 11397564397, 11397564398, 11397564399, 11397564386]",university,,物电院A栋,,,,,,,,,,,,,,,
way,1229018655,"POLYGON ((112.9412673 28.178129, 112.9412556 28.1773468, 112.9415288 28.1773386, 112.9415405 28.1776165, 112.9416128 28.1776206, 112.9416175 28.1777873, 112.9416852 28.1777893, 112.9416899 28.178131, 112.9412673 28.178129))","[11397564429, 11397564430, 11397564431, 11397564432, 11397564433, 11397564434, 11397564435, 11397564436, 11397564429]",university,,湖南大学智能制造前沿交叉技术科研楼,,,,,,,,,,,,,,,
way,1229018657,"POLYGON ((112.941234 28.1784434, 112.941234 28.1783275, 112.9416672 28.1783299, 112.9416672 28.1784493, 112.941234 28.1784434))","[11397564444, 11397564445, 11397564446, 11397564447, 11397564444]",university,,湖南大学智能制造前沿交叉技术科研楼,,,,,,,,,,,,,,,
way,1229018660,"POLYGON ((112.9404842 28.1738404, 112.9406935 28.1739838, 112.9413013 28.1731935, 112.941096 28.1730538, 112.9404842 28.1738404))","[11397564462, 11397564463, 11397564464, 11397564465, 11397564462]",university,,数学学院,,,,,,,,,,,,,,,
relation,2892180,"POLYGON ((112.9387245 28.1805143, 112.9387397 28.1802455, 112.9382405 28.1802236, 112.9382254 28.1804924, 112.9387245 28.1805143), (112.938431 28.1803909, 112.9383106 28.1803853, 112.9383143 28.1803232, 112.9384347 28.1803289, 112.938431 28.1803909), (112.9384982 28.1803275, 112.9386214 28.1803315, 112.9386186 28.1803975, 112.9384954 28.1803935, 112.9384982 28.1803275))","[[[6050997008, 6050997006, 6050997007, 6050997009, 6050997008], [6050997023, 6050997021, 6050997022, 6050997024, 6050997023], [2001008463, 6050997019, 6050997020, 6050997025, 2001008463]]]",university,,,,,,,,,,,,,,,,"[599503831, 307858315, 80717761]",multipolygon
relation,4196633,"POLYGON ((112.9420138 28.1817295, 112.9420214 28.1812302, 112.9415727 28.1812249, 112.9415713 28.181316, 112.941506 28.1813152, 112.9414997 28.1817234, 112.9420138 28.1817295), (112.9416791 28.1813991, 112.9419005 28.1814075, 112.941897 28.1814793, 112.9418584 28.1814779, 112.9418569 28.1815096, 112.9418313 28.1815087, 112.94183 28.1815339, 112.9417842 28.1815322, 112.9417831 28.1815538, 112.9417457 28.1815523, 112.9417437 28.1815933, 112.9416697 28.1815905, 112.9416791 28.1813991))","[[[3188074353, 3188074354, 3188074355, 3188074356, 3188074357, 3188074358, 3188074353], [3188074359, 3188074360, 3188074361, 3188074362, 3188074363, 3188074364, 3188074365, 3188074366, 3188074367, 3188074368, 3188074369, 3188074370, 3188074359]]]",university,,机械与汽车运载学院,,,,,,,,,,,,,,"[312886966, 312886967]",multipolygon
relation,4767675,"POLYGON ((112.9414278 28.1797255, 112.9414287 28.1797762, 112.9416868 28.1797725, 112.941676 28.1791808, 112.9405992 28.1791962, 112.9406091 28.1797371, 112.9414278 28.1797255), (112.9408777 28.179359, 112.941359 28.1793514, 112.9413613 28.1794671, 112.9413634 28.1795687, 112.9408821 28.1795763, 112.9408777 28.179359))","[[[3442440826, 3442440827, 3442440828, 3442440829, 3442440830, 3442440831, 3442440826], [3442440832, 3442440833, 3442440834, 11397826326, 3442440835, 3442440832]]]",university,,,,,,,,,,,,,,,,"[337142395, 337142397]",multipolygon
relation,4767677,"POLYGON ((112.9414278 28.1797255, 112.9414287 28.1797762, 112.9416868 28.1797725, 112.941676 28.1791808, 112.9405992 28.1791962, 112.9406091 28.1797371, 112.9414278 28.1797255), (112.9408777 28.179359, 112.941359 28.1793514, 112.9413613 28.1794671, 112.9413634 28.1795687, 112.9408821 28.1795763, 112.9408777 28.179359))","[[[3442440826, 3442440827, 3442440828, 3442440829, 3442440830, 3442440831, 3442440826], [3442440832, 3442440833, 3442440834, 11397826326, 3442440835, 3442440832]]]",university,,工程实验中心,,,,,,,,,,,,,,"[337142395, 337142397]",multipolygon
relation,4767679,"POLYGON ((112.9406198 28.1787433, 112.9406199 28.1786887, 112.9407589 28.178689, 112.9407587 28.1787399, 112.9409322 28.1787402, 112.9409328 28.1784475, 112.9409329 28.1784013, 112.9408778 28.1784012, 112.940878 28.1782972, 112.9409312 28.1782973, 112.9409315 28.1781611, 112.9401983 28.1781634, 112.9401975 28.1785024, 112.9402548 28.1785025, 112.9402546 28.1786161, 112.9401927 28.178616, 112.9401924 28.1787426, 112.9406198 28.1787433), (112.9403954 28.1783624, 112.940719 28.178364, 112.9407175 28.1785977, 112.9403939 28.1785961, 112.9403954 28.1783624))","[[[3442440860, 3442440861, 3442440862, 3442440863, 3442440864, 3442440865, 11397826325, 3442440866, 3442440867, 3442440868, 3442440869, 3442440870, 3442440871, 3442440872, 3442440873, 3442440874, 3442440875, 3442440860], [3442440856, 3442440857, 3442440858, 3442440859, 3442440856]]]",university,,信息科学与工程学院,,,,,,,,,,,,,,"[337142404, 337142403]",multipolygon
relation,4767681,"POLYGON ((112.9384297 28.1819907, 112.9384352 28.1814824, 112.9378479 28.1814775, 112.9378466 28.1815909, 112.9378081 28.1815906, 112.9378046 28.181914, 112.9378327 28.1819142, 112.9378319 28.1819858, 112.9384297 28.1819907), (112.9380167 28.1816221, 112.9382423 28.1816259, 112.9382379 28.1818298, 112.9380123 28.181826, 112.9380167 28.1816221))","[[[3442441897, 3442441898, 3442441899, 3442441900, 3442441901, 3442441902, 3442441903, 3442441904, 3442441897], [3442441905, 3442441906, 3442441907, 3442441908, 3442441905]]]",university,,环境馆,,,,,,,,,,,,,,"[337142411, 337142412]",multipolygon
relation,4767683,"POLYGON ((112.9391574 28.1853831, 112.9391694 28.1852584, 112.9392104 28.1852614, 112.9392241 28.1851186, 112.9391733 28.1851148, 112.9391858 28.1849858, 112.9388103 28.1849577, 112.9387959 28.1851066, 112.9388379 28.1851097, 112.9388266 28.1852266, 112.9387774 28.1852229, 112.9387648 28.1853536, 112.9391574 28.1853831), (112.9389043 28.185107, 112.9390856 28.1851172, 112.9390757 28.1852551, 112.9388944 28.185245, 112.9389043 28.185107))","[[[3442441953, 3442441954, 3442441955, 3442441956, 3442441957, 3442441958, 3442441959, 3442441960, 3442441961, 3442441962, 3442441963, 3442441964, 3442441953], [3442441965, 3442441966, 3442441967, 3442441968, 3442441965]]]",dormitory,,十八舍,,,,,,,,,,,,,,"[337142425, 337142427]",multipolygon
relation,4767685,"POLYGON ((112.9421061 28.183625, 112.9420965 28.1831422, 112.9414599 28.1831521, 112.9414696 28.1836349, 112.9421061 28.183625), (112.9416499 28.1832804, 112.9420425 28.1832768, 112.942045 28.183486, 112.9416523 28.1834896, 112.9416499 28.1832804))","[[[3442441991, 3442441992, 3442441993, 3442441994, 3442441991], [3442441995, 3442441996, 3442441997, 3442441998, 3442441995]]]",university,,六舍,,,,,,,,,,,,,,"[337142432, 337142434]",multipolygon
relation,4767687,"POLYGON ((112.9423896 28.1816308, 112.9424669 28.1816191, 112.9426596 28.1817265, 112.9427503 28.1816001, 112.9425575 28.1814925, 112.9427478 28.1813974, 112.9426608 28.1812621, 112.9424647 28.1813601, 112.942394 28.1813543, 112.9422293 28.1812699, 112.9421512 28.1813882, 112.9423167 28.1814731, 112.9421255 28.1815593, 112.9422132 28.1817104, 112.9423896 28.1816308), (112.9423721 28.1814264, 112.9424889 28.1814264, 112.9424889 28.1815431, 112.9423721 28.1815431, 112.9423721 28.1814264))","[[[3442442007, 3442442008, 3442442009, 3442442010, 3442442011, 3442442012, 3442442013, 3442442014, 3442442015, 3442442016, 3442442017, 3442442018, 3442442019, 3442442020, 3442442007], [3442442003, 3442442004, 3442442005, 3442442006, 3442442003]]]",dormitory,,十七舍,,,,,,,,,,,,,,"[337142441, 337142440]",multipolygon
relation,4768043,"POLYGON ((112.9447015 28.1824736, 112.94476 28.1823785, 112.9443872 28.1819739, 112.9443052 28.181975, 112.9443099 28.1822533, 112.9441795 28.182255, 112.9441818 28.1823938, 112.9443566 28.1823915, 112.944358 28.1824781, 112.9447015 28.1824736), (112.9443842 28.1820907, 112.9446553 28.1823894, 112.9443842 28.1823894, 112.9443842 28.1820907))","[[[3442623671, 3442623672, 3442623673, 3442623674, 3442623675, 3442623676, 3442623677, 3442623678, 3442623679, 3442623671], [3442623668, 3442623669, 3442623670, 3442623668]]]",dormitory,,十四舍,,,,,,,,,,,,,,"[337163081, 337163080]",multipolygon
relation,4768044,"POLYGON ((112.9416413 28.1824831, 112.9416409 28.1824357, 112.9416637 28.1824356, 112.9416643 28.182518, 112.9417113 28.1825177, 112.9417108 28.1824542, 112.9417415 28.182454, 112.9417422 28.1825463, 112.9417796 28.1825461, 112.941779 28.1824765, 112.941852 28.182476, 112.9418523 28.1825137, 112.9419412 28.1825131, 112.9419409 28.1824757, 112.9419785 28.1824754, 112.9419788 28.1825122, 112.9420645 28.1825116, 112.9420642 28.1824754, 112.9421002 28.1824752, 112.9421005 28.1825129, 112.9421833 28.1825124, 112.942183 28.182475, 112.9422233 28.1824747, 112.9422236 28.1825105, 112.9422977 28.1825101, 112.9422976 28.1824899, 112.9423358 28.1824896, 112.9423351 28.182395, 112.9423544 28.1823949, 112.9423528 28.1821755, 112.9414312 28.1821808, 112.9414316 28.1822277, 112.941587 28.1822268, 112.941589 28.1824834, 112.9416413 28.1824831), (112.9420885 28.1822776, 112.9421997 28.1822773, 112.9422 28.1823529, 112.9420887 28.1823532, 112.9420885 28.1822776))","[[[3442623680, 3442623681, 3442623682, 3442623683, 3442623684, 3442623685, 3442623686, 3442623687, 3442623688, 3442623689, 3442623690, 3442623691, 3442623692, 3442632893, 3442632894, 3442632895, 3442632896, 3442632897, 3442632898, 3442632899, 3442632900, 3442632901, 3442632902, 3442632903, 3442632904, 3442632905, 3442632906, 3442632907, 3442632908, 3442632909, 3442632910, 3442632911, 3442632912, 3442632913, 3442623680], [3442632917, 3442632914, 3442632915, 3442632916, 3442632917]]]",university,,法学院,,,,,,,,,,,,,,"[337163082, 337163083]",multipolygon
relation,4768310,"POLYGON ((112.9410848 28.1820068, 112.9410966 28.1817618, 112.9406062 28.1817436, 112.9405865 28.1821524, 112.9410769 28.1821707, 112.9410848 28.1820068), (112.940995 28.1819661, 112.9409922 28.1820574, 112.9406486 28.1820493, 112.9406513 28.1819581, 112.940995 28.1819661), (112.9407091 28.1818175, 112.9410065 28.1818318, 112.9410038 28.181875, 112.9407064 28.1818606, 112.9407091 28.1818175))","[[[3442813633, 3442813634, 11397826328, 3442813635, 3442813636, 3442813633], [3442813629, 3442813630, 3442813631, 3442813632, 3442813629], [3442813625, 3442813626, 3442813627, 3442813628, 3442813625]]]",university,,四合院子,,,,,,,,1,,,,,,"[337183033, 337183032, 337183031]",multipolygon
relation,4768311,"POLYGON ((112.9372079 28.1814101, 112.9372079 28.1813817, 112.9375393 28.1813819, 112.9375393 28.1813689, 112.937703 28.1813689, 112.937703 28.1812093, 112.9374884 28.1812092, 112.9374884 28.1812767, 112.9374495 28.1812767, 112.9374495 28.1813039, 112.9372537 28.1813039, 112.9374428 28.1810887, 112.9374431 28.1810416, 112.937711 28.1810428, 112.9377117 28.1809155, 112.937665 28.1809153, 112.9376653 28.1808666, 112.937477 28.1808659, 112.9374769 28.1808859, 112.9373625 28.1808855, 112.9373618 28.1810587, 112.9368934 28.1810572, 112.936893 28.1811597, 112.936909 28.1811597, 112.9369086 28.1813005, 112.9369385 28.1813006, 112.9369384 28.1813416, 112.9368909 28.1813415, 112.9368908 28.1814098, 112.9372079 28.1814101), (112.9370151 28.1811633, 112.9371763 28.181164, 112.9371755 28.1813027, 112.9370142 28.1813019, 112.9370151 28.1811633))","[[[3442813641, 3442813642, 3442813643, 3442813644, 3442813645, 3442813646, 3442813647, 3442813648, 3442813649, 3442813650, 3442813651, 3442813652, 3442813653, 3442813654, 3442813655, 3442813656, 3442813657, 3442813658, 3442813659, 3442813660, 3442813661, 3442813662, 3442813663, 3442813664, 3442813665, 3442813666, 3442813667, 3442813668, 3442813669, 3442813641], [3442813637, 3442813638, 3442813639, 3442813640, 3442813637]]]",university,,,,,,,,,,,,,,,,"[337183035, 337183034]",multipolygon
relation,4770434,"POLYGON ((112.9397723 28.1857201, 112.9393099 28.1856944, 112.9392892 28.185983, 112.9397516 28.1860087, 112.9397723 28.1857201), (112.9395082 28.1858109, 112.9395022 28.1858826, 112.939358 28.1858731, 112.9393641 28.1858015, 112.9395082 28.1858109), (112.9395643 28.1858139, 112.9397084 28.1858234, 112.9397024 28.185895, 112.9395582 28.1858855, 112.9395643 28.1858139))","[[[3444498154, 3444498155, 3444498156, 3444498157, 3444498154], [3444498162, 3444498163, 3444498164, 3444498165, 3444498162], [3444498158, 3444498159, 3444498160, 3444498161, 3444498158]]]",dormitory,,九舍,,,,,,,,,,,,,,"[337354542, 337354544, 337354543]",multipolygon
