element_type,osmid,nodes,building,leisure,geometry,name,name:en,name:zh,name:zh-Hans,layer,amenity,healthcare,fast_food,cuisine,opening_hours,building:levels,ways,type
way,250491447,"[2569279565, 2569279538, 2569279553, 2569279543, 2569279558, 2569279557, 2569279547, 2569279561, 2569279560, 2569279546, 2569279552, 2569279544, 2569279562, 2569279566, 2569279551, 2569279539, 2569279540, 2569279554, 2569279559, 2569279556, 2569279542, 2569279541, 2569279564, 2569279563, 2576540314, 2576540208, 2576540261, 2576540264, 2576540250, 2576540251, 2576540191, 2576540227, 2576540201, 2576540205, 2576540271, 2569279565]",yes,stadium,"POLYGON ((120.2699426 31.4874929, 120.2698829 31.4874412, 120.2697945 31.4873888, 120.2697179 31.4873594, 120.2696177 31.4873384, 120.2695063 31.4873353, 120.2694053 31.4873504, 120.2692847 31.4873938, 120.26919 31.4874541, 120.2691236 31.4875189, 120.2690682 31.4876033, 120.2690318 31.4877167, 120.2690301 31.4878225, 120.2690499 31.487905, 120.269102 31.4880043, 120.2691684 31.4880786, 120.2692353 31.4881294, 120.2693288 31.4881767, 120.2694171 31.4882034, 120.2695186 31.4882165, 120.2696365 31.4882101, 120.2697453 31.4881826, 120.2698511 31.4881315, 120.2699217 31.4880783, 120.2699539 31.488042, 120.2700081 31.4880314, 120.2700625 31.4879857, 120.270102 31.4879239, 120.2701296 31.4878599, 120.2701449 31.4877981, 120.2701476 31.487741, 120.2701342 31.4876769, 120.270102 31.4876197, 120.2700537 31.4875557, 120.2699982 31.4875077, 120.2699426 31.4874929))",,,,,,,,,,,,,
way,250491690,"[2569286895, 2569286925, 2569286906, 2569286936, 2569286895]",yes,,"POLYGON ((120.2606315 31.4888364, 120.2607267 31.488838, 120.2607315 31.4886321, 120.2606363 31.4886305, 120.2606315 31.4888364))",,,,,,,,,,,,,
way,250491695,"[2569286902, 2569286944, 2569286917, 2569286893, 2569286902]",yes,,"POLYGON ((120.2604637 31.4884236, 120.2606367 31.488425, 120.2606378 31.4883255, 120.2604648 31.4883242, 120.2604637 31.4884236))",,,,,,,,,,,,,
way,250492190,"[2569296576, 2569296585, 2569296581, 2569296580, 2576546567, 2569296576]",yes,,"POLYGON ((120.2718628 31.4885541, 120.2719645 31.4885541, 120.2719645 31.4883162, 120.2718628 31.4883162, 120.2718635 31.488338, 120.2718628 31.4885541))",,,,,,,,,,,,,
way,250495210,"[2569335351, 2569335515, 2569335379, 2569335666, 2569335405, 2569335416, 2569335535, 2569335573, 2569335641, 2569335392, 2569335386, 2569335510, 2569335540, 2569335530, 2569335591, 2569335661, 2569335600, 2569335409, 2569335358, 2569335484, 2569335514, 2569335499, 2569335639, 2569335555, 2569335682, 2569335671, 2569335459, 2569335627, 2569335664, 2569335461, 2569335668, 2569335612, 2569335397, 2569335451, 2569335477, 2569335550, 2569335549, 2569335632, 2569335475, 2569335465, 2569335469, 2569335421, 2569335478, 2569335556, 2569335485, 2569335660, 2569335476, 2569335615, 2569335351]",yes,stadium,"POLYGON ((120.2702039 31.4882991, 120.270262 31.4882311, 120.2703327 31.4881664, 120.2704149 31.4881168, 120.270498 31.4880825, 120.2706214 31.4880436, 120.2707136 31.4880292, 120.2707994 31.4880292, 120.2708977 31.488039, 120.2709969 31.488055, 120.2711015 31.4880916, 120.271191 31.4881367, 120.2712822 31.488203, 120.2713573 31.4882762, 120.2714217 31.4883585, 120.2714753 31.4884569, 120.271529 31.4886079, 120.2715611 31.4887314, 120.2715799 31.4888526, 120.271596 31.4890218, 120.2715906 31.4891911, 120.2715602 31.4893748, 120.2715145 31.4895291, 120.2714466 31.489653, 120.2713707 31.4897492, 120.2712527 31.4898521, 120.271131 31.4899191, 120.271014 31.4899596, 120.2709272 31.4899786, 120.2708387 31.4899877, 120.2707425 31.4899916, 120.2706304 31.4899756, 120.2705178 31.4899459, 120.2704105 31.4899024, 120.2702951 31.4898361, 120.2701932 31.4897537, 120.2701235 31.4896645, 120.2700645 31.4895708, 120.2699974 31.489445, 120.2699572 31.48931, 120.2699428 31.4892169, 120.2699348 31.4890957, 120.2699411 31.4889784, 120.2699467 31.4888811, 120.2699709 31.4887485, 120.2700044 31.4886482, 120.2700501 31.4885389, 120.2701215 31.4884157, 120.2702039 31.4882991))",体育中心,,,,,,,,,,,,
way,250497347,"[2569353767, 2569353773, 2569353776, 2569353778, 2569353767]",yes,,"POLYGON ((120.2718328 31.4910567, 120.2723599 31.4910533, 120.2723672 31.4908483, 120.2718303 31.4908493, 120.2718328 31.4910567))",快递中心,,,,,,,,,,,,
way,250705615,"[2570945055, 2570945047, 2570945048, 2570945046, 2570945052, 2570945041, 2570945051, 2570945053, 2570945040, 2570945044, 2570945045, 2570945043, 2570945050, 2570945049, 2570945054, 2570945042, 2570945056, 2570945055]",yes,,"POLYGON ((120.271072 31.4836118, 120.2720216 31.483605, 120.2720171 31.4833333, 120.2720573 31.4833333, 120.2720573 31.4830704, 120.2715879 31.483075, 120.2715826 31.4834614, 120.271468 31.4834622, 120.2714546 31.4834168, 120.2714251 31.4833665, 120.271376 31.4833242, 120.2713178 31.4833002, 120.2712508 31.4832933, 120.271249 31.4831899, 120.2710864 31.4831915, 120.271089 31.4834912, 120.2710705 31.4834921, 120.271072 31.4836118))",行政楼,University Office,行政楼,行政楼,,,,,,,,,
way,250706172,"[2570951308, 2570951333, 2570951307, 2570951294, 2570951308]",yes,,"POLYGON ((120.2723276 31.483777, 120.2723933 31.4837782, 120.2723914 31.4838562, 120.2723257 31.483855, 120.2723276 31.483777))",,,,,,,,,,,,,
way,250706176,"[2570951335, 2570951285, 2570951279, 2570951278, 2570951335]",yes,,"POLYGON ((120.2723218 31.4842886, 120.2723901 31.4842878, 120.2723913 31.4843648, 120.272323 31.4843656, 120.2723218 31.4842886))",,,,,,,,,,,,,
way,250889639,"[2572389059, 2572389028, 2572389180, 2572389057, 2572389059]",roof,,"POLYGON ((120.2694166 31.4836298, 120.2695966 31.4836321, 120.2695974 31.483583, 120.2694175 31.4835807, 120.2694166 31.4836298))",,,,,1,,,,,,,,
way,250889645,"[2572389061, 2572389130, 2572389097, 2572389019, 2572389061]",roof,,"POLYGON ((120.269847 31.4836332, 120.2700309 31.4836338, 120.2700312 31.4835835, 120.2698472 31.4835829, 120.269847 31.4836332))",,,,,1,,,,,,,,
way,251285353,"[2575305066, 2575305068, 2575305061, 2575305054, 2575305083, 2575305079, 2575305064, 2575305037, 2575305063, 2575305077, 2575305074, 2575305043, 2575305070, 2575305041, 2575305066]",yes,,"POLYGON ((120.2712469 31.4850225, 120.2712473 31.4849803, 120.2710253 31.4849809, 120.2710246 31.4845434, 120.2712445 31.4845425, 120.2712446 31.4845045, 120.2718239 31.4844977, 120.2718258 31.4846568, 120.2718518 31.484656, 120.2718526 31.484714, 120.2719063 31.4847849, 120.2719036 31.4849061, 120.2719165 31.4849073, 120.2719178 31.4850215, 120.2712469 31.4850225))",文浩馆,,,,,,,,,,,,
way,251436675,"[2576546562, 2576546590, 2576546595, 2576546566, 2576546562]",yes,,"POLYGON ((120.2712747 31.4877082, 120.2713915 31.487695, 120.2714171 31.4878587, 120.2713003 31.487872, 120.2712747 31.4877082))",,,,,,,,,,,,,
way,252224053,"[2583147353, 2583147339, 2583147368, 2583147381, 2583147344, 2583147365, 2583147348, 2583147370, 2583147353]",yes,,"POLYGON ((120.2710965 31.486616, 120.2715852 31.4866134, 120.2715865 31.4867956, 120.2710959 31.4867983, 120.2710956 31.4867564, 120.2710248 31.4867568, 120.2710243 31.4866866, 120.271097 31.4866863, 120.2710965 31.486616))",,,,,,hospital,hospital,,,,,,
way,252224055,"[2583147345, 2583147363, 2583147385, 2583147338, 2583147358, 2583147360, 2583147377, 2583147380, 2583147345]",yes,,"POLYGON ((120.2711065 31.4863243, 120.2715902 31.4863255, 120.2715896 31.4864895, 120.2711038 31.4864883, 120.271104 31.4864264, 120.2710348 31.4864263, 120.271035 31.4863592, 120.2711064 31.4863593, 120.2711065 31.4863243))",,,,,,hospital,hospital,,,,,,
way,252224056,"[2583147337, 2583147372, 2583147383, 2583147361, 2583147359, 2583147369, 2583147355, 2583147371, 2583147337]",service,,"POLYGON ((120.2722149 31.486392, 120.2719855 31.486392, 120.2719855 31.4866623, 120.2719296 31.4866623, 120.2719296 31.4867167, 120.2719897 31.4867167, 120.2719897 31.4867533, 120.2722149 31.4867533, 120.2722149 31.486392))",能源管理中心,,,,,,,,,,,,
way,252224352,"[2583152217, 2583152219, 2583152221, 2583152240, 2583152259, 2583152226, 2583152232, 2583152248, 2583152252, 2583152241, 2583152257, 2583152251, 2583152249, 2583152256, 2583152246, 2583152236, 2583152218, 2583152214, 2583152209, 2583152211, 2583152255, 2583152245, 2583152260, 2583152216, 2583152229, 2583152239, 2583152234, 2583152263, 2583152222, 2583152231, 2583152261, 2583152217]",yes,,"POLYGON ((120.269761 31.4782583, 120.2697586 31.4783034, 120.2698579 31.4783057, 120.2698552 31.4783766, 120.2701258 31.4783791, 120.2701234 31.4784635, 120.2703004 31.4784658, 120.2702977 31.4786168, 120.2703255 31.4786355, 120.2704855 31.4786351, 120.2704855 31.4786945, 120.2706491 31.4786945, 120.2706531 31.4785121, 120.2706129 31.4785121, 120.2706268 31.4780194, 120.2705249 31.4780171, 120.2705284 31.4779511, 120.2703085 31.4779488, 120.2703062 31.4780244, 120.2701392 31.4780227, 120.2701414 31.4779508, 120.2699222 31.4779511, 120.2699214 31.4780262, 120.2698659 31.4780266, 120.2698651 31.478056, 120.2697766 31.478056, 120.2697766 31.4780262, 120.2694929 31.4780227, 120.2694877 31.4782256, 120.2695414 31.4782256, 120.2695405 31.4782557, 120.269761 31.4782583))",第四食堂广溪苑,,,,,,,,,,,,
way,252224910,"[2583155385, 2583155365, 2583155356, 2583155360, 2583155354, 2583155379, 2583155386, 2583155373, 2583155359, 2583155355, 2583155381, 2583155383, 2583155367, 2583155366, 2583155380, 2583155372, 2583155376, 2583155363, 2583155378, 2583155361, 2583155370, 2583155377, 2583155353, 2583155375, 2583155352, 2583155358, 2583155385]",yes,,"POLYGON ((120.2696657 31.4792621, 120.2696233 31.4792113, 120.2696245 31.4791474, 120.269705 31.479152, 120.2697667 31.4792001, 120.2698329 31.4792363, 120.269908 31.4792615, 120.2699858 31.4792729, 120.2700636 31.4792775, 120.2701448 31.4792664, 120.2702226 31.4792435, 120.270287 31.4792092, 120.2703407 31.4791726, 120.2703836 31.4791429, 120.2704632 31.4791425, 120.2704623 31.4792096, 120.270405 31.4792618, 120.2703299 31.4793099, 120.2702629 31.4793419, 120.270177 31.4793693, 120.2700832 31.4793808, 120.2699972 31.4793832, 120.2699159 31.479374, 120.2698383 31.4793558, 120.2697716 31.4793282, 120.2697173 31.4792987, 120.2696657 31.4792621))",,,,,,,,,,,,,
way,256256105,"[2619275848, 2619275847, 2619275841, 2619275831, 2619275844, 2619275828, 2619275849, 2619275861, 2619275834, 2619275848]",yes,,"POLYGON ((120.2655488 31.4846883, 120.2655511 31.4846652, 120.265553 31.4846464, 120.2655227 31.4846169, 120.2654779 31.4846144, 120.2654429 31.4846419, 120.2654392 31.4846822, 120.2654688 31.4847133, 120.2655145 31.4847167, 120.2655488 31.4846883))",,,,,,,,,,,,,
way,265001524,"[2706620220, 2706620247, 2706620236, 2706620224, 2706620252, 2706620253, 2706620233, 2706620249, 2706620227, 2706620248, 2706620232, 2706620228, 2706620217, 2706620250, 2706620234, 2706620229, 2706620222, 2706620221, 2706620225, 2706620230, 2706620242, 2706620246, 2706620218, 2706620235, 2706620241, 2706620226, 2706620244, 2706620254, 2706620251, 2706620223, 2706620245, 2706620237, 2706620216, 2706620238, 2706620231, 2706620219, 2706620243, 2706620240, 2706620239, 2706620220]",yes,,"POLYGON ((120.2670121 31.4797033, 120.2674917 31.4797023, 120.2674922 31.4796644, 120.2677604 31.4796644, 120.2677601 31.4796372, 120.2677872 31.479637, 120.2677846 31.4795524, 120.2677416 31.4795089, 120.2676612 31.4794609, 120.2675673 31.4794243, 120.2674761 31.4794174, 120.2674332 31.4794174, 120.2674326 31.4793147, 120.2676478 31.4793122, 120.267739 31.4792367, 120.2677396 31.4791696, 120.267764 31.4791702, 120.2677551 31.4788707, 120.2677121 31.4788707, 120.2677119 31.4787909, 120.2675485 31.4787929, 120.267548 31.4787589, 120.2674907 31.4787589, 120.267489 31.4787925, 120.2674144 31.4787998, 120.2673339 31.4788295, 120.2672642 31.478873, 120.2672079 31.478921, 120.2671703 31.4789896, 120.2671516 31.4790651, 120.2671516 31.4790903, 120.2672173 31.4790921, 120.2672159 31.4793099, 120.2671516 31.4793099, 120.2671462 31.4794609, 120.2670663 31.4794612, 120.2670657 31.4795089, 120.2669873 31.4795091, 120.2669853 31.479637, 120.2670121 31.4797033))",第三食堂（教工活动中心）,,,,,,,,,,,,
way,265002621,"[2706629685, 2706629684, 2706629690, 2706629681, 2706629682, 2706629677, 2706629676, 2706629675, 2706629688, 2706629692, 2706629680, 2706629678, 2706629685]",yes,,"POLYGON ((120.2717012 31.4813879, 120.2716364 31.4813889, 120.2716368 31.4812913, 120.27206 31.4812926, 120.2720596 31.4813888, 120.2719936 31.4813889, 120.2719933 31.4814386, 120.2718968 31.4814383, 120.2718966 31.4814852, 120.2717563 31.4814847, 120.2717565 31.4814379, 120.271701 31.4814378, 120.2717012 31.4813879))",北美学院,,,,,,,,,,,,
way,265002895,"[2706629679, 2706629687, 2706631730, 2706631713, 2706629691, 2706629686, 2706629679]",school,,"POLYGON ((120.2709178 31.4815741, 120.2713 31.4815898, 120.2713 31.4816177, 120.2712995 31.4816519, 120.2712453 31.4817272, 120.2709178 31.4817263, 120.2709178 31.4815741))",法学院,School of Law,法学院,法学院,,,,,,,,,
way,265002896,"[2706631722, 2706631720, 2706631715, 2706631724, 2706631719, 2706631716, 2706631728, 2706631723, 2706631727, 2706631714, 2706631726, 2706631717, 2706631721, 2706631718, 5084978506, 5084913589, 5084913590, 2706631729, 2706631725, 2706631722]",yes,,"POLYGON ((120.2717204 31.4820051, 120.2717206 31.4819364, 120.2719115 31.4819369, 120.271911 31.4820897, 120.2717463 31.4820893, 120.2717465 31.4820356, 120.2713519 31.4820346, 120.2713517 31.4820958, 120.2710182 31.4820949, 120.2710183 31.4820501, 120.2709422 31.4820499, 120.2709424 31.4820046, 120.2710155 31.4820048, 120.2710156 31.481955, 120.2712544 31.4819556, 120.2713425 31.4819558, 120.2714033 31.481956, 120.271631 31.4819566, 120.2716308 31.4820049, 120.2717204 31.4820051))",马克思主义学院,,,,,,,,,,,,
way,289550968,"[2931042998, 2931042986, 2931042972, 2931042950, 2931042998]",yes,,"POLYGON ((120.2676974 31.4894759, 120.2676857 31.4893509, 120.2675359 31.4893611, 120.2675476 31.4894861, 120.2676974 31.4894759))",活动中心,,,,,,,,,,,,
way,289550977,"[2931042964, 2931042943, 2931042954, 9733577886, 2931042910, 2931042964]",yes,,"POLYGON ((120.2672633 31.4899213, 120.267762 31.4899685, 120.2677413 31.4901276, 120.2677263 31.4901261, 120.2672426 31.4900804, 120.2672633 31.4899213))",继续教育与网络教育学院,,,,,,,,,,,,
way,289550980,"[2931042957, 2931042939, 2931042956, 2931042931, 2931042930, 2931043000, 2931042936, 2931042926, 2931042947, 2931042966, 2931042912, 2931042911, 2931042909, 2931042982, 2931043501, 2931042984, 2931042977, 2931042976, 2931042923, 2931042991, 2931042997, 2931042993, 2931042924, 2931042963, 2931042913, 2931042955, 2931042928, 2931042968, 2931042920, 2931042975, 2931042981, 2931042957]",yes,,"POLYGON ((120.2668352 31.4908042, 120.2668356 31.4908361, 120.2667716 31.4908367, 120.2667737 31.491007, 120.2668381 31.4910065, 120.2668395 31.491122, 120.2671686 31.4911191, 120.2671681 31.4910793, 120.2672459 31.4910786, 120.2672433 31.4908627, 120.2671655 31.4908634, 120.2671633 31.4906825, 120.2673129 31.4906812, 120.267311 31.4905269, 120.2671615 31.4905282, 120.2671606 31.4904528, 120.2668318 31.4904556, 120.2668323 31.4904946, 120.2667599 31.490495, 120.2667594 31.4904336, 120.2666671 31.4904342, 120.2666676 31.4904911, 120.266514 31.490492, 120.2665148 31.4904131, 120.2662398 31.4904113, 120.2662383 31.4905773, 120.2665147 31.4905779, 120.2666686 31.490577, 120.2666694 31.4906756, 120.266333 31.4906776, 120.2663341 31.4908073, 120.2668352 31.4908042))",第一食堂江南苑,,第一食堂江南苑,第一食堂江南苑,,restaurant,,cafeteria,,,,,
way,289550983,"[2931043502, 2931042989, 2931042925, 2931042971, 2931043502]",yes,,"POLYGON ((120.2667071 31.4910766, 120.2667929 31.4910775, 120.2667918 31.4911527, 120.2667059 31.4911518, 120.2667071 31.4910766))",,,,,,,,,,,,,
way,289552411,"[2931055158, 2931055153, 2931055166, 2931055164, 2931055145, 2931055159, 2931055168, 2931055167, 2931055163, 2931055157, 2931055154, 2931055156, 2931055165, 2931055148, 2931055155, 2931055149, 2931055161, 2931055152, 2931055147, 2931055169, 2931055146, 2931055158]",yes,,"POLYGON ((120.2668244 31.4889856, 120.2668215 31.4887587, 120.2670175 31.4887584, 120.267106 31.4887744, 120.2671704 31.4888019, 120.2672375 31.4888568, 120.2672777 31.4889117, 120.2672988 31.4889837, 120.2672991 31.4891086, 120.2671975 31.4891088, 120.2671977 31.4891483, 120.2671326 31.489148, 120.2671328 31.4891129, 120.2664379 31.4891157, 120.2664378 31.4891493, 120.2663869 31.4891491, 120.266387 31.4890656, 120.2660503 31.4890668, 120.2660488 31.4887679, 120.2663942 31.4887666, 120.2663953 31.4889876, 120.2668244 31.4889856))",大学生活动中心,,,,,,,,,,,,
way,289552986,"[2931058240, 2931058241, 2931058243, 2931058245, 2931058239, 2931058238, 2931058242, 2931058244, 2931058240]",yes,,"POLYGON ((120.2663855 31.4884985, 120.2671981 31.4884992, 120.2671979 31.4886979, 120.2671367 31.4886978, 120.2671367 31.4886535, 120.2664425 31.4886529, 120.2664425 31.4886949, 120.2663853 31.4886949, 120.2663855 31.4884985))",人文学院艺术系,,,,,,,,,,,,
way,289554840,"[2931069995, 2931069993, 2931070205, 2931069989, 2931069999, 2931069994, 2931070000, 2931070203, 2931069990, 2931070202, 2931070206, 2931070204, 2931070207, 2931069991, 2931069995]",yes,,"POLYGON ((120.2665841 31.4880449, 120.2665839 31.4877962, 120.2660509 31.4877964, 120.2660508 31.4876367, 120.2668658 31.4876363, 120.2668659 31.4877973, 120.2667274 31.4877973, 120.2667276 31.488045, 120.2672102 31.4880448, 120.2672102 31.4881818, 120.2663826 31.4881822, 120.2663829 31.4885312, 120.2660473 31.4885314, 120.266047 31.4880452, 120.2665841 31.4880449))",设计学院,,,,,,,,,,,,
way,297988914,"[3018907040, 3018907041, 3018907042, 5085073771, 3018907043, 5085073776, 3018907040]",yes,,"POLYGON ((120.2650405 31.4875859, 120.2654838 31.4875909, 120.2654831 31.4873918, 120.2653868 31.4873927, 120.2650363 31.4873961, 120.2650391 31.4875229, 120.2650405 31.4875859))",,,,,,,,,,,,,
way,297988915,"[3018907044, 5085073772, 3018907045, 3018907046, 3018907047, 3018907048, 3018907049, 3018907050, 3018907051, 3018907052, 3018907053, 3018907054, 3018907055, 3018907044]",school,,"POLYGON ((120.2650183 31.4871454, 120.26539 31.4871399, 120.265474 31.4871387, 120.2655665 31.4871386, 120.2655643 31.4866051, 120.2642601 31.4866162, 120.2642617 31.4867529, 120.2654779 31.4867424, 120.2654806 31.4869691, 120.2649808 31.4869734, 120.2649313 31.4869747, 120.2649368 31.4871221, 120.2649974 31.4871205, 120.2650183 31.4871454))",机械工程学院,School of Mechanical Engineering,机械工程学院,机械工程学院,,,,,,,,,
way,297988916,"[3018907056, 3018907057, 3018907058, 3018907059, 3018907056]",yes,,"POLYGON ((120.2642047 31.4872003, 120.264846 31.4871963, 120.2648475 31.4873741, 120.2642062 31.4873782, 120.2642047 31.4872003))",,,,,,,,,,,,,
way,521954161,"[5084902021, 5084902022, 5084902023, 5084902024, 5084902025, 5084902026, 5084902027, 5084902028, 5084902029, 5084902030, 5084902031, 5084902032, 5084902033, 5084902034, 5084902035, 5084902036, 5084902037, 5084902038, 5084902039, 5084902040, 5084902021]",school,,"POLYGON ((120.2682992 31.4824349, 120.2683237 31.4822347, 120.2686807 31.4822555, 120.2686758 31.4820303, 120.2683334 31.4820386, 120.2683334 31.4818176, 120.2686758 31.4818134, 120.2686709 31.4816632, 120.2684508 31.4816507, 120.2684655 31.4814464, 120.2705197 31.4814422, 120.2705246 31.4816591, 120.2704121 31.4816674, 120.2704218 31.4818843, 120.2705294 31.4819135, 120.2705197 31.4821346, 120.2688372 31.4821429, 120.2688372 31.4822889, 120.2689595 31.4822931, 120.2689644 31.4824307, 120.2682992 31.4824349))",第二教学楼,Teaching Building 2,第二教学楼,第二教学楼,1,,,,,,,,
way,521954272,"[5084902648, 5084902649, 5084902650, 5084902651, 5084902652, 5084902653, 5084902654, 5084902655, 5084902656, 5084902657, 5084902658, 5084902659, 5084902660, 5084902661, 5084902662, 5084902663, 5084902664, 5084902665, 5084902666, 5084902667, 5084902668, 5084902669, 5084902670, 5084902671, 5084902672, 5084902673, 5084902674, 5084902648]",school,,"POLYGON ((120.2690757 31.4848287, 120.2704549 31.4848203, 120.2704598 31.4849788, 120.2703473 31.4849788, 120.2703424 31.4854626, 120.2705576 31.4854877, 120.2705625 31.4856086, 120.2697995 31.4855836, 120.2697995 31.4854543, 120.2699414 31.4854585, 120.2699365 31.4853375, 120.2695843 31.4853542, 120.2695746 31.4854793, 120.269467 31.4854877, 120.2694718 31.4853959, 120.2691931 31.4854001, 120.2692077 31.4856336, 120.2690512 31.4856378, 120.269017 31.4855961, 120.269017 31.4854877, 120.2690757 31.4854293, 120.2689485 31.4854418, 120.2689339 31.4852708, 120.2690219 31.4852708, 120.2690268 31.4850205, 120.2689485 31.485033, 120.2689387 31.4848078, 120.2690757 31.4848287))",第一教学楼,Teaching building 1,第一教学楼,第一教学楼,,,,,,,,,
way,521954375,"[5084899433, 5084899434, 5084899435, 5085068698, 5085068690, 5084899436, 5084899437, 5084899438, 5084899439, 5084899440, 5084899441, 5084899433]",school,,"POLYGON ((120.2646546 31.4863472, 120.2646448 31.4858217, 120.2653246 31.4858175, 120.2653255 31.4858872, 120.265327 31.4859984, 120.2653295 31.4861846, 120.265398 31.4861846, 120.2653686 31.4862805, 120.2653197 31.4863305, 120.2652366 31.4863556, 120.2651094 31.4863723, 120.2646546 31.4863472))",逸夫楼,Yifu Building,逸夫楼,逸夫楼,,,,,,,,,
way,521954411,"[5084904342, 5084904343, 5084904344, 5084904345, 5084904346, 5084904347, 5084904348, 5084904349, 5085067365, 5085067368, 5084904350, 5084904351, 5084904342]",school,,"POLYGON ((120.2643747 31.4824605, 120.2643646 31.4821464, 120.2646012 31.482155, 120.2646045 31.4822271, 120.2653615 31.4822184, 120.2653581 31.4820599, 120.2646789 31.4820686, 120.2646823 31.4818524, 120.2647813 31.4818521, 120.2648537 31.4818507, 120.2655102 31.4818496, 120.2655102 31.4824692, 120.2643747 31.4824605))",化工学院,School of Chemical & Material Engineering,化工学院,化工学院,,,,,,,,,
way,521954785,"[5084906019, 5084906020, 5084906021, 5084906022, 5084906024, 5084906027, 5084906030, 5085067367, 5085067366, 5084906031, 5084906032, 5084906019]",school,,"POLYGON ((120.2632367 31.481786, 120.2632465 31.4815816, 120.2638236 31.4816024, 120.2638187 31.4814481, 120.2647235 31.4814356, 120.2649045 31.4814356, 120.2648996 31.4816286, 120.2648527 31.4816273, 120.2647772 31.4816296, 120.2639703 31.4816316, 120.2639654 31.481786, 120.2632367 31.481786))",食品学院,School of Food,食品学院,食品学院,,,,,,,,,
way,521954879,"[5084906300, 5084906301, 5084906302, 5084906303, 5084906300]",yes,,"POLYGON ((120.2646647 31.4806928, 120.2646599 31.4805011, 120.2655579 31.4804729, 120.2655689 31.4806753, 120.2646647 31.4806928))",国家重点实验室,State Key Lab of Food,国家重点实验室,国家重点实验室,,,,,,,,,
way,521954969,"[5085067364, 5085067357, 5085067358, 5085067359, 5084906027, 5084906024, 5085067360, 5085067355, 5085067356, 5085067361, 5085067362, 5084906795, 5084906796, 5084906797, 5084906798, 5084906799, 5084906800, 5084906801, 5084906802, 5084906803, 5084906804, 5085067363, 5085067364]",school,,"POLYGON ((120.2641234 31.480903, 120.2649726 31.4808982, 120.2649726 31.4810876, 120.2649008 31.4810876, 120.2649045 31.4814356, 120.2647235 31.4814356, 120.2647095 31.4810759, 120.2639512 31.4810759, 120.2639512 31.480904, 120.2640571 31.4809034, 120.264057 31.480796, 120.2634228 31.4808026, 120.2634181 31.4806035, 120.2641186 31.4806015, 120.2641279 31.480488, 120.264219 31.4804999, 120.2643124 31.4805418, 120.2643871 31.4806254, 120.2643988 31.4806772, 120.2644105 31.4807907, 120.264191 31.4807946, 120.2641218 31.4807953, 120.2641234 31.480903))",生物工程学院,School of Biotechnology,生物工程学院,生物工程学院,1,,,,,,,,
way,521954970,"[5084907387, 5084907388, 5084907389, 5084907390, 5084907387]",yes,,"POLYGON ((120.2635372 31.4805577, 120.2635325 31.4803964, 120.2638267 31.4803984, 120.2638267 31.4805517, 120.2635372 31.4805577))",,,,,,,,,,,,,
way,521955061,"[5084899504, 5084899505, 5084899506, 5084899507, 5084899504]",yes,,"POLYGON ((120.2633403 31.4825899, 120.2633287 31.4823669, 120.2640875 31.4823529, 120.2640969 31.48258, 120.2633403 31.4825899))",生命科学与健康工程学院,School of Pharmacy,生命科学与健康工程学院,生命科学与健康工程学院,,,,,,,,,
way,521955210,"[5084909979, 5084909980, 5084909993, 5084909981, 5084909982, 5084909983, 5084909984, 5084909985, 5084909986, 5084909987, 5084909988, 5084909989, 5084909990, 5084909991, 5084909992, 5084909979]",yes,,"POLYGON ((120.2616953 31.4818127, 120.2616953 31.4815229, 120.2622863 31.4815229, 120.2628632 31.4815229, 120.2628561 31.4818429, 120.2625801 31.4818429, 120.2626862 31.4819696, 120.2627358 31.4821085, 120.2627004 31.4822594, 120.2625305 31.4822896, 120.2623182 31.4822654, 120.2622615 31.4820964, 120.2622898 31.4819636, 120.2623889 31.4818851, 120.2624102 31.4818187, 120.2616953 31.4818127))",粮食发酵工艺与技术国家工程实验室,State Engineering  Center of Fermentation,粮食发酵工艺与技术国家工程实验室,粮食发酵工艺与技术国家工程实验室,,,,,,,,,
way,521955243,"[5084899508, 5084899509, 5084899510, 5084899511, 5084899508]",yes,,"POLYGON ((120.2617448 31.4813102, 120.2617448 31.4809974, 120.2626252 31.4810099, 120.2626545 31.4813311, 120.2617448 31.4813102))",,,,,,,,,,,,,
way,521955271,"[5084910000, 5084910001, 5084910002, 5084910003, 5084910000]",yes,,"POLYGON ((120.2611881 31.4807283, 120.2611653 31.4804683, 120.2629968 31.4804176, 120.2629903 31.4807538, 120.2611881 31.4807283))",协同创新中心,Cooperative Innovation Centre,协同创新中心,协同创新中心,,,,,,,,,
way,521958938,"[5084929663, 5084929664, 5084929665, 5085060277, 5084929666, 5084929667, 5084929668, 5084929669, 5084929670, 5084929671, 5084929672, 5084929673, 5084929674, 5084929663]",apartments,,"POLYGON ((120.2685788 31.4775553, 120.2685788 31.4774285, 120.2686921 31.4774104, 120.2686793 31.4772878, 120.2686638 31.4771388, 120.2686774 31.4770092, 120.2693008 31.4769879, 120.2692725 31.4771146, 120.2688124 31.4771327, 120.2688266 31.4774044, 120.2692513 31.4774346, 120.2692725 31.4775674, 120.2689327 31.4775553, 120.2685788 31.4775553))",留学生公寓,Apartments for Internatioanl Students,留学生公寓,留学生公寓,,,,,,,,,
way,521958942,"[5084929601, 5084929602, 5084929603, 5084929604, 5084929605, 5084929606, 5084929607, 5084929608, 5084929601]",apartments,,"POLYGON ((120.2673018 31.4777073, 120.2673052 31.4775603, 120.2679168 31.4775719, 120.2679236 31.4773154, 120.267491 31.4773183, 120.2674876 31.4771309, 120.2680114 31.4771194, 120.2680216 31.477716, 120.2673018 31.4777073))",,,,,,,,,,,,,
way,521959014,"[5084930202, 5084930203, 5084930204, 5084930205, 5084930206, 5084930207, 5084930208, 5084930209, 5084930210, 5084930211, 5084930212, 5084930213, 5084930202]",school,,"POLYGON ((120.2690021 31.4868634, 120.2690021 31.48663, 120.2691001 31.4866329, 120.2690967 31.4863101, 120.2689785 31.4863101, 120.2689717 31.486166, 120.269678 31.4861632, 120.2696679 31.4862957, 120.269286 31.4863015, 120.2692792 31.4866444, 120.2698571 31.4866415, 120.2698503 31.4868721, 120.2690021 31.4868634))",理学院,School of Science,理学院,理学院,,,,,,,,,
way,521959384,"[5084932104, 5084932105, 5084932106, 5084932107, 5084932108, 5084932109, 5084932110, 5084932111, 5084932112, 5084932113, 5084932114, 5084932115, 5084932116, 5084932117, 5084932104]",school,,"POLYGON ((120.2648473 31.4887821, 120.2648571 31.4886319, 120.2646908 31.4886361, 120.264681 31.4883567, 120.2648375 31.4883608, 120.2648326 31.4882148, 120.2642115 31.4882148, 120.2642017 31.487877, 120.2644903 31.4878729, 120.2645 31.488023, 120.2649647 31.488023, 120.2649549 31.4878437, 120.2655711 31.4878353, 120.2655809 31.4887862, 120.2648473 31.4887821))",纺织服装学院,School of Textile Enginering,纺织服装学院,纺织服装学院,,,,,,,,,
way,521961007,"[5084945961, 5084945962, 5084945963, 5084945964, 5084945965, 5084945966, 5084945967, 5084945968, 5084945969, 5085062543, 5085062544, 5085068695, 5085070983, 5084945972, 5084945961]",school,,"POLYGON ((120.266114 31.4860711, 120.2663684 31.4862963, 120.2669308 31.4862963, 120.2669308 31.4862379, 120.2673172 31.4862338, 120.2673123 31.4857374, 120.2668525 31.4857541, 120.2668917 31.4851035, 120.2661972 31.4851327, 120.2661814 31.4855133, 120.2661762 31.4856835, 120.2661708 31.4858361, 120.2661678 31.485921, 120.2661091 31.4859293, 120.266114 31.4860711))",物联网工程学院,School of Internet of Things,物联网工程学院,物联网工程学院,,,,,,,,,
way,521961180,"[5084947710, 5084947711, 5084947712, 5084947713, 5084947714, 5084947715, 5084947716, 5084947717, 5084947718, 5084947719, 5084947720, 5084947821, 5084947822, 5084947823, 5084947824, 5084947825, 5084947826, 5084947827, 5084947828, 5084947829, 5084947830, 5084947831, 5084947832, 5084947833, 5084947710]",service,,"POLYGON ((120.2605845 31.4918218, 120.2605807 31.4917333, 120.2605251 31.4917491, 120.2605177 31.4914963, 120.2605733 31.4914963, 120.2605882 31.4914236, 120.2611441 31.4914141, 120.2611404 31.4914931, 120.2612961 31.4915058, 120.2612998 31.4917207, 120.2615778 31.4917112, 120.2615778 31.4916101, 120.2618447 31.4916101, 120.2618521 31.4917302, 120.2619448 31.491746, 120.2619633 31.4919736, 120.261841 31.4919862, 120.2618447 31.4920241, 120.2615704 31.4920273, 120.2615741 31.4918819, 120.2614703 31.4918819, 120.2608328 31.4918945, 120.2607179 31.4918945, 120.2607142 31.4918124, 120.2605845 31.4918218))",第二食堂梁溪苑,,第二食堂梁溪苑,第二食堂梁溪苑,,restaurant,,,chinese,Mo-Sa 07:00-20:00,,,
way,521961217,"[5084947764, 5084947765, 5084947766, 5084947767, 5084947768, 5084947769, 5084947770, 5084947771, 5084947772, 5084947773, 5084947774, 5084947775, 5084947776, 5084947777, 5084947778, 5084947779, 5084947780, 5084947781, 5084947782, 5084947783, 5084947784, 5084947764]",hotel,,"POLYGON ((120.2592909 31.4922865, 120.259276 31.491727, 120.2598617 31.4917081, 120.2598617 31.4917523, 120.2602546 31.491746, 120.2602472 31.4918345, 120.2597097 31.4918471, 120.25968 31.4918124, 120.2595651 31.4918124, 120.2595726 31.4920368, 120.2601767 31.4920241, 120.2601878 31.4919198, 120.2603695 31.4919167, 120.2603806 31.4922138, 120.2601878 31.4922138, 120.2601841 31.4921, 120.2600433 31.4921095, 120.2600433 31.4921916, 120.2595763 31.4921916, 120.2595132 31.4921916, 120.2595132 31.4922801, 120.2592909 31.4922865))",,,,,,,,,,,,,
way,521975589,"[5085049787, 5085049788, 5085051337, 5085049789, 5085049790, 5085049787]",school,,"POLYGON ((120.2710051 31.4810848, 120.2710051 31.4807715, 120.271693 31.4807463, 120.2720275 31.480734, 120.2720635 31.4810712, 120.2710051 31.4810848))",商学院,School of Business,商学院,商学院,,,,,,,,,
way,521975842,"[5085049505, 5085049506, 5085049507, 5085049508, 5085051338, 5085049505]",school,,"POLYGON ((120.2709202 31.4803055, 120.2709135 31.4800023, 120.2719625 31.4799854, 120.2719692 31.4802885, 120.2716533 31.4802936, 120.2709202 31.4803055))",人工智能与计算机学院,School of Artificial Intelligence,人工智能与计算机学院,人工智能与计算机学院,,,,,,,,,
way,521975932,"[5085051337, 5085051338, 5085049508, 5085049789, 5085051337]",school,,"POLYGON ((120.271693 31.4807463, 120.2716533 31.4802936, 120.2719692 31.4802885, 120.2720275 31.480734, 120.271693 31.4807463))",,,,,,,,,,,,,
way,521976409,"[5084978502, 2706632049, 5084978503, 5084978504, 5084978505, 5084913589, 5084978506, 5084978502]",school,,"POLYGON ((120.2710705 31.4819234, 120.2710568 31.4818397, 120.271087 31.4817507, 120.2712544 31.4817491, 120.2713434 31.4817489, 120.2713425 31.4819558, 120.2712544 31.4819556, 120.2710705 31.4819234))",,,,,1,,,,,,,,
way,521977160,"[5085057269, 5085057270, 5085057271, 5085057272, 2706631713, 2706629691, 5084978504, 5084978505, 5085057269]",school,,"POLYGON ((120.2719943 31.4817472, 120.2720026 31.4816396, 120.271428 31.4816696, 120.2714218 31.4816484, 120.2712995 31.4816519, 120.2712453 31.4817272, 120.2712544 31.4817491, 120.2713434 31.4817489, 120.2719943 31.4817472))",外国语学院,School of Foreign Languages,外国语学院,外国语学院,,,,,,,,,
way,521978162,"[5085062304, 5085062305, 5085062306, 5085062307, 5085062308, 5085062309, 5085062310, 5085062311, 5085062312, 5085062313, 5085062314, 5085062315, 5085062316, 5085062317, 5085062304]",yes,,"POLYGON ((120.2632732 31.4775251, 120.2633279 31.4771639, 120.2643254 31.4773066, 120.2643527 31.4770823, 120.2633586 31.4769541, 120.2634167 31.4767618, 120.2641306 31.4768434, 120.2641102 31.4769017, 120.2644552 31.4769396, 120.2644347 31.4770765, 120.2643971 31.4770823, 120.26438 31.4773154, 120.2646909 31.4773591, 120.2646226 31.4777116, 120.2632732 31.4775251))",,,,,,,,,,,,,
way,521978721,"[5085067365, 5085067366, 5085067367, 5085067368, 5085067365]",yes,,"POLYGON ((120.2647813 31.4818521, 120.2647772 31.4816296, 120.2648527 31.4816273, 120.2648537 31.4818507, 120.2647813 31.4818521))",,,,,,,,,,,,,
way,521978935,"[5085068690, 5085068691, 5085068692, 5085068693, 5085068694, 5084945972, 5085070983, 5085068695, 5085068696, 5085068697, 5085062547, 5085062537, 5085068698, 5085068690]",school,,"POLYGON ((120.265327 31.4859984, 120.2654446 31.485994, 120.2654496 31.486088, 120.2659955 31.4860709, 120.2659903 31.4859282, 120.2661091 31.4859293, 120.2661678 31.485921, 120.2661708 31.4858361, 120.2659804 31.485836, 120.2659754 31.485883, 120.265497 31.4858861, 120.2653649 31.4858847, 120.2653255 31.4858872, 120.265327 31.4859984))",,,,,,,,,,,,,
way,521979027,"[5085062537, 2619275853, 5085062538, 5085062539, 5085062540, 5085062541, 5085062542, 5085062543, 5085062544, 5085062545, 5085062546, 5085062547, 5085062537]",school,,"POLYGON ((120.2653649 31.4858847, 120.2653644 31.4857423, 120.2653624 31.485635, 120.2654244 31.485635, 120.2654115 31.4854803, 120.2660671 31.4854626, 120.2660594 31.4855178, 120.2661814 31.4855133, 120.2661762 31.4856835, 120.2659842 31.485688, 120.26551 31.485688, 120.265497 31.4858861, 120.2653649 31.4858847))",,,,,,,,,,,,,
way,521979345,"[5085072478, 5085072479, 5085072480, 5085072481, 5085072482, 5085072483, 5085072484, 5085072485, 5085072486, 5085072487, 5085072488, 5085072489, 5085072490, 5085072491, 5085072492, 5085072493, 5085072494, 5085072495, 5085072496, 5085072497, 5085072498, 5085072499, 5085072500, 5085072501, 5085072478]",yes,,"POLYGON ((120.2629477 31.4872262, 120.2627073 31.4871194, 120.2626172 31.4869358, 120.2626122 31.4867991, 120.2626172 31.4865728, 120.2626322 31.4864233, 120.2627975 31.4863934, 120.2629127 31.4862098, 120.263103 31.4861415, 120.2632833 31.4861159, 120.2633484 31.4861159, 120.2633383 31.4862055, 120.263769 31.4862013, 120.263769 31.486402, 120.2632081 31.4864233, 120.2632131 31.4865386, 120.263769 31.4865429, 120.263764 31.486718, 120.2632282 31.486718, 120.2632282 31.486812, 120.263784 31.4868376, 120.263774 31.4870169, 120.2631731 31.4870084, 120.2629377 31.4870041, 120.2629477 31.4872262))",,,,,,,,,,,,,
way,521979464,"[5085073771, 5085073772, 3018907045, 3018907042, 5085073771]",yes,,"POLYGON ((120.2653868 31.4873927, 120.26539 31.4871399, 120.265474 31.4871387, 120.2654831 31.4873918, 120.2653868 31.4873927))",,,,,,,,,,,,,
way,521979465,"[5085073773, 3018907058, 3018907057, 5085073774, 3018907054, 5085073775, 3018907043, 5085073776, 5085073777, 5085073773]",yes,,"POLYGON ((120.2648534 31.487471, 120.2648475 31.4873741, 120.264846 31.4871963, 120.2648462 31.4871177, 120.2649368 31.4871221, 120.2649327 31.4874034, 120.2650363 31.4873961, 120.2650391 31.4875229, 120.2648498 31.4875294, 120.2648534 31.487471))",,,,,,,,,,,,,
way,1059395554,"[2583152254, 9733577822, 9733577823, 2583152228, 2583152210, 2583152254]",yes,,"POLYGON ((120.2700444 31.4791057, 120.2699282 31.4787075, 120.2701045 31.4786855, 120.2702075 31.4790589, 120.2701308 31.4790946, 120.2700444 31.4791057))",Xie's Home,,,,,,,,,,1,,
way,1059395555,"[9733577824, 9733577825, 9733577826, 9733577827, 9733577824]",greenhouse,,"POLYGON ((120.2615224 31.4928804, 120.2615333 31.4925693, 120.261942 31.4925746, 120.2619325 31.4928807, 120.2615224 31.4928804))",,,,,,,,,,,,,
way,1059395556,"[9733577830, 9733577831, 9733577832, 9733577833, 9733577830]",apartments,,"POLYGON ((120.269393 31.4910127, 120.2693916 31.4904933, 120.2716894 31.490489, 120.2716908 31.491008, 120.269393 31.4910127))",青教公寓,,,,,,,,,,,,
way,1059395558,"[9733577836, 9733577837, 9733577838, 9733577839, 9733577840, 9733577841, 9733577842, 9733577843, 9733577844, 9733577845, 9733577836]",service,,"POLYGON ((120.2588555 31.4925807, 120.258628 31.4925874, 120.2586213 31.4925227, 120.2585249 31.4925225, 120.25853 31.4921637, 120.2586069 31.4921576, 120.2586135 31.4921138, 120.2588935 31.4920536, 120.2589034 31.492193, 120.2588597 31.4922781, 120.2588555 31.4925807))",,,,,,,,,,,,,
way,1059395559,"[9733577846, 9733577847, 9733577848, 9733577849, 9733577850, 9733577851, 9733577852, 9733577853, 9733577854, 9733577855, 9733577856, 9733577846]",service,,"POLYGON ((120.2620426 31.4882845, 120.2621025 31.4882828, 120.262092 31.4880233, 120.2621068 31.4879642, 120.262124 31.4879303, 120.2621735 31.4878847, 120.2622394 31.487841, 120.2626077 31.4878299, 120.2626054 31.487755, 120.2620848 31.4877705, 120.2620187 31.4878334, 120.2620426 31.4882845))",实验物资与危险品仓库,,,,,,,,,,,,
way,1059395561,"[9733577869, 9733577870, 9733577871, 9733577872, 9733577873, 9733577874, 9733577869]",school,,"POLYGON ((120.2616829 31.4797989, 120.2629872 31.4797773, 120.2631914 31.4795811, 120.2633053 31.4790093, 120.2631554 31.4788159, 120.2619989 31.4788112, 120.2616829 31.4797989))",,,,,,,,,,,,,
way,1059395562,"[9733577875, 9733577876, 9733577877, 9733577878, 9733577875]",garage,,"POLYGON ((120.2648834 31.4777308, 120.2649539 31.4772586, 120.2653144 31.4772946, 120.265196 31.4777767, 120.2648834 31.4777308))",维修厂,,,,,,,,,,,,
way,1059395563,"[9733577879, 9733577880, 9733577881, 9733577882, 9733577879]",service,,"POLYGON ((120.2653866 31.4778425, 120.265502 31.4772669, 120.2659484 31.4773204, 120.2658538 31.4779023, 120.2653866 31.4778425))",,,,,,,,,,,,,
relation,3368480,"[[[2572389038, 2572389122, 2572389099, 2572389100, 2572389098, 2572389090, 2572389032, 2572389065, 2572389137, 2572389078, 2572389162, 2572389157, 2572389170, 2572389155, 2572389182, 2572389023, 2572389017, 2572389045, 2572389075, 2572389142, 2572389108, 2572389074, 2572389104, 2572389030, 2572389073, 2572389092, 2572389081, 2572389114, 2572389160, 2572389049, 2572389027, 2572389034, 2572389111, 2572389120, 2572389158, 2572389069, 2572389148, 2572389076, 2572389071, 2572389096, 2572389033, 2572389173, 2572389163, 2572389060, 2572389024, 2572389038], [2572389167, 2572389184, 2572389012, 2572389175, 2572389136, 2572389009, 2572389167]]]",yes,,"POLYGON ((120.2684081 31.4834306, 120.268283 31.483432, 120.2682831 31.4834686, 120.2681226 31.4834684, 120.2681199 31.4836056, 120.2680564 31.4836037, 120.2680552 31.4838316, 120.268113 31.4838307, 120.2681147 31.4838947, 120.268056 31.4838939, 120.2680533 31.4842845, 120.2681225 31.4842855, 120.2681214 31.4843476, 120.2680545 31.4843477, 120.2680513 31.4845796, 120.2681162 31.4845804, 120.2681154 31.4846396, 120.268051 31.484639, 120.2680498 31.4848742, 120.2681173 31.4848727, 120.2681173 31.4849573, 120.2683096 31.4849577, 120.268314 31.4849832, 120.2683434 31.4849949, 120.268373 31.4849824, 120.26838 31.4849582, 120.268381 31.4847913, 120.2685114 31.4847906, 120.2685114 31.4849586, 120.2687473 31.4849551, 120.2687525 31.4842696, 120.2686746 31.4842684, 120.2686711 31.4838876, 120.2687395 31.4838823, 120.2687823 31.4838548, 120.2688386 31.4837996, 120.2688681 31.483729, 120.2688762 31.4836491, 120.2688547 31.483569, 120.2688172 31.483505, 120.2687662 31.4834592, 120.2686965 31.4834199, 120.2686215 31.4833998, 120.2685491 31.4833929, 120.2684702 31.4834027, 120.2684081 31.4834306), (120.2683596 31.4836087, 120.2685523 31.4836097, 120.2685513 31.4837405, 120.2685 31.4837402, 120.2684995 31.4838114, 120.2683581 31.4838106, 120.2683596 31.4836087))",,,,,,library,,,,,,"[250889634, 250889640]",multipolygon
relation,3432868,"[[[2619273956, 2619273961, 2619273963, 2619273951, 2619273969, 2619273955, 2619273970, 2619273957, 2619273965, 2619273950, 2619273972, 2619273968, 2619273958, 2619273967, 2619273954, 2619273960, 2619273959, 2619273964, 2619273947, 2619273971, 2619273956], [2619273953, 2619273952, 2619273962, 2619273948, 2619273953]]]",yes,,"POLYGON ((120.2698817 31.4863737, 120.2698815 31.486424, 120.2699372 31.4864239, 120.2699373 31.4865385, 120.2704644 31.4865385, 120.270464 31.4864286, 120.2705164 31.4864296, 120.2705155 31.4863732, 120.2704644 31.4863736, 120.2704634 31.4861439, 120.2705183 31.4861438, 120.2705196 31.4860945, 120.2704643 31.4860945, 120.2704643 31.485982, 120.2699372 31.485982, 120.2699372 31.4860945, 120.2698823 31.486095, 120.2698834 31.4861495, 120.2699372 31.4861494, 120.2699372 31.4863736, 120.2698817 31.4863737), (120.2700567 31.4861037, 120.2703478 31.4861043, 120.2703471 31.4863513, 120.2700561 31.4863508, 120.2700567 31.4861037))",人文学院-田家炳楼,,,,,,,,,,,"[256256008, 256256009]",multipolygon
relation,3846378,"[[[2931055158, 2931055153, 2931055166, 2931055164, 2931055145, 2931055159, 2931055168, 2931055167, 2931055163, 2931055157, 2931055154, 2931055156, 2931055165, 2931055148, 2931055155, 2931055149, 2931055161, 2931055152, 2931055147, 2931055169, 2931055146, 2931055158], [2931055160, 2931055150, 2931055162, 2931055151, 2931055160]]]",yes,,"POLYGON ((120.2663953 31.4889876, 120.2663942 31.4887666, 120.2660488 31.4887679, 120.2660503 31.4890668, 120.266387 31.4890656, 120.2663869 31.4891491, 120.2664378 31.4891493, 120.2664379 31.4891157, 120.2671328 31.4891129, 120.2671326 31.489148, 120.2671977 31.4891483, 120.2671975 31.4891088, 120.2672991 31.4891086, 120.2672988 31.4889837, 120.2672777 31.4889117, 120.2672375 31.4888568, 120.2671704 31.4888019, 120.267106 31.4887744, 120.2670175 31.4887584, 120.2668215 31.4887587, 120.2668244 31.4889856, 120.2663953 31.4889876), (120.2661461 31.4888442, 120.2662839 31.4888442, 120.2662839 31.4889801, 120.266146 31.4889801, 120.2661461 31.4888442))",,,,,,,,,,,,"[289552411, 289552410]",multipolygon
relation,3846413,"[[[2931069995, 2931069993, 2931070205, 2931069989, 2931069999, 2931069994, 2931070000, 2931070203, 2931069990, 2931070202, 2931070206, 2931070204, 2931070207, 2931069991, 2931069995], [2931069997, 2931069996, 2931070201, 2931069992, 2931069988, 2931069998, 2931069997]]]",yes,,"POLYGON ((120.266047 31.4880452, 120.2660473 31.4885314, 120.2663829 31.4885312, 120.2663826 31.4881822, 120.2672102 31.4881818, 120.2672102 31.4880448, 120.2667276 31.488045, 120.2667274 31.4877973, 120.2668659 31.4877973, 120.2668658 31.4876363, 120.2660508 31.4876367, 120.2660509 31.4877964, 120.2665839 31.4877962, 120.2665841 31.4880449, 120.266047 31.4880452), (120.2661712 31.4883638, 120.2661711 31.4882878, 120.2661364 31.4882879, 120.2661363 31.4881899, 120.2663345 31.4881897, 120.2663347 31.4883637, 120.2661712 31.4883638))",,,,,,,,,,,,"[289554840, 289554839]",multipolygon
relation,11218604,"[[[5084898662, 5084898663, 5084898664, 5084898665, 5084898662], [7636135383, 7636135384, 7636190685, 7636190686, 7636135383]]]",school,,"POLYGON ((120.2619485 31.4838184, 120.2627453 31.4838146, 120.2627417 31.4832526, 120.2619448 31.4832562, 120.2619485 31.4838184), (120.2621375 31.483362, 120.2625314 31.4833555, 120.2625396 31.4837131, 120.2621457 31.4837197, 120.2621375 31.483362))",School of Medicine,,,,,,,,,,,"[521953592, 817649829]",multipolygon
