osmid,y,x,street_count,highway,ref,geometry
109837855,39.9523283,-75.1921906,3,,,POINT (-75.1921906 39.9523283)
109849382,39.9533398,-75.1837389,4,traffic_signals,,POINT (-75.1837389 39.9533398)
109849780,39.954907,-75.1964466,4,traffic_signals,,POINT (-75.1964466 39.954907)
109906663,39.9488884,-75.1896804,3,traffic_signals,,POINT (-75.1896804 39.9488884)
109906697,39.9474114,-75.1913499,3,traffic_signals,,POINT (-75.1913499 39.9474114)
109906810,39.9473247,-75.1948678,4,traffic_signals,,POINT (-75.1948678 39.9473247)
109906824,39.9460292,-75.1978662,3,,,POINT (-75.1978662 39.9460292)
109922181,39.9492447,-75.1950726,4,,,POINT (-75.1950726 39.9492447)
109986312,39.9538415,-75.2002703,4,traffic_signals,,POINT (-75.2002703 39.9538415)
109986319,39.9526894,-75.2005217,4,,,POINT (-75.2005217 39.9526894)
109986329,39.9521332,-75.2006313,4,,,POINT (-75.2006313 39.9521332)
109987913,39.952571,-75.1900377,4,traffic_signals,,POINT (-75.1900377 39.952571)
109987918,39.9528283,-75.1920844,4,traffic_signals,,POINT (-75.1920844 39.9528283)
109987942,39.9531619,-75.1947857,4,traffic_signals,,POINT (-75.1947857 39.9531619)
109987964,39.9534048,-75.1967591,4,traffic_signals,,POINT (-75.1967591 39.9534048)
109987975,39.9541292,-75.202605,4,traffic_signals,,POINT (-75.202605 39.9541292)
109988671,39.9518251,-75.1840675,5,traffic_signals,,POINT (-75.1840675 39.9518251)
110060705,39.9535791,-75.1919544,3,,,POINT (-75.1919544 39.9535791)
110060711,39.9532828,-75.1919974,3,,,POINT (-75.1919974 39.9532828)
110060722,39.9512167,-75.1924256,3,,,POINT (-75.1924256 39.9512167)
110060729,39.9504554,-75.1925847,4,traffic_signals,,POINT (-75.1925847 39.9504554)
110142236,39.9554188,-75.1943127,4,,,POINT (-75.1943127 39.9554188)
110142269,39.9539029,-75.1946293,4,traffic_signals,,POINT (-75.1946293 39.9539029)
110142290,39.9520049,-75.1950364,4,,,POINT (-75.1950364 39.9520049)
110142306,39.9507932,-75.1952991,4,traffic_signals,,POINT (-75.1952991 39.9507932)
110153531,39.954149,-75.196603,4,,,POINT (-75.196603 39.954149)
110153566,39.9522444,-75.1969955,4,,,POINT (-75.1969955 39.9522444)
110191773,39.9529811,-75.202847,4,stop,,POINT (-75.202847 39.9529811)
110191777,39.9517468,-75.193136,3,,,POINT (-75.193136 39.9517468)
110214028,39.9534694,-75.1934769,3,,,POINT (-75.1934769 39.9534694)
110214032,39.9537608,-75.1934163,3,,,POINT (-75.1934163 39.9537608)
110317698,39.95402,-75.1956282,3,,,POINT (-75.1956282 39.95402)
110338978,39.9503249,-75.1917251,4,traffic_signals,,POINT (-75.1917251 39.9503249)
110338993,39.9517593,-75.2031026,4,traffic_signals,,POINT (-75.2031026 39.9517593)
110371709,39.9497236,-75.1955342,3,,,POINT (-75.1955342 39.9497236)
110371718,39.9496391,-75.1948879,1,,,POINT (-75.1948879 39.9496391)
110380367,39.943683,-75.1958574,3,,,POINT (-75.1958574 39.943683)
110432579,39.951371,-75.19047,4,crossing,,POINT (-75.19047 39.951371)
110436069,39.9492189,-75.1995269,3,,,POINT (-75.1995269 39.9492189)
110546675,39.9531375,-75.1876295,3,,,POINT (-75.1876295 39.9531375)
110552309,39.9513155,-75.1932193,3,,,POINT (-75.1932193 39.9513155)
360347097,39.9531635,-75.1916266,4,,,POINT (-75.1916266 39.9531635)
360347522,39.9521197,-75.1938616,4,,,POINT (-75.1938616 39.9521197)
360347524,39.9516485,-75.1951137,4,,,POINT (-75.1951137 39.9516485)
360347795,39.9525659,-75.1995646,4,,,POINT (-75.1995646 39.9525659)
360348555,39.9501874,-75.1992796,3,,,POINT (-75.1992796 39.9501874)
360364561,39.9496165,-75.1984284,3,,,POINT (-75.1984284 39.9496165)
360371019,39.9490128,-75.1987321,1,,,POINT (-75.1987321 39.9490128)
360371023,39.9492364,-75.198695,3,,,POINT (-75.198695 39.9492364)
360371032,39.9493747,-75.1986806,3,,,POINT (-75.1986806 39.9493747)
360371042,39.9494268,-75.1989798,3,,,POINT (-75.1989798 39.9494268)
360371415,39.9491773,-75.1980454,1,,,POINT (-75.1980454 39.9491773)
360371447,39.949197,-75.1981741,1,,,POINT (-75.1981741 39.949197)
360473658,39.9501386,-75.1880225,3,,,POINT (-75.1880225 39.9501386)
360477055,39.9536581,-75.2017295,3,crossing,,POINT (-75.2017295 39.9536581)
360477465,39.9527731,-75.2012023,3,,,POINT (-75.2012023 39.9527731)
360477522,39.953093,-75.2004382,3,,,POINT (-75.2004382 39.953093)
360477527,39.9526983,-75.2005878,4,,,POINT (-75.2005878 39.9526983)
360477563,39.9535168,-75.2009548,3,,,POINT (-75.2009548 39.9535168)
360477574,39.9531924,-75.2004177,3,,,POINT (-75.2004177 39.9531924)
360480427,39.9516381,-75.197118,3,,,POINT (-75.197118 39.9516381)
360480505,39.9517366,-75.1979744,3,,,POINT (-75.1979744 39.9517366)
360480506,39.9517671,-75.1982725,3,,,POINT (-75.1982725 39.9517671)
360480514,39.9514997,-75.197468,3,,,POINT (-75.197468 39.9514997)
360480515,39.9516743,-75.1974329,3,,,POINT (-75.1974329 39.9516743)
360480532,39.9514596,-75.197154,3,,,POINT (-75.197154 39.9514596)
360480642,39.9523954,-75.1949517,3,,,POINT (-75.1949517 39.9523954)
360480708,39.9523397,-75.1944758,3,,,POINT (-75.1944758 39.9523397)
360480710,39.9516936,-75.1943059,4,,,POINT (-75.1943059 39.9516936)
360480987,39.9505588,-75.1933742,3,,,POINT (-75.1933742 39.9505588)
360481482,39.952092,-75.193066,3,,,POINT (-75.193066 39.952092)
360481589,39.9519991,-75.1930855,4,,,POINT (-75.1930855 39.9519991)
360481653,39.9517179,-75.1937158,4,,,POINT (-75.1937158 39.9517179)
360481654,39.9516442,-75.1931572,3,,,POINT (-75.1931572 39.9516442)
360481732,39.9517878,-75.1941797,4,,,POINT (-75.1941797 39.9517878)
360481965,39.9520663,-75.1955524,3,,,POINT (-75.1955524 39.9520663)
360482018,39.9506978,-75.1944743,3,,,POINT (-75.1944743 39.9506978)
360482820,39.9507199,-75.1912489,3,,,POINT (-75.1912489 39.9507199)
360482899,39.9513629,-75.1917314,4,,,POINT (-75.1917314 39.9513629)
360482900,39.951026,-75.1918718,1,,,POINT (-75.1918718 39.951026)
360484025,39.9532198,-75.1920065,3,,,POINT (-75.1920065 39.9532198)
360487042,39.9525971,-75.194908,3,,,POINT (-75.194908 39.9525971)
360487939,39.9520192,-75.1997511,3,,,POINT (-75.1997511 39.9520192)
360487941,39.9513601,-75.1998891,3,,,POINT (-75.1998891 39.9513601)
360488334,39.9530976,-75.203774,3,,,POINT (-75.203774 39.9530976)
360494570,39.9494622,-75.1975287,1,,,POINT (-75.1975287 39.9494622)
360494580,39.948824,-75.1979235,3,,,POINT (-75.1979235 39.948824)
360494582,39.9485567,-75.1978639,3,,,POINT (-75.1978639 39.9485567)
360494716,39.9497219,-75.1986051,3,,,POINT (-75.1986051 39.9497219)
360494781,39.9495149,-75.1983269,3,,,POINT (-75.1983269 39.9495149)
360494784,39.9492316,-75.1975878,3,,,POINT (-75.1975878 39.9492316)
360494997,39.948903,-75.198387,3,,,POINT (-75.198387 39.948903)
360494998,39.9488701,-75.1981381,3,,,POINT (-75.1981381 39.9488701)
360498296,39.9503634,-75.1992876,3,,,POINT (-75.1992876 39.9503634)
360501414,39.9540337,-75.1957375,3,,,POINT (-75.1957375 39.9540337)
362763083,39.9523743,-75.1884586,3,,,POINT (-75.1884586 39.9523743)
362769249,39.9503624,-75.1890878,3,,,POINT (-75.1890878 39.9503624)
635029122,39.9512689,-75.1991429,4,,,POINT (-75.1991429 39.9512689)
635029219,39.9438492,-75.1964649,3,traffic_signals,,POINT (-75.1964649 39.9438492)
635029561,39.9496624,-75.2004539,3,,,POINT (-75.2004539 39.9496624)
635029621,39.9503093,-75.1993178,3,,,POINT (-75.1993178 39.9503093)
635029649,39.9502238,-75.1993643,3,,,POINT (-75.1993643 39.9502238)
635029879,39.9516245,-75.1880359,3,,,POINT (-75.1880359 39.9516245)
635436816,39.9533161,-75.1898799,3,,,POINT (-75.1898799 39.9533161)
635436837,39.943969,-75.1924027,3,,,POINT (-75.1924027 39.943969)
635436851,39.9444226,-75.197712,3,,,POINT (-75.197712 39.9444226)
635436854,39.9452874,-75.1982681,3,,,POINT (-75.1982681 39.9452874)
635436869,39.9459224,-75.1980917,4,crossing,,POINT (-75.1980917 39.9459224)
635436878,39.9478093,-75.1937946,3,traffic_signals,,POINT (-75.1937946 39.9478093)
635436885,39.9487007,-75.1929281,4,traffic_signals,,POINT (-75.1929281 39.9487007)
635436891,39.9492573,-75.1930148,1,,,POINT (-75.1930148 39.9492573)
635436915,39.9477292,-75.1986925,4,traffic_signals,,POINT (-75.1986925 39.9477292)
635436927,39.9514672,-75.200773,4,traffic_signals,,POINT (-75.200773 39.9514672)
635436978,39.9488189,-75.1959955,3,,,POINT (-75.1959955 39.9488189)
635437339,39.949846,-75.1926339,3,,,POINT (-75.1926339 39.949846)
635437614,39.9466241,-75.1929058,3,traffic_signals,,POINT (-75.1929058 39.9466241)
635437635,39.9485907,-75.1924684,3,,,POINT (-75.1924684 39.9485907)
635437656,39.9479617,-75.1934566,3,,,POINT (-75.1934566 39.9479617)
635437805,39.9462688,-75.1970455,3,traffic_signals,,POINT (-75.1970455 39.9462688)
635438204,39.9494411,-75.1926666,3,,,POINT (-75.1926666 39.9494411)
635438209,39.9496392,-75.1925224,3,,,POINT (-75.1925224 39.9496392)
635438229,39.9502699,-75.1919365,3,,,POINT (-75.1919365 39.9502699)
635438230,39.9503582,-75.19252,4,,,POINT (-75.19252 39.9503582)
637595514,39.9444487,-75.1948032,3,,,POINT (-75.1948032 39.9444487)
736999569,39.9456985,-75.1952006,3,traffic_signals,,POINT (-75.1952006 39.9456985)
737009378,39.9495937,-75.1996707,4,,,POINT (-75.1996707 39.9495937)
780922531,39.9518485,-75.1856209,4,stop,,POINT (-75.1856209 39.9518485)
780922534,39.951659,-75.1841024,3,,,POINT (-75.1841024 39.951659)
842936954,39.9500889,-75.1985222,3,,,POINT (-75.1985222 39.9500889)
1155472612,39.9521963,-75.2011469,3,,,POINT (-75.2011469 39.9521963)
1155472629,39.9540194,-75.2017236,3,,,POINT (-75.2017236 39.9540194)
1155472699,39.9524356,-75.2009351,4,,,POINT (-75.2009351 39.9524356)
1155472825,39.9528281,-75.2010653,3,,,POINT (-75.2010653 39.9528281)
1155472827,39.9521787,-75.2006223,3,,,POINT (-75.2006223 39.9521787)
1155472910,39.9534754,-75.2009354,3,,,POINT (-75.2009354 39.9534754)
1155472924,39.9529764,-75.2007007,4,,,POINT (-75.2007007 39.9529764)
1155472949,39.9523074,-75.2011598,4,,,POINT (-75.2011598 39.9523074)
1155472965,39.9527784,-75.2012448,3,,,POINT (-75.2012448 39.9527784)
1155473014,39.952597,-75.200657,3,,,POINT (-75.200657 39.952597)
1155473018,39.9522152,-75.2013027,4,,,POINT (-75.2013027 39.9522152)
1155473114,39.9521787,-75.201002,3,,,POINT (-75.201002 39.9521787)
1155473163,39.952212,-75.2014094,4,,,POINT (-75.2014094 39.952212)
1155473165,39.9527146,-75.2012432,3,,,POINT (-75.2012432 39.9527146)
1155473170,39.9523618,-75.2008483,4,,,POINT (-75.2008483 39.9523618)
1473110104,39.953507,-75.2036448,3,,,POINT (-75.2036448 39.953507)
1612613251,39.9511295,-75.1945775,3,,,POINT (-75.1945775 39.9511295)
1612613263,39.9522671,-75.1934681,4,,,POINT (-75.1934681 39.9522671)
1612613267,39.9523841,-75.193156,3,,,POINT (-75.193156 39.9523841)
1612652954,39.9495211,-75.1868638,3,,,POINT (-75.1868638 39.9495211)
1612652972,39.9477872,-75.1899744,3,,,POINT (-75.1899744 39.9477872)
1612652984,39.9497748,-75.1872236,3,,,POINT (-75.1872236 39.9497748)
1612653006,39.9497067,-75.1856624,3,,,POINT (-75.1856624 39.9497067)
1644860054,39.9477595,-75.1939026,3,,,POINT (-75.1939026 39.9477595)
1658147652,39.9535634,-75.2009812,3,,,POINT (-75.2009812 39.9535634)
1658147654,39.9534891,-75.2003563,3,,,POINT (-75.2003563 39.9534891)
1684000543,39.9523377,-75.194065,3,,,POINT (-75.194065 39.9523377)
1684000552,39.9524376,-75.1930133,4,,,POINT (-75.1930133 39.9524376)
1684000554,39.9519174,-75.1944013,6,,,POINT (-75.1944013 39.9519174)
1684000560,39.951572,-75.1944908,3,,,POINT (-75.1944908 39.951572)
1684000579,39.9516934,-75.1950065,3,,,POINT (-75.1950065 39.9516934)
1684000583,39.9517767,-75.1923052,4,crossing,,POINT (-75.1923052 39.9517767)
1684000615,39.9513386,-75.1945365,3,,,POINT (-75.1945365 39.9513386)
1684000636,39.9512255,-75.1952025,3,,,POINT (-75.1952025 39.9512255)
1684021442,39.952247,-75.1915493,3,,,POINT (-75.1915493 39.952247)
1684021445,39.9515645,-75.1916931,4,,,POINT (-75.1916931 39.9515645)
1684021492,39.9523889,-75.1981461,4,,,POINT (-75.1981461 39.9523889)
1684021508,39.9514723,-75.1909302,3,,,POINT (-75.1909302 39.9514723)
1684021518,39.951562,-75.1956678,3,,,POINT (-75.1956678 39.951562)
1684021551,39.9511533,-75.1969413,4,,,POINT (-75.1969413 39.9511533)
1684021557,39.9515933,-75.191926,3,,,POINT (-75.191926 39.9515933)
1684021559,39.9510189,-75.19147,3,,,POINT (-75.19147 39.9510189)
1684021562,39.9511063,-75.190783,3,,,POINT (-75.190783 39.9511063)
1684021602,39.9520552,-75.1935278,3,,,POINT (-75.1935278 39.9520552)
1684045365,39.9493008,-75.1883388,3,,,POINT (-75.1883388 39.9493008)
1684045399,39.9493413,-75.1866231,3,,,POINT (-75.1866231 39.9493413)
1688839888,39.9520411,-75.2022318,3,,,POINT (-75.2022318 39.9520411)
1688839941,39.9521068,-75.2014303,3,,,POINT (-75.2014303 39.9521068)
1688839952,39.9525568,-75.1926952,3,,,POINT (-75.1926952 39.9525568)
1688839978,39.9519848,-75.2018067,3,,,POINT (-75.2018067 39.9519848)
1688862326,39.9538034,-75.1874589,4,traffic_signals,,POINT (-75.1874589 39.9538034)
1688862359,39.9550838,-75.1916389,4,,,POINT (-75.1916389 39.9550838)
1688862388,39.9535328,-75.1852752,3,traffic_signals,,POINT (-75.1852752 39.9535328)
1688862421,39.9509333,-75.2008759,3,,,POINT (-75.2008759 39.9509333)
1688862452,39.9543428,-75.1917967,4,traffic_signals,,POINT (-75.1917967 39.9543428)
1688862493,39.9540834,-75.1897203,4,traffic_signals,,POINT (-75.1897203 39.9540834)
1688871955,39.9531402,-75.2041155,3,,,POINT (-75.2041155 39.9531402)
1746751024,39.9540473,-75.1958457,3,,,POINT (-75.1958457 39.9540473)
1762667064,39.9523713,-75.1940987,3,,,POINT (-75.1940987 39.9523713)
1762669005,39.9504857,-75.2016494,3,,,POINT (-75.2016494 39.9504857)
1762669008,39.9510158,-75.2015445,3,,,POINT (-75.2015445 39.9510158)
1762669304,39.949436,-75.1904349,3,,,POINT (-75.1904349 39.949436)
1762669306,39.9496896,-75.1907932,3,,,POINT (-75.1907932 39.9496896)
1769666654,39.9521225,-75.1960133,3,,,POINT (-75.1960133 39.9521225)
1769666657,39.9527492,-75.196282,1,,,POINT (-75.196282 39.9527492)
1772840976,39.9518865,-75.1936765,3,,,POINT (-75.1936765 39.9518865)
1772840978,39.9520647,-75.193603,4,,,POINT (-75.193603 39.9520647)
1772840980,39.9520726,-75.1936708,3,,,POINT (-75.1936708 39.9520726)
2009287511,39.9516642,-75.191672,3,,,POINT (-75.191672 39.9516642)
2009287519,39.9522028,-75.1912014,1,,,POINT (-75.1912014 39.9522028)
2009287529,39.9497173,-75.1916788,4,,,POINT (-75.1916788 39.9497173)
2009287548,39.9521629,-75.1937462,3,,,POINT (-75.1937462 39.9521629)
2009287552,39.9515877,-75.1918804,3,,,POINT (-75.1918804 39.9515877)
2009287562,39.9499048,-75.1914423,3,,,POINT (-75.1914423 39.9499048)
2009287564,39.9527279,-75.1926694,3,,,POINT (-75.1926694 39.9527279)
2009287595,39.9496129,-75.1915304,4,,,POINT (-75.1915304 39.9496129)
2009287626,39.9498079,-75.1913045,3,,,POINT (-75.1913045 39.9498079)
2009387465,39.9525288,-75.1973254,1,,,POINT (-75.1973254 39.9525288)
2009387998,39.9522919,-75.1973738,3,,,POINT (-75.1973738 39.9522919)
2009472896,39.9482726,-75.1985595,3,,,POINT (-75.1985595 39.9482726)
2009472903,39.9479594,-75.1983338,1,,,POINT (-75.1983338 39.9479594)
2011484559,39.9499821,-75.1913679,3,,,POINT (-75.1913679 39.9499821)
2011484560,39.9498624,-75.1913821,3,,,POINT (-75.1913821 39.9498624)
2011484562,39.9520758,-75.1956302,3,,,POINT (-75.1956302 39.9520758)
2011484566,39.95244,-75.1949421,3,,,POINT (-75.1949421 39.95244)
2011484572,39.9525192,-75.1955218,4,,,POINT (-75.1955218 39.9525192)
2011484573,39.9498942,-75.1913465,3,,,POINT (-75.1913465 39.9498942)
2011484575,39.9498823,-75.1912272,3,,,POINT (-75.1912272 39.9498823)
2022187405,39.9492218,-75.1901318,3,,,POINT (-75.1901318 39.9492218)
2022187407,39.949309,-75.192621,3,,,POINT (-75.192621 39.949309)
2022187413,39.9480453,-75.1906329,3,traffic_signals,,POINT (-75.1906329 39.9480453)
2022187414,39.9484001,-75.1911189,3,,,POINT (-75.1911189 39.9484001)
2088893604,39.9519204,-75.1862159,3,,,POINT (-75.1862159 39.9519204)
2129462714,39.9549546,-75.2030151,3,,,POINT (-75.2030151 39.9549546)
2129462730,39.9546664,-75.200722,3,,,POINT (-75.200722 39.9546664)
2129462810,39.9547249,-75.2011863,3,,,POINT (-75.2011863 39.9547249)
2463845960,39.9509118,-75.2001958,1,,,POINT (-75.2001958 39.9509118)
2463845963,39.950768,-75.2009095,3,turning_loop,,POINT (-75.2009095 39.950768)
2463846730,39.9500703,-75.2006511,4,,,POINT (-75.2006511 39.9500703)
2613559877,39.947584,-75.1880419,3,,,POINT (-75.1880419 39.947584)
2613559885,39.9481346,-75.187559,3,,,POINT (-75.187559 39.9481346)
2613559895,39.9477657,-75.1884904,1,,,POINT (-75.1884904 39.9477657)
2680429755,39.9487338,-75.1960677,4,crossing,,POINT (-75.1960677 39.9487338)
2680429756,39.9487813,-75.195967,4,crossing,,POINT (-75.195967 39.9487813)
2680429757,39.9487434,-75.1961637,4,crossing,,POINT (-75.1961637 39.9487434)
2700414147,39.9552046,-75.1957296,3,,,POINT (-75.1957296 39.9552046)
2700414154,39.9550293,-75.1956235,3,,,POINT (-75.1956235 39.9550293)
2700414155,39.9554791,-75.1957921,1,,,POINT (-75.1957921 39.9554791)
2700414157,39.9553556,-75.1956984,3,,,POINT (-75.1956984 39.9553556)
2700414174,39.9549676,-75.1951635,1,,,POINT (-75.1951635 39.9549676)
2700414175,39.9550856,-75.1953878,3,,,POINT (-75.1953878 39.9550856)
2700414176,39.9552976,-75.1953472,1,,,POINT (-75.1953472 39.9552976)
2874643421,39.9496046,-75.200282,3,,,POINT (-75.200282 39.9496046)
3021180074,39.950083,-75.1862016,5,,,POINT (-75.1862016 39.950083)
3021180075,39.9509507,-75.1853272,4,,,POINT (-75.1853272 39.9509507)
3021180077,39.9501796,-75.1858502,3,,,POINT (-75.1858502 39.9501796)
3021180079,39.951183,-75.1856142,4,,,POINT (-75.1856142 39.951183)
3021180083,39.9507829,-75.1842902,4,,,POINT (-75.1842902 39.9507829)
3021180085,39.950728,-75.1841295,3,,,POINT (-75.1841295 39.950728)
3021180086,39.9515558,-75.1858327,3,,,POINT (-75.1858327 39.9515558)
3021180106,39.9501611,-75.1867112,5,,,POINT (-75.1867112 39.9501611)
3021180107,39.9498695,-75.1869169,3,,,POINT (-75.1869169 39.9498695)
3155752379,39.9521885,-75.1936781,3,,,POINT (-75.1936781 39.9521885)
3157340991,39.9502811,-75.1919424,3,,,POINT (-75.1919424 39.9502811)
3157340995,39.9495723,-75.1925875,3,,,POINT (-75.1925875 39.9495723)
3157340998,39.9490377,-75.1928178,3,,,POINT (-75.1928178 39.9490377)
3218353573,39.9516481,-75.2015183,3,,,POINT (-75.2015183 39.9516481)
3218353578,39.9517456,-75.202988,4,crossing,,POINT (-75.202988 39.9517456)
3218353583,39.9515568,-75.2007608,4,crossing,,POINT (-75.2007608 39.9515568)
3218353623,39.9520738,-75.2029353,3,,,POINT (-75.2029353 39.9520738)
3218353625,39.9516888,-75.2018574,3,,,POINT (-75.2018574 39.9516888)
3271765359,39.9509936,-75.1972489,3,,,POINT (-75.1972489 39.9509936)
3271967261,39.9501914,-75.1974341,1,,,POINT (-75.1974341 39.9501914)
3271967263,39.9502492,-75.1974225,3,,,POINT (-75.1974225 39.9502492)
3271967264,39.950222,-75.197428,3,,,POINT (-75.197428 39.950222)
3271967266,39.9507123,-75.1973291,4,,,POINT (-75.1973291 39.9507123)
3271967269,39.9503516,-75.1984403,3,,,POINT (-75.1984403 39.9503516)
3271967270,39.9505229,-75.1980504,3,,,POINT (-75.1980504 39.9505229)
3271967271,39.9502974,-75.1980167,3,,,POINT (-75.1980167 39.9502974)
3271967272,39.9505987,-75.1978046,3,,,POINT (-75.1978046 39.9505987)
3271967273,39.9502263,-75.1974613,3,,,POINT (-75.1974613 39.9502263)
3271967276,39.9506585,-75.1967719,3,,,POINT (-75.1967719 39.9506585)
3271967281,39.9501843,-75.1968734,3,,,POINT (-75.1968734 39.9501843)
3271967283,39.9503851,-75.1965498,4,,,POINT (-75.1965498 39.9503851)
3271967284,39.9503421,-75.1960386,3,,,POINT (-75.1960386 39.9503421)
3271967285,39.9503061,-75.1957516,4,,,POINT (-75.1957516 39.9503061)
3271967286,39.9505253,-75.1957066,4,,,POINT (-75.1957066 39.9505253)
3271967287,39.9505613,-75.1959952,4,,,POINT (-75.1959952 39.9505613)
3271967288,39.9504333,-75.1958733,4,,,POINT (-75.1958733 39.9504333)
3271967296,39.9501211,-75.195824,3,,,POINT (-75.195824 39.9501211)
3271967307,39.9500871,-75.1960668,3,,,POINT (-75.1960668 39.9500871)
3271967321,39.9501896,-75.1969237,3,,,POINT (-75.1969237 39.9501896)
3271967322,39.9506658,-75.1968301,3,,,POINT (-75.1968301 39.9506658)
3271967324,39.9501219,-75.1963634,4,,,POINT (-75.1963634 39.9501219)
3271967325,39.9505933,-75.1962511,4,,,POINT (-75.1962511 39.9505933)
3272478890,39.9525748,-75.1959184,4,,,POINT (-75.1959184 39.9525748)
3272478891,39.9511008,-75.1972267,4,,,POINT (-75.1972267 39.9511008)
3272478892,39.9510296,-75.1972413,4,crossing,,POINT (-75.1972413 39.9510296)
3272478894,39.9510706,-75.1969562,3,,,POINT (-75.1969562 39.9510706)
3355024548,39.9499247,-75.1858314,3,,,POINT (-75.1858314 39.9499247)
3355024552,39.950266,-75.1866093,3,,,POINT (-75.1866093 39.950266)
3355024554,39.9505329,-75.187047,3,,,POINT (-75.187047 39.9505329)
3355024558,39.9502079,-75.1877409,3,,,POINT (-75.1877409 39.9502079)
3355024563,39.949793,-75.184973,3,,,POINT (-75.184973 39.949793)
3355718416,39.9510254,-75.1898701,3,,,POINT (-75.1898701 39.9510254)
3355718417,39.951436,-75.1903926,3,,,POINT (-75.1903926 39.951436)
3355718418,39.9511887,-75.1900862,4,,,POINT (-75.1900862 39.9511887)
3355718419,39.9514523,-75.1900175,3,,,POINT (-75.1900175 39.9514523)
3355718422,39.951648,-75.1896314,4,,,POINT (-75.1896314 39.951648)
3355718426,39.9511755,-75.1892586,4,,,POINT (-75.1892586 39.9511755)
3355718431,39.9506986,-75.189378,3,,,POINT (-75.189378 39.9506986)
3355718433,39.9516978,-75.1891513,4,,,POINT (-75.1891513 39.9516978)
3355718439,39.9503532,-75.1885661,3,,,POINT (-75.1885661 39.9503532)
3355718442,39.9501483,-75.1885294,4,,,POINT (-75.1885294 39.9501483)
3355718443,39.9503326,-75.1890443,3,,,POINT (-75.1890443 39.9503326)
3355718444,39.9500045,-75.1886081,3,,,POINT (-75.1886081 39.9500045)
3355718452,39.9489567,-75.1897758,4,crossing,,POINT (-75.1897758 39.9489567)
3370980183,39.9542708,-75.1975273,4,crossing,,POINT (-75.1975273 39.9542708)
3370980184,39.9524901,-75.1928731,3,,,POINT (-75.1928731 39.9524901)
3370981294,39.9522098,-75.1912562,3,,,POINT (-75.1912562 39.9522098)
3370981295,39.9527096,-75.1911433,3,,,POINT (-75.1911433 39.9527096)
3370981296,39.9530582,-75.1910718,1,,,POINT (-75.1910718 39.9530582)
3370981302,39.9535154,-75.1942976,3,,,POINT (-75.1942976 39.9535154)
3370981304,39.9523428,-75.1977792,3,,,POINT (-75.1977792 39.9523428)
3370981305,39.9527053,-75.1977065,3,,,POINT (-75.1977065 39.9527053)
3370981308,39.9527007,-75.1976616,1,,,POINT (-75.1976616 39.9527007)
3404380821,39.9523069,-75.1832442,1,elevator,,POINT (-75.1832442 39.9523069)
3404793670,39.9463612,-75.1908429,3,,,POINT (-75.1908429 39.9463612)
3404793674,39.947199,-75.1899182,1,,,POINT (-75.1899182 39.947199)
3404793692,39.9459299,-75.1902383,3,,,POINT (-75.1902383 39.9459299)
3404793764,39.9445422,-75.1965323,3,,,POINT (-75.1965323 39.9445422)
3518320341,39.9502777,-75.1924393,3,,,POINT (-75.1924393 39.9502777)
3518320347,39.950201,-75.1922412,3,,,POINT (-75.1922412 39.950201)
3551813855,39.9480712,-75.1932336,3,,,POINT (-75.1932336 39.9480712)
3551813858,39.9468167,-75.1960304,3,traffic_signals,,POINT (-75.1960304 39.9468167)
3551813859,39.9472803,-75.1949682,4,traffic_signals,,POINT (-75.1949682 39.9472803)
3551813860,39.946111,-75.19788,3,,,POINT (-75.19788 39.946111)
3551813861,39.9463788,-75.1970201,3,traffic_signals,,POINT (-75.1970201 39.9463788)
3559047642,39.9521818,-75.1869096,3,,,POINT (-75.1869096 39.9521818)
3559047643,39.9526143,-75.1868149,1,,,POINT (-75.1868149 39.9526143)
3559047644,39.9521682,-75.1868084,3,,,POINT (-75.1868084 39.9521682)
3559047653,39.9534414,-75.1860067,4,,,POINT (-75.1860067 39.9534414)
3559047659,39.951508,-75.1854565,3,,,POINT (-75.1854565 39.951508)
3559047660,39.9513427,-75.1841834,3,,,POINT (-75.1841834 39.9513427)
3559047662,39.9513418,-75.1854932,3,,,POINT (-75.1854932 39.9513418)
3559047663,39.9518197,-75.185388,3,,,POINT (-75.185388 39.9518197)
3559047664,39.9516661,-75.1854229,3,,,POINT (-75.1854229 39.9516661)
3559047665,39.9515039,-75.1841455,3,,,POINT (-75.1841455 39.9515039)
3559370522,39.9497862,-75.2007053,3,,,POINT (-75.2007053 39.9497862)
3559370581,39.9530502,-75.2028336,4,crossing,,POINT (-75.2028336 39.9530502)
3559370582,39.9529931,-75.2029362,4,crossing,,POINT (-75.2029362 39.9529931)
3559370583,39.9528815,-75.2020592,3,,,POINT (-75.2020592 39.9528815)
3559370584,39.9522854,-75.2021836,4,crossing,,POINT (-75.2021836 39.9522854)
3563991851,39.9526158,-75.201223,3,,,POINT (-75.201223 39.9526158)
3563991852,39.9525684,-75.2012325,3,,,POINT (-75.2012325 39.9525684)
3563991854,39.952803,-75.2014392,3,,,POINT (-75.2014392 39.952803)
3563991857,39.9530052,-75.2004564,3,,,POINT (-75.2004564 39.9530052)
3563991858,39.9529819,-75.2002257,3,,,POINT (-75.2002257 39.9529819)
3563991860,39.952885,-75.1998048,1,,,POINT (-75.1998048 39.952885)
3563991862,39.9531533,-75.2002644,3,,,POINT (-75.2002644 39.9531533)
3563991863,39.9531762,-75.200421,3,,,POINT (-75.200421 39.9531762)
3563991864,39.9532718,-75.2002358,1,,,POINT (-75.2002358 39.9532718)
3563991870,39.9545777,-75.2000163,4,crossing,,POINT (-75.2000163 39.9545777)
3563991871,39.9545883,-75.2001008,4,,,POINT (-75.2001008 39.9545883)
3564863825,39.9517013,-75.1976678,3,,,POINT (-75.1976678 39.9517013)
3564863826,39.9518775,-75.1976256,1,,,POINT (-75.1976256 39.9518775)
3564863827,39.9519089,-75.1974576,1,,,POINT (-75.1974576 39.9519089)
3564863828,39.9518592,-75.1970733,3,,,POINT (-75.1970733 39.9518592)
3564863837,39.9516427,-75.1979925,3,,,POINT (-75.1979925 39.9516427)
3564863838,39.9516807,-75.1982946,3,,,POINT (-75.1982946 39.9516807)
3564863891,39.9490442,-75.1915318,1,,,POINT (-75.1915318 39.9490442)
3564863906,39.9488079,-75.1928933,4,crossing,,POINT (-75.1928933 39.9488079)
3564863907,39.9486737,-75.1927578,4,crossing,,POINT (-75.1927578 39.9486737)
3564863918,39.9502813,-75.1916265,4,crossing,,POINT (-75.1916265 39.9502813)
3564863919,39.9504441,-75.192501,4,crossing,,POINT (-75.192501 39.9504441)
3564863920,39.950246,-75.1918222,4,crossing,,POINT (-75.1918222 39.950246)
3564863921,39.95035,-75.1918425,4,crossing,,POINT (-75.1918425 39.95035)
3564863922,39.950469,-75.1926944,4,crossing,,POINT (-75.1926944 39.950469)
3564863923,39.9505403,-75.1925605,4,crossing,,POINT (-75.1925605 39.9505403)
3567693973,39.9535928,-75.1920652,4,crossing,,POINT (-75.1920652 39.9535928)
3651193538,39.951377,-75.1866415,3,,,POINT (-75.1866415 39.951377)
4476162717,39.95351,-75.1975924,3,,,POINT (-75.1975924 39.95351)
4476162719,39.9535481,-75.1986728,4,crossing,,POINT (-75.1986728 39.9535481)
4476162720,39.9535646,-75.1988056,4,crossing,,POINT (-75.1988056 39.9535646)
4476162723,39.9536236,-75.1985318,4,crossing,,POINT (-75.1985318 39.9536236)
4476162724,39.9536389,-75.1986529,4,,,POINT (-75.1986529 39.9536389)
4476162725,39.9536563,-75.1987876,4,,,POINT (-75.1987876 39.9536563)
4476162726,39.953673,-75.1989051,4,crossing,,POINT (-75.1989051 39.953673)
4476162727,39.9537178,-75.1986374,4,crossing,,POINT (-75.1986374 39.9537178)
4476162728,39.9537334,-75.1987715,4,crossing,,POINT (-75.1987715 39.9537334)
4476162731,39.9538274,-75.2001637,4,crossing,,POINT (-75.2001637 39.9538274)
4476162732,39.9538536,-75.2003615,4,crossing,,POINT (-75.2003615 39.9538536)
4476162733,39.9539184,-75.2002437,4,crossing,,POINT (-75.2002437 39.9539184)
4476162736,39.9540315,-75.2026259,4,crossing,,POINT (-75.2026259 39.9540315)
4476162739,39.9541157,-75.2024937,4,crossing,,POINT (-75.2024937 39.9541157)
4476162740,39.954142,-75.2026931,4,crossing,,POINT (-75.2026931 39.954142)
4476162741,39.9542135,-75.2025878,4,crossing,,POINT (-75.2025878 39.9542135)
4476162742,39.9542295,-75.2034005,3,,,POINT (-75.2034005 39.9542295)
4476162745,39.9543744,-75.1983823,4,crossing,,POINT (-75.1983823 39.9543744)
4476162746,39.9543884,-75.1984979,3,,,POINT (-75.1984979 39.9543884)
4476162747,39.954404,-75.1986299,3,,,POINT (-75.1986299 39.954404)
4476162748,39.9544177,-75.1987435,4,crossing,,POINT (-75.1987435 39.9544177)
4477512469,39.9518138,-75.183981,4,crossing,,POINT (-75.183981 39.9518138)
4477512470,39.9518396,-75.1841814,4,crossing,,POINT (-75.1841814 39.9518396)
4477512471,39.9519036,-75.1840501,4,crossing,,POINT (-75.1840501 39.9519036)
4477512476,39.9523607,-75.1878521,3,,,POINT (-75.1878521 39.9523607)
4477512477,39.9524772,-75.1900588,4,crossing,,POINT (-75.1900588 39.9524772)
4477512480,39.9525126,-75.1877713,3,,,POINT (-75.1877713 39.9525126)
4477512481,39.9525561,-75.189901,4,crossing,,POINT (-75.189901 39.9525561)
4477512482,39.9525811,-75.1901423,4,crossing,,POINT (-75.1901423 39.9525811)
4477512486,39.952643,-75.1900228,4,crossing,,POINT (-75.1900228 39.952643)
4477512488,39.9527316,-75.1921041,4,crossing,,POINT (-75.1921041 39.9527316)
4477512893,39.9528172,-75.192,4,crossing,,POINT (-75.192 39.9528172)
4477512894,39.9528435,-75.1922257,4,crossing,,POINT (-75.1922257 39.9528435)
4477512897,39.9529143,-75.1920679,4,crossing,,POINT (-75.1920679 39.9529143)
4477512903,39.9530246,-75.1936677,3,,,POINT (-75.1936677 39.9530246)
4477512906,39.9530848,-75.1941494,3,,,POINT (-75.1941494 39.9530848)
4477512913,39.9531526,-75.1947051,4,crossing,,POINT (-75.1947051 39.9531526)
4477512914,39.9531752,-75.1948782,4,crossing,,POINT (-75.1948782 39.9531752)
4477512918,39.9532332,-75.1953682,3,,,POINT (-75.1953682 39.9532332)
4477512919,39.9532339,-75.1947703,4,crossing,,POINT (-75.1947703 39.9532339)
4477512920,39.9532523,-75.183758,4,crossing,,POINT (-75.183758 39.9532523)
4477512922,39.9533233,-75.183632,4,crossing,,POINT (-75.183632 39.9533233)
4477512925,39.953397,-75.196685,4,crossing,,POINT (-75.196685 39.953397)
4477512926,39.953417,-75.1968515,4,crossing,,POINT (-75.1968515 39.953417)
4477512927,39.9534525,-75.1852918,4,crossing,,POINT (-75.1852918 39.9534525)
4477512929,39.9534765,-75.1967458,4,crossing,,POINT (-75.1967458 39.9534765)
4477512931,39.9535408,-75.1853446,4,crossing,,POINT (-75.1853446 39.9535408)
4477512932,39.9536183,-75.185966,3,,,POINT (-75.185966 39.9536183)
4477512934,39.9537267,-75.1875072,4,crossing,,POINT (-75.1875072 39.9537267)
4477512936,39.9537854,-75.1873012,4,crossing,,POINT (-75.1873012 39.9537854)
4477512939,39.9539532,-75.1897469,4,crossing,,POINT (-75.1897469 39.9539532)
4477512941,39.9540998,-75.1898494,4,crossing,,POINT (-75.1898494 39.9540998)
4477512943,39.9542589,-75.191813,4,crossing,,POINT (-75.191813 39.9542589)
4477512944,39.954331,-75.1917027,4,crossing,,POINT (-75.1917027 39.954331)
4477512945,39.954351,-75.1918708,4,crossing,,POINT (-75.1918708 39.954351)
4477512946,39.9544232,-75.1917793,4,crossing,,POINT (-75.1917793 39.9544232)
4477512947,39.9545787,-75.1944846,4,crossing,,POINT (-75.1944846 39.9545787)
4477512948,39.9546494,-75.1943794,4,crossing,,POINT (-75.1943794 39.9546494)
4477512949,39.9546609,-75.1944684,4,traffic_signals,,POINT (-75.1944684 39.9546609)
4477512950,39.9546734,-75.1945692,4,crossing,,POINT (-75.1945692 39.9546734)
4477512952,39.9547206,-75.1955985,4,crossing,,POINT (-75.1955985 39.9547206)
4477512953,39.9547533,-75.194448,4,crossing,,POINT (-75.194448 39.9547533)
4477512954,39.9547982,-75.1955828,3,,,POINT (-75.1955828 39.9547982)
4477512955,39.9548121,-75.195696,3,,,POINT (-75.195696 39.9548121)
4477512956,39.9548335,-75.1964618,4,crossing,,POINT (-75.1964618 39.9548335)
4477512957,39.9548958,-75.1963599,4,crossing,,POINT (-75.1963599 39.9548958)
4477512958,39.9549174,-75.1965318,4,crossing,,POINT (-75.1965318 39.9549174)
4477512962,39.9554297,-75.1943998,4,crossing,,POINT (-75.1943998 39.9554297)
4550404641,39.9533147,-75.1960153,3,,,POINT (-75.1960153 39.9533147)
4561576597,39.9500937,-75.1875136,4,,,POINT (-75.1875136 39.9500937)
4682320384,39.95289,-75.19985,3,,,POINT (-75.19985 39.95289)
4682320385,39.9526086,-75.199902,3,,,POINT (-75.199902 39.9526086)
4696697585,39.953464,-75.1853924,3,,,POINT (-75.1853924 39.953464)
4696697589,39.9532392,-75.1836486,4,,,POINT (-75.1836486 39.9532392)
4696697592,39.9537012,-75.1873166,3,,,POINT (-75.1873166 39.9537012)
4696697598,39.9533046,-75.1897889,4,,,POINT (-75.1897889 39.9533046)
4696697599,39.9539673,-75.1898588,3,,,POINT (-75.1898588 39.9539673)
4696697603,39.9540064,-75.1898549,4,,,POINT (-75.1898549 39.9540064)
4696697645,39.9550727,-75.1915471,4,crossing,,POINT (-75.1915471 39.9550727)
4696697659,39.9544125,-75.1916864,4,,,POINT (-75.1916864 39.9544125)
4696697665,39.9549314,-75.1904047,3,,,POINT (-75.1904047 39.9549314)
4696697666,39.9548881,-75.1904149,4,,,POINT (-75.1904149 39.9548881)
4696697671,39.9548678,-75.1902419,4,,,POINT (-75.1902419 39.9548678)
4696697673,39.9542473,-75.1917188,4,,,POINT (-75.1917188 39.9542473)
4696697674,39.9542667,-75.1918873,4,,,POINT (-75.1918873 39.9542667)
4696697677,39.9536416,-75.1920577,3,,,POINT (-75.1920577 39.9536416)
4696697678,39.9539475,-75.1945369,3,,,POINT (-75.1945369 39.9539475)
4696697679,39.9535542,-75.1920714,3,,,POINT (-75.1920714 39.9535542)
4696697682,39.9532947,-75.1920934,4,crossing,,POINT (-75.1920934 39.9532947)
4696697685,39.9529292,-75.1922111,3,,,POINT (-75.1922111 39.9529292)
4696697686,39.9529048,-75.191983,5,,,POINT (-75.191983 39.9529048)
4696697687,39.9527209,-75.1920199,4,,,POINT (-75.1920199 39.9527209)
4696697688,39.9527415,-75.1922011,5,,,POINT (-75.1922011 39.9527415)
4696697689,39.9529323,-75.1922369,3,,,POINT (-75.1922369 39.9529323)
4696697690,39.9527846,-75.1925492,3,,,POINT (-75.1925492 39.9527846)
4696697692,39.953102,-75.1936517,4,,,POINT (-75.1936517 39.953102)
4696697693,39.9531599,-75.1941345,4,,,POINT (-75.1941345 39.9531599)
4696697694,39.9532267,-75.1946916,4,,,POINT (-75.1946916 39.9532267)
4696697696,39.9538551,-75.1945587,3,,,POINT (-75.1945587 39.9538551)
4696697698,39.9537181,-75.1934254,4,crossing,,POINT (-75.1934254 39.9537181)
4696697699,39.9539015,-75.1945477,4,crossing,,POINT (-75.1945477 39.9539015)
4696697700,39.9538409,-75.1945628,3,,,POINT (-75.1945628 39.9538409)
4696697701,39.9538506,-75.1946403,4,crossing,,POINT (-75.1946403 39.9538506)
4696697702,39.9538604,-75.1947187,3,,,POINT (-75.1947187 39.9538604)
4696697703,39.9532465,-75.1948619,4,,,POINT (-75.1948619 39.9532465)
4696697704,39.9530524,-75.1947273,3,,,POINT (-75.1947273 39.9530524)
4696697705,39.9530753,-75.1948993,3,,,POINT (-75.1948993 39.9530753)
4696697706,39.9530624,-75.1948071,4,,,POINT (-75.1948071 39.9530624)
4696697707,39.9539042,-75.1947082,4,crossing,,POINT (-75.1947082 39.9539042)
4696697708,39.9539475,-75.1946976,3,,,POINT (-75.1946976 39.9539475)
4696697709,39.9545888,-75.1945762,3,,,POINT (-75.1945762 39.9545888)
4696697710,39.9545751,-75.1944104,4,,,POINT (-75.1944104 39.9545751)
4696697711,39.9547663,-75.1945524,3,,,POINT (-75.1945524 39.9547663)
4696697724,39.9514017,-75.1905289,4,,,POINT (-75.1905289 39.9514017)
4696697727,39.9511202,-75.1901712,3,,,POINT (-75.1901712 39.9511202)
4696697728,39.9507564,-75.1896327,3,,,POINT (-75.1896327 39.9507564)
4696697731,39.9508199,-75.1895607,3,,,POINT (-75.1895607 39.9508199)
4696697732,39.950461,-75.189224,3,,,POINT (-75.189224 39.950461)
4696697742,39.9514777,-75.1902107,3,,,POINT (-75.1902107 39.9514777)
4696697743,39.9513266,-75.1903973,4,,,POINT (-75.1903973 39.9513266)
4696697744,39.9513814,-75.1903331,4,,,POINT (-75.1903331 39.9513814)
4696697750,39.9518116,-75.1900788,4,,,POINT (-75.1900788 39.9518116)
4696697753,39.9526253,-75.189888,4,,,POINT (-75.189888 39.9526253)
4696697755,39.9524569,-75.1899229,4,,,POINT (-75.1899229 39.9524569)
4696697756,39.9526563,-75.1901242,4,,,POINT (-75.1901242 39.9526563)
4696697757,39.9524932,-75.1901657,4,,,POINT (-75.1901657 39.9524932)
4696697766,39.9535384,-75.1859847,4,,,POINT (-75.1859847 39.9535384)
4709400674,39.9528253,-75.1954547,3,,,POINT (-75.1954547 39.9528253)
4709400676,39.9527552,-75.1948737,3,,,POINT (-75.1948737 39.9527552)
4709403295,39.952665,-75.1993091,4,,,POINT (-75.1993091 39.952665)
4709403308,39.9531368,-75.1988981,3,,,POINT (-75.1988981 39.9531368)
4775923194,39.9500568,-75.2012633,4,crossing,,POINT (-75.2012633 39.9500568)
4775923195,39.9500496,-75.2012116,4,,,POINT (-75.2012116 39.9500496)
4775923197,39.9477914,-75.1987175,4,crossing,,POINT (-75.1987175 39.9477914)
4775923203,39.9499982,-75.2012826,3,,,POINT (-75.2012826 39.9499982)
4775923204,39.9499788,-75.2012026,4,crossing,,POINT (-75.2012026 39.9499788)
4775923528,39.949801,-75.2007352,3,,,POINT (-75.2007352 39.949801)
4775923548,39.9503255,-75.1994114,4,crossing,,POINT (-75.1994114 39.9503255)
4775923555,39.9503457,-75.1995283,4,crossing,,POINT (-75.1995283 39.9503457)
4775923565,39.949595,-75.1998459,4,crossing,,POINT (-75.1998459 39.949595)
4775923571,39.949542,-75.1996647,4,crossing,,POINT (-75.1996647 39.949542)
4775923574,39.9493117,-75.1995933,3,,,POINT (-75.1995933 39.9493117)
4775923576,39.9491313,-75.1994579,4,crossing,,POINT (-75.1994579 39.9491313)
4775923583,39.9481689,-75.1988717,3,,,POINT (-75.1988717 39.9481689)
4777004985,39.9512499,-75.1990113,4,crossing,,POINT (-75.1990113 39.9512499)
4777004986,39.9513044,-75.1993963,4,crossing,,POINT (-75.1993963 39.9513044)
4777004987,39.9513817,-75.2007843,4,crossing,,POINT (-75.2007843 39.9513817)
4777004988,39.9512874,-75.1992796,4,,,POINT (-75.1992796 39.9512874)
4777004990,39.9513599,-75.1991212,4,crossing,,POINT (-75.1991212 39.9513599)
4777004991,39.9513746,-75.199256,4,crossing,,POINT (-75.199256 39.9513746)
4941815455,39.9550232,-75.1915588,3,,,POINT (-75.1915588 39.9550232)
5074797392,39.952382,-75.202973,3,,,POINT (-75.202973 39.952382)
5074797395,39.9523187,-75.2024554,3,,,POINT (-75.2024554 39.9523187)
5074797397,39.9520411,-75.2022868,3,,,POINT (-75.2022868 39.9520411)
5515173155,39.9529958,-75.1948215,3,,,POINT (-75.1948215 39.9529958)
5515173159,39.9527806,-75.1948682,3,,,POINT (-75.1948682 39.9527806)
5515173164,39.9525018,-75.1931293,1,,,POINT (-75.1931293 39.9525018)
5562182712,39.9531731,-75.1992409,3,,,POINT (-75.1992409 39.9531731)
5562182713,39.9530681,-75.1992629,1,,,POINT (-75.1992629 39.9530681)
5562182716,39.9536804,-75.1989724,3,,,POINT (-75.1989724 39.9536804)
5562182831,39.9542748,-75.1995586,1,,,POINT (-75.1995586 39.9542748)
5562182833,39.9541309,-75.1993883,1,,,POINT (-75.1993883 39.9541309)
5562182839,39.9544388,-75.1989114,3,,,POINT (-75.1989114 39.9544388)
5562182840,39.9541474,-75.1989242,1,,,POINT (-75.1989242 39.9541474)
5562182841,39.9544327,-75.1988627,3,,,POINT (-75.1988627 39.9544327)
5562182855,39.9512039,-75.2003615,1,,,POINT (-75.2003615 39.9512039)
5562182856,39.9512602,-75.2008091,3,,,POINT (-75.2008091 39.9512602)
5562182857,39.9510449,-75.2003939,1,,,POINT (-75.2003939 39.9510449)
5562182858,39.9511001,-75.2008418,3,,,POINT (-75.2008418 39.9511001)
5562182882,39.9539251,-75.2042125,1,,,POINT (-75.2042125 39.9539251)
5562182883,39.9535816,-75.2042817,3,,,POINT (-75.2042817 39.9535816)
5562182884,39.9537146,-75.2041224,1,,,POINT (-75.2041224 39.9537146)
5562182888,39.9542882,-75.2038656,3,,,POINT (-75.2038656 39.9542882)
5617068061,39.9549102,-75.1902336,3,,,POINT (-75.1902336 39.9549102)
5666171748,39.9468348,-75.1959886,3,,,POINT (-75.1959886 39.9468348)
5947511625,39.9492554,-75.1867116,3,,,POINT (-75.1867116 39.9492554)
5947511629,39.9505912,-75.1855585,3,,,POINT (-75.1855585 39.9505912)
5947511631,39.9505902,-75.1854313,1,,,POINT (-75.1854313 39.9505902)
5947511632,39.95022,-75.1917105,4,,,POINT (-75.1917105 39.95022)
5947511633,39.9496273,-75.1908687,4,,,POINT (-75.1908687 39.9496273)
5947511634,39.9493734,-75.1905085,4,,,POINT (-75.1905085 39.9493734)
5947511635,39.9491561,-75.1902048,4,,,POINT (-75.1902048 39.9491561)
5947511638,39.9481054,-75.1907159,3,,,POINT (-75.1907159 39.9481054)
5947511642,39.9483546,-75.1909526,1,,,POINT (-75.1909526 39.9483546)
5947511667,39.9504352,-75.1917294,3,,,POINT (-75.1917294 39.9504352)
5947511668,39.9488872,-75.1898622,3,,,POINT (-75.1898622 39.9488872)
5947512996,39.9509558,-75.1869487,3,,,POINT (-75.1869487 39.9509558)
5947512999,39.9535217,-75.1865696,1,,,POINT (-75.1865696 39.9535217)
5947513000,39.9497759,-75.1923616,3,,,POINT (-75.1923616 39.9497759)
5947513003,39.9494984,-75.1920529,1,,,POINT (-75.1920529 39.9494984)
5947574180,39.9500139,-75.201187,3,,,POINT (-75.201187 39.9500139)
5947575787,39.9505552,-75.2016351,4,,,POINT (-75.2016351 39.9505552)
5947575790,39.9498483,-75.2006935,4,,,POINT (-75.2006935 39.9498483)
5947575799,39.950228,-75.1996966,3,,,POINT (-75.1996966 39.950228)
5947575800,39.9503627,-75.1996414,4,,,POINT (-75.1996414 39.9503627)
5947575813,39.9509725,-75.2015491,4,,,POINT (-75.2015491 39.9509725)
5947575814,39.9509055,-75.201007,1,,,POINT (-75.201007 39.9509055)
5947653503,39.951115,-75.1924467,3,,,POINT (-75.1924467 39.951115)
5947653504,39.9511896,-75.1929787,1,,,POINT (-75.1929787 39.9511896)
5947653532,39.951726,-75.1838928,3,,,POINT (-75.1838928 39.951726)
5947653537,39.9526116,-75.1911654,4,,,POINT (-75.1911654 39.9526116)
5947653539,39.9523207,-75.1921302,4,,,POINT (-75.1921302 39.9523207)
5947653540,39.9517688,-75.1922457,4,,,POINT (-75.1922457 39.9517688)
5947653541,39.9505317,-75.1925008,3,,,POINT (-75.1925008 39.9505317)
5947653542,39.9508034,-75.1913063,4,,,POINT (-75.1913063 39.9508034)
5947653543,39.9509466,-75.1911379,3,,,POINT (-75.1911379 39.9509466)
5947653544,39.9506283,-75.191355,3,,,POINT (-75.191355 39.9506283)
5947653545,39.9506828,-75.1914446,4,,,POINT (-75.1914446 39.9506828)
5947653546,39.9507009,-75.1916371,1,,,POINT (-75.1916371 39.9507009)
5947653547,39.9512365,-75.1907882,4,,,POINT (-75.1907882 39.9512365)
5947653550,39.9505497,-75.1926778,4,,,POINT (-75.1926778 39.9505497)
5947653551,39.9505291,-75.1924786,3,,,POINT (-75.1924786 39.9505291)
5947653555,39.9532114,-75.1919317,4,,,POINT (-75.1919317 39.9532114)
5947653558,39.9525775,-75.1894412,3,,,POINT (-75.1894412 39.9525775)
5947653559,39.9524927,-75.1887341,3,,,POINT (-75.1887341 39.9524927)
5947653560,39.9524523,-75.1884438,4,,,POINT (-75.1884438 39.9524523)
5947653563,39.9522413,-75.1868968,4,,,POINT (-75.1868968 39.9522413)
5947653564,39.9522289,-75.1867971,4,,,POINT (-75.1867971 39.9522289)
5947653566,39.9517642,-75.1841998,3,,,POINT (-75.1841998 39.9517642)
5947653567,39.9519002,-75.1841661,3,,,POINT (-75.1841661 39.9519002)
5947653568,39.9517406,-75.1839986,3,,,POINT (-75.1839986 39.9517406)
5947653569,39.9518804,-75.1839655,3,,,POINT (-75.1839655 39.9518804)
5947653571,39.9519141,-75.1841245,3,,,POINT (-75.1841245 39.9519141)
5947653572,39.9518922,-75.183969,3,,,POINT (-75.183969 39.9518922)
5947653578,39.9510844,-75.1841837,3,,,POINT (-75.1841837 39.9510844)
5947653583,39.9512547,-75.1855295,3,,,POINT (-75.1855295 39.9512547)
5947653584,39.951193,-75.1850512,3,,,POINT (-75.1850512 39.951193)
5947655485,39.9511153,-75.1850551,3,,,POINT (-75.1850551 39.9511153)
5947655486,39.9516126,-75.1841166,4,,,POINT (-75.1841166 39.9516126)
5947655487,39.9517773,-75.1853993,4,,,POINT (-75.1853993 39.9517773)
5947655489,39.9518008,-75.185653,4,,,POINT (-75.185653 39.9518008)
5947655490,39.951843,-75.1859759,1,,,POINT (-75.1859759 39.951843)
5950302131,39.9462535,-75.1910486,4,,,POINT (-75.1910486 39.9462535)
5950302141,39.9467456,-75.1892414,1,,,POINT (-75.1892414 39.9467456)
5950302148,39.9470146,-75.1901887,3,,,POINT (-75.1901887 39.9470146)
5950302163,39.9469745,-75.1901265,1,,,POINT (-75.1901265 39.9469745)
5950302168,39.9462197,-75.1912135,1,,,POINT (-75.1912135 39.9462197)
5950302172,39.9462117,-75.1909937,1,,,POINT (-75.1909937 39.9462117)
5950302298,39.9442463,-75.1921208,3,,,POINT (-75.1921208 39.9442463)
5950302299,39.9444558,-75.1922202,1,,,POINT (-75.1922202 39.9444558)
5950302301,39.9453084,-75.191535,3,,,POINT (-75.191535 39.9453084)
5950302302,39.9454574,-75.1913456,1,,,POINT (-75.1913456 39.9454574)
5950302313,39.946238,-75.1898423,3,,,POINT (-75.1898423 39.946238)
5950302314,39.9462148,-75.1898098,1,,,POINT (-75.1898098 39.9462148)
5950302315,39.946309,-75.1897617,3,,,POINT (-75.1897617 39.946309)
5950302316,39.9462865,-75.1897278,1,,,POINT (-75.1897278 39.9462865)
5950302317,39.9463818,-75.189675,3,,,POINT (-75.189675 39.9463818)
5950302318,39.9463575,-75.1896407,1,,,POINT (-75.1896407 39.9463575)
5950302319,39.9463908,-75.1896645,3,,,POINT (-75.1896645 39.9463908)
5950302321,39.9464146,-75.1895753,1,,,POINT (-75.1895753 39.9464146)
5950302322,39.9465239,-75.1895059,3,,,POINT (-75.1895059 39.9465239)
5950302323,39.9464995,-75.1894681,1,,,POINT (-75.1894681 39.9464995)
5950302324,39.9465929,-75.1894235,3,,,POINT (-75.1894235 39.9465929)
5950302325,39.9465686,-75.1893866,1,,,POINT (-75.1893866 39.9465686)
5950302326,39.9466643,-75.1893383,3,,,POINT (-75.1893383 39.9466643)
5950302327,39.9466403,-75.1893015,1,,,POINT (-75.1893015 39.9466403)
5950302328,39.9467342,-75.1892549,3,,,POINT (-75.1892549 39.9467342)
5950302329,39.9467098,-75.189217,1,,,POINT (-75.189217 39.9467098)
5950302330,39.9460414,-75.1900624,3,,,POINT (-75.1900624 39.9460414)
5950302331,39.9459815,-75.1899835,3,,,POINT (-75.1899835 39.9459815)
5950302332,39.9460044,-75.1900108,3,,,POINT (-75.1900108 39.9460044)
5950302340,39.9472711,-75.1883366,3,,,POINT (-75.1883366 39.9472711)
5950302355,39.947358,-75.18859,3,,,POINT (-75.18859 39.947358)
5950302365,39.9476962,-75.1883834,1,,,POINT (-75.1883834 39.9476962)
5950302367,39.9477777,-75.1882801,3,,,POINT (-75.1882801 39.9477777)
5950302369,39.9473706,-75.1885742,3,,,POINT (-75.1885742 39.9473706)
5950302371,39.9474202,-75.1887142,1,,,POINT (-75.1887142 39.9474202)
5950302382,39.9488644,-75.1898591,3,,,POINT (-75.1898591 39.9488644)
5950302383,39.9488056,-75.189775,4,crossing,,POINT (-75.189775 39.9488056)
5950302384,39.9487631,-75.1897139,3,,,POINT (-75.1897139 39.9487631)
5950302385,39.9490259,-75.1896906,4,,,POINT (-75.1896906 39.9490259)
5950302386,39.948749,-75.1896532,3,,,POINT (-75.1896532 39.948749)
5950302387,39.9475283,-75.1879309,3,,,POINT (-75.1879309 39.9475283)
5950302390,39.9475867,-75.1878559,4,crossing,,POINT (-75.1878559 39.9475867)
5950302391,39.9476623,-75.1877594,3,,,POINT (-75.1877594 39.9476623)
5950302396,39.948874,-75.1895125,3,,,POINT (-75.1895125 39.948874)
5950302405,39.9454914,-75.1917314,3,,,POINT (-75.1917314 39.9454914)
5950302412,39.9454604,-75.1920187,1,,,POINT (-75.1920187 39.9454604)
5950302453,39.9440874,-75.1936291,1,,,POINT (-75.1936291 39.9440874)
5950302473,39.944877,-75.1946587,3,,,POINT (-75.1946587 39.944877)
5950302474,39.9446765,-75.1959153,3,,,POINT (-75.1959153 39.9446765)
5950302475,39.9447455,-75.1960723,3,,,POINT (-75.1960723 39.9447455)
5950302483,39.9447851,-75.1974806,3,,,POINT (-75.1974806 39.9447851)
5950302492,39.9447421,-75.1965152,3,,,POINT (-75.1965152 39.9447421)
5950302493,39.9448164,-75.1964986,3,,,POINT (-75.1964986 39.9448164)
5950302502,39.9457695,-75.1952433,4,crossing,,POINT (-75.1952433 39.9457695)
5950309776,39.9478474,-75.1937174,4,crossing,,POINT (-75.1937174 39.9478474)
5950309777,39.9477264,-75.1937402,4,crossing,,POINT (-75.1937402 39.9477264)
5960299325,39.9438103,-75.1963316,4,crossing,,POINT (-75.1963316 39.9438103)
5960376483,39.9480002,-75.1905631,3,,,POINT (-75.1905631 39.9480002)
5960376687,39.9479597,-75.1904996,4,,,POINT (-75.1904996 39.9479597)
5960376692,39.9481921,-75.1903536,3,,,POINT (-75.1903536 39.9481921)
5960376708,39.9478988,-75.1906821,3,,,POINT (-75.1906821 39.9478988)
5960376710,39.9488161,-75.1895777,4,crossing,,POINT (-75.1895777 39.9488161)
5960376719,39.9473417,-75.1914308,4,crossing,,POINT (-75.1914308 39.9473417)
5960376734,39.9477542,-75.1936602,4,,,POINT (-75.1936602 39.9477542)
5960376736,39.9473814,-75.1914952,3,,,POINT (-75.1914952 39.9473814)
5960376738,39.9486096,-75.1927809,3,,,POINT (-75.1927809 39.9486096)
5960376740,39.9485906,-75.1928307,3,,,POINT (-75.1928307 39.9485906)
5960376742,39.947999,-75.1931483,4,,,POINT (-75.1931483 39.947999)
5960376743,39.9479769,-75.1930539,3,,,POINT (-75.1930539 39.9479769)
5960376745,39.9482173,-75.1926132,3,,,POINT (-75.1926132 39.9482173)
5960376749,39.9484589,-75.1928561,4,,,POINT (-75.1928561 39.9484589)
5960376750,39.9484703,-75.1929872,3,,,POINT (-75.1929872 39.9484703)
5960376809,39.9477019,-75.1938071,1,,,POINT (-75.1938071 39.9477019)
5960376819,39.948795,-75.1927812,3,,,POINT (-75.1927812 39.948795)
5960376822,39.9494147,-75.1925836,3,,,POINT (-75.1925836 39.9494147)
5960376825,39.9497311,-75.1922944,4,,,POINT (-75.1922944 39.9497311)
5960640377,39.9481128,-75.1905554,4,crossing,,POINT (-75.1905554 39.9481128)
5960640378,39.9481516,-75.1906638,3,,,POINT (-75.1906638 39.9481516)
5960640379,39.9480832,-75.1904725,3,,,POINT (-75.1904725 39.9480832)
5960640380,39.9502419,-75.1876392,3,,,POINT (-75.1876392 39.9502419)
5960640384,39.9508226,-75.1873919,1,,,POINT (-75.1873919 39.9508226)
5960640985,39.9504636,-75.1874226,3,,,POINT (-75.1874226 39.9504636)
5960640987,39.9504621,-75.1879208,1,,,POINT (-75.1879208 39.9504621)
5960640988,39.9501731,-75.1876717,3,,,POINT (-75.1876717 39.9501731)
5960641003,39.9507548,-75.1872672,3,,,POINT (-75.1872672 39.9507548)
5960641004,39.9507906,-75.1872399,3,,,POINT (-75.1872399 39.9507906)
6168799697,39.9458855,-75.1980468,3,,,POINT (-75.1980468 39.9458855)
6168799711,39.9444748,-75.197643,4,,,POINT (-75.197643 39.9444748)
6169097376,39.9435571,-75.1925896,3,motorway_junction,346B,POINT (-75.1925896 39.9435571)
6381265354,39.9470042,-75.1946394,3,,,POINT (-75.1946394 39.9470042)
6381265357,39.946924,-75.1942733,3,,,POINT (-75.1942733 39.946924)
6381265363,39.9469523,-75.1947755,3,,,POINT (-75.1947755 39.9469523)
6381265364,39.9471895,-75.1948999,4,,,POINT (-75.1948999 39.9471895)
6658064217,39.9536004,-75.1918507,3,,,POINT (-75.1918507 39.9536004)
6658064219,39.9534924,-75.1909908,3,,,POINT (-75.1909908 39.9534924)
6658064220,39.9535281,-75.1918657,3,,,POINT (-75.1918657 39.9535281)
6658064221,39.9534703,-75.1913661,3,,,POINT (-75.1913661 39.9534703)
6658064222,39.9533156,-75.1913904,4,,,POINT (-75.1913904 39.9533156)
6658064223,39.9531858,-75.1917073,3,,,POINT (-75.1917073 39.9531858)
6658064224,39.9533557,-75.1916757,1,,,POINT (-75.1916757 39.9533557)
6658064225,39.9535746,-75.1916217,3,,,POINT (-75.1916217 39.9535746)
6658064226,39.9535014,-75.1916348,3,,,POINT (-75.1916348 39.9535014)
6658064227,39.9535441,-75.1913508,4,,,POINT (-75.1913508 39.9535441)
6658064229,39.9535379,-75.1908508,3,,,POINT (-75.1908508 39.9535379)
6658127545,39.9535779,-75.1912896,3,,,POINT (-75.1912896 39.9535779)
6658127571,39.9540291,-75.1900678,3,,,POINT (-75.1900678 39.9540291)
6824910223,39.9522925,-75.2022411,3,,,POINT (-75.2022411 39.9522925)
6824910224,39.952706,-75.2021513,1,,,POINT (-75.2021513 39.952706)
7002579259,39.9526697,-75.1991865,3,,,POINT (-75.1991865 39.9526697)
7002579265,39.9529826,-75.1989295,3,,,POINT (-75.1989295 39.9529826)
7002710164,39.9519434,-75.1991378,3,,,POINT (-75.1991378 39.9519434)
7002710166,39.952948,-75.1993892,1,,,POINT (-75.1993892 39.952948)
7002710167,39.9525488,-75.1988741,3,,,POINT (-75.1988741 39.9525488)
7002710168,39.9527465,-75.1992827,1,,,POINT (-75.1992827 39.9527465)
7002710171,39.9526585,-75.1994428,3,,,POINT (-75.1994428 39.9526585)
7002789214,39.9529681,-75.2027443,4,,,POINT (-75.2027443 39.9529681)
7002789215,39.9523693,-75.2028696,4,,,POINT (-75.2028696 39.9523693)
7003388882,39.9524474,-75.1839345,3,,,POINT (-75.1839345 39.9524474)
7003388883,39.9523198,-75.18396,3,,,POINT (-75.18396 39.9523198)
7003388884,39.9524363,-75.183829,1,,,POINT (-75.183829 39.9524363)
7003427094,39.9530736,-75.183721,3,,,POINT (-75.183721 39.9530736)
7003427095,39.9522432,-75.183252,3,,,POINT (-75.183252 39.9522432)
7003427097,39.9530178,-75.1834234,1,elevator,,POINT (-75.1834234 39.9530178)
7007073291,39.9483672,-75.192412,1,,,POINT (-75.192412 39.9483672)
7009033803,39.9490793,-75.1967034,3,,,POINT (-75.1967034 39.9490793)
7009033805,39.9487904,-75.1962,3,,,POINT (-75.1962 39.9487904)
7009033807,39.9487102,-75.1963994,3,,,POINT (-75.1963994 39.9487102)
7010176228,39.9522118,-75.1866552,3,,,POINT (-75.1866552 39.9522118)
7010176235,39.9520498,-75.1853633,3,,,POINT (-75.1853633 39.9520498)
7010176237,39.9519298,-75.1841212,3,,,POINT (-75.1841212 39.9519298)
7010176238,39.9519007,-75.184052,3,,,POINT (-75.184052 39.9519007)
7010176239,39.9520891,-75.187414,3,,,POINT (-75.187414 39.9520891)
7010176250,39.952165,-75.1855609,3,,,POINT (-75.1855609 39.952165)
7010176252,39.9521871,-75.1876052,3,,,POINT (-75.1876052 39.9521871)
7010516273,39.9486011,-75.1894441,3,,,POINT (-75.1894441 39.9486011)
7010531373,39.9494904,-75.1994719,3,,,POINT (-75.1994719 39.9494904)
7010531377,39.9495643,-75.1994831,3,,,POINT (-75.1994831 39.9495643)
7010610753,39.95381,-75.1942291,3,,,POINT (-75.1942291 39.95381)
7010610755,39.9535538,-75.1946237,3,,,POINT (-75.1946237 39.9535538)
7111848889,39.955504,-75.1949931,3,,,POINT (-75.1949931 39.955504)
7202429868,39.9548852,-75.2024422,4,,,POINT (-75.2024422 39.9548852)
7202500446,39.9518557,-75.2030842,4,crossing,,POINT (-75.2030842 39.9518557)
7329863744,39.9524387,-75.183854,4,,,POINT (-75.183854 39.9524387)
7329863745,39.9523114,-75.1838818,4,,,POINT (-75.1838818 39.9523114)
7342289438,39.9529067,-75.2028627,4,crossing,,POINT (-75.2028627 39.9529067)
7384846806,39.950404,-75.1916247,4,crossing,,POINT (-75.1916247 39.950404)
7406174143,39.9468055,-75.1951521,1,,,POINT (-75.1951521 39.9468055)
7406174144,39.9469802,-75.1947942,3,,,POINT (-75.1947942 39.9469802)
7406174145,39.9467578,-75.1951052,1,,,POINT (-75.1951052 39.9467578)
7406174146,39.9469314,-75.1947581,3,,,POINT (-75.1947581 39.9469314)
7408566982,39.9481978,-75.1908423,3,,,POINT (-75.1908423 39.9481978)
7408566983,39.948241,-75.1907901,1,,,POINT (-75.1907901 39.948241)
7408566984,39.9483118,-75.1909981,3,,,POINT (-75.1909981 39.9483118)
7408899580,39.9467686,-75.1925762,3,,,POINT (-75.1925762 39.9467686)
7408899581,39.9468504,-75.1926344,1,,,POINT (-75.1926344 39.9468504)
7408899582,39.9468761,-75.1925774,1,,,POINT (-75.1925774 39.9468761)
7408899583,39.946797,-75.1925181,3,,,POINT (-75.1925181 39.946797)
7408899584,39.9468651,-75.1925689,4,,,POINT (-75.1925689 39.9468651)
7408936385,39.9468387,-75.1926256,4,,,POINT (-75.1926256 39.9468387)
7408940022,39.9462114,-75.1957291,1,,,POINT (-75.1957291 39.9462114)
7408940023,39.9462688,-75.1956147,3,,,POINT (-75.1956147 39.9462688)
7408940024,39.9461436,-75.1956767,1,,,POINT (-75.1956767 39.9461436)
7408940025,39.946202,-75.1955641,3,,,POINT (-75.1955641 39.946202)
7409074661,39.9536212,-75.1977309,1,,,POINT (-75.1977309 39.9536212)
7409074662,39.9535273,-75.1977426,4,,,POINT (-75.1977426 39.9535273)
7409074663,39.9539308,-75.198593,3,,,POINT (-75.198593 39.9539308)
7409074664,39.9539056,-75.1983864,1,,,POINT (-75.1983864 39.9539056)
7409074665,39.9539583,-75.1983747,1,,,POINT (-75.1983747 39.9539583)
7409074666,39.9539835,-75.198582,3,,,POINT (-75.198582 39.9539835)
7409096017,39.9469223,-75.1938425,1,,,POINT (-75.1938425 39.9469223)
7409096018,39.9468522,-75.1939998,4,,,POINT (-75.1939998 39.9468522)
7409096021,39.9466513,-75.1936297,1,,,POINT (-75.1936297 39.9466513)
7409096023,39.9467519,-75.1942251,3,,,POINT (-75.1942251 39.9467519)
7409096028,39.9466608,-75.1951672,3,,,POINT (-75.1951672 39.9466608)
7409096035,39.9472433,-75.1948035,4,,,POINT (-75.1948035 39.9472433)
7409096043,39.9466959,-75.1941169,3,,,POINT (-75.1941169 39.9466959)
7409096045,39.9465779,-75.1946161,4,,,POINT (-75.1946161 39.9465779)
7409096051,39.9463876,-75.1934222,3,,,POINT (-75.1934222 39.9463876)
7409096059,39.9465608,-75.1946545,3,,,POINT (-75.1946545 39.9465608)
7409096068,39.9472327,-75.1945747,1,,,POINT (-75.1945747 39.9472327)
7409096072,39.9463718,-75.195079,1,,,POINT (-75.195079 39.9463718)
7409096073,39.9464124,-75.1949878,4,,,POINT (-75.1949878 39.9464124)
7409096074,39.9462632,-75.1948549,1,,,POINT (-75.1948549 39.9462632)
7409103585,39.9465404,-75.1947003,4,,,POINT (-75.1947003 39.9465404)
7409103586,39.9464005,-75.1945376,1,,,POINT (-75.1945376 39.9464005)
7409103605,39.9464745,-75.1948482,4,,,POINT (-75.1948482 39.9464745)
7409112200,39.9489927,-75.1945586,1,,,POINT (-75.1945586 39.9489927)
7412218614,39.9550434,-75.19131,3,,,POINT (-75.19131 39.9550434)
7412218617,39.9550015,-75.1909713,3,,,POINT (-75.1909713 39.9550015)
7412591548,39.9550923,-75.1943791,3,,,POINT (-75.1943791 39.9550923)
7863284860,39.9541351,-75.2034215,4,,,POINT (-75.2034215 39.9541351)
7863284861,39.9541938,-75.2038906,4,crossing,,POINT (-75.2038906 39.9541938)
7863284874,39.9530781,-75.2041276,4,crossing,,POINT (-75.2041276 39.9530781)
7874104961,39.9517711,-75.2031974,4,crossing,,POINT (-75.2031974 39.9517711)
7874104963,39.9518548,-75.2031642,4,,,POINT (-75.2031642 39.9518548)
7874104972,39.9518434,-75.2029917,3,,,POINT (-75.2029917 39.9518434)
7874104974,39.9518278,-75.2029694,3,,,POINT (-75.2029694 39.9518278)
7874108064,39.9507817,-75.1952086,3,,,POINT (-75.1952086 39.9507817)
7874108065,39.9502402,-75.1953233,1,,,POINT (-75.1953233 39.9502402)
7874108066,39.9506962,-75.1952261,4,crossing,,POINT (-75.1952261 39.9506962)
7874108067,39.9507071,-75.1953176,4,,,POINT (-75.1953176 39.9507071)
7874108068,39.9509464,-75.1972592,4,,,POINT (-75.1972592 39.9509464)
7874108069,39.950959,-75.1973609,4,,,POINT (-75.1973609 39.950959)
7874108072,39.9511684,-75.199168,4,crossing,,POINT (-75.199168 39.9511684)
7874108073,39.9511871,-75.1993047,4,crossing,,POINT (-75.1993047 39.9511871)
7874108074,39.9511564,-75.1990688,3,,,POINT (-75.1990688 39.9511564)
7874108075,39.9511959,-75.1993991,3,,,POINT (-75.1993991 39.9511959)
7874108078,39.9511647,-75.1990303,3,,,POINT (-75.1990303 39.9511647)
7874108082,39.9512109,-75.1994198,3,,,POINT (-75.1994198 39.9512109)
7874108083,39.950854,-75.1994975,3,,,POINT (-75.1994975 39.950854)
7874108084,39.9508255,-75.1995949,3,,,POINT (-75.1995949 39.9508255)
7874128485,39.9535908,-75.1989917,4,crossing,,POINT (-75.1989917 39.9535908)
7874128486,39.9537497,-75.2003022,4,,,POINT (-75.2003022 39.9537497)
7874128487,39.9539188,-75.2017472,4,crossing,,POINT (-75.2017472 39.9539188)
7874128488,39.9540191,-75.2025322,3,,,POINT (-75.2025322 39.9540191)
7874128490,39.9540216,-75.2025145,3,,,POINT (-75.2025145 39.9540216)
7874146301,39.949706,-75.1998889,3,,,POINT (-75.1998889 39.949706)
7874146313,39.9478129,-75.1985719,3,,,POINT (-75.1985719 39.9478129)
7874146321,39.9492596,-75.1954389,1,,,POINT (-75.1954389 39.9492596)
7874146324,39.9478248,-75.1985918,3,,,POINT (-75.1985918 39.9478248)
7874146337,39.9486915,-75.196126,3,,,POINT (-75.196126 39.9486915)
7874146339,39.9487026,-75.1961341,3,,,POINT (-75.1961341 39.9487026)
7874146340,39.948804,-75.1959199,4,,,POINT (-75.1959199 39.948804)
7874146342,39.9488413,-75.1959486,4,crossing,,POINT (-75.1959486 39.9488413)
7874146343,39.94889,-75.1959849,3,,,POINT (-75.1959849 39.94889)
7874146344,39.9491384,-75.1954482,3,,,POINT (-75.1954482 39.9491384)
7874146346,39.9490368,-75.1953721,3,,,POINT (-75.1953721 39.9490368)
7874146347,39.9490853,-75.1954087,4,crossing,,POINT (-75.1954087 39.9490853)
7874146348,39.948211,-75.1987448,4,crossing,,POINT (-75.1987448 39.948211)
7875819297,39.9530554,-75.2029218,3,,,POINT (-75.2029218 39.9530554)
7875819301,39.9530393,-75.2027299,3,,,POINT (-75.2027299 39.9530393)
7875819302,39.9531587,-75.2037617,4,,,POINT (-75.2037617 39.9531587)
7875819304,39.9541634,-75.2036473,3,,,POINT (-75.2036473 39.9541634)
7875819305,39.9540428,-75.2036743,1,,,POINT (-75.2036743 39.9540428)
7875819306,39.9529891,-75.2041452,3,,,POINT (-75.2041452 39.9529891)
7875819307,39.9528455,-75.2040055,1,,,POINT (-75.2040055 39.9528455)
7875819314,39.9530713,-75.2040651,3,,,POINT (-75.2040651 39.9530713)
7875819315,39.9529267,-75.2029422,4,,,POINT (-75.2029422 39.9529267)
7875819319,39.9528942,-75.2027598,3,,,POINT (-75.2027598 39.9528942)
7875819330,39.9529367,-75.2040926,4,crossing,,POINT (-75.2040926 39.9529367)
7875819337,39.9525602,-75.2041697,3,,,POINT (-75.2041697 39.9525602)
7875819339,39.9519825,-75.2041806,3,,,POINT (-75.2041806 39.9519825)
7917315363,39.9537607,-75.200381,3,,,POINT (-75.200381 39.9537607)
7917315364,39.9537364,-75.2001825,3,,,POINT (-75.2001825 39.9537364)
7917315367,39.9540432,-75.2027138,3,,,POINT (-75.2027138 39.9540432)
7917315368,39.9540417,-75.2027023,3,,,POINT (-75.2027023 39.9540417)
7917315369,39.9530554,-75.2029042,3,,,POINT (-75.2029042 39.9530554)
7917315381,39.9542232,-75.2026755,3,,,POINT (-75.2026755 39.9542232)
7917315382,39.9539273,-75.2003103,3,,,POINT (-75.2003103 39.9539273)
7917315383,39.9539101,-75.2001737,3,,,POINT (-75.2001737 39.9539101)
7917315384,39.9539317,-75.2003452,3,,,POINT (-75.2003452 39.9539317)
7917327490,39.9537481,-75.1988913,3,,,POINT (-75.1988913 39.9537481)
7917327491,39.9535805,-75.1989223,3,,,POINT (-75.1989223 39.9535805)
7917327492,39.9539066,-75.200147,3,,,POINT (-75.200147 39.9539066)
7917327493,39.9542008,-75.2024753,3,,,POINT (-75.2024753 39.9542008)
7918745659,39.9513895,-75.1993807,3,,,POINT (-75.1993807 39.9513895)
7918745664,39.9513303,-75.1989577,3,,,POINT (-75.1989577 39.9513303)
7918745665,39.951334,-75.1989937,3,,,POINT (-75.1989937 39.951334)
7918745666,39.951347,-75.1990137,3,,,POINT (-75.1990137 39.951347)
7918745669,39.9535349,-75.1985654,3,,,POINT (-75.1985654 39.9535349)
7918745672,39.9535337,-75.1985497,3,,,POINT (-75.1985497 39.9535337)
7918745673,39.9534288,-75.197758,4,,,POINT (-75.197758 39.9534288)
7918745683,39.9531915,-75.1943726,3,,,POINT (-75.1943726 39.9531915)
7918745684,39.9535055,-75.1942997,3,,,POINT (-75.1942997 39.9535055)
7918772085,39.9531329,-75.1953871,4,,,POINT (-75.1953871 39.9531329)
7918772086,39.9532096,-75.1960373,4,,,POINT (-75.1960373 39.9532096)
7918772087,39.9533086,-75.1967805,4,,,POINT (-75.1967805 39.9533086)
7918772092,39.9533199,-75.1968717,3,,,POINT (-75.1968717 39.9533199)
7918772093,39.9532993,-75.1967039,3,,,POINT (-75.1967039 39.9532993)
7918772094,39.9532569,-75.1977241,1,,,POINT (-75.1977241 39.9532569)
7918772095,39.9535185,-75.1976674,3,,,POINT (-75.1976674 39.9535185)
7918772096,39.9534203,-75.1976884,4,crossing,,POINT (-75.1976884 39.9534203)
7918772097,39.9537018,-75.1985181,4,,,POINT (-75.1985181 39.9537018)
7918772098,39.9535011,-75.1968334,3,,,POINT (-75.1968334 39.9535011)
7918772099,39.953587,-75.1975761,4,,,POINT (-75.1975761 39.953587)
7918772100,39.9536032,-75.1977332,4,crossing,,POINT (-75.1977332 39.9536032)
7918772101,39.9541387,-75.1966985,4,,,POINT (-75.1966985 39.9541387)
7918772102,39.9541951,-75.1966875,4,,,POINT (-75.1966875 39.9541951)
7918772103,39.9541695,-75.1966921,4,crossing,,POINT (-75.1966921 39.9541695)
7918772104,39.9541323,-75.196521,4,crossing,,POINT (-75.196521 39.9541323)
7918772108,39.9538621,-75.194731,3,,,POINT (-75.194731 39.9538621)
7918772129,39.9504478,-75.1917141,3,,,POINT (-75.1917141 39.9504478)
7918772135,39.9505493,-75.1914508,3,,,POINT (-75.1914508 39.9505493)
7918772138,39.9500802,-75.1913395,3,,,POINT (-75.1913395 39.9500802)
7918772139,39.9501436,-75.1912689,4,crossing,,POINT (-75.1912689 39.9501436)
7918772140,39.9503402,-75.1915574,3,,,POINT (-75.1915574 39.9503402)
7918772141,39.9505081,-75.1913828,4,crossing,,POINT (-75.1913828 39.9505081)
7918772142,39.9503666,-75.1915531,3,,,POINT (-75.1915531 39.9503666)
7918772143,39.951915,-75.1923769,3,,,POINT (-75.1923769 39.951915)
7918772144,39.9517896,-75.1924029,3,,,POINT (-75.1924029 39.9517896)
7918772147,39.9525317,-75.1920843,3,,,POINT (-75.1920843 39.9525317)
7918772150,39.9526937,-75.1918073,3,,,POINT (-75.1918073 39.9526937)
7918772151,39.9526204,-75.1919572,3,,,POINT (-75.1919572 39.9526204)
7918772152,39.9527129,-75.1920279,3,,,POINT (-75.1920279 39.9527129)
7918772153,39.9519302,-75.191616,3,,,POINT (-75.191616 39.9519302)
7918772156,39.9520212,-75.1921929,3,,,POINT (-75.1921929 39.9520212)
7918772160,39.9503699,-75.1926072,4,crossing,,POINT (-75.1926072 39.9503699)
7918772169,39.9524134,-75.1922707,3,,,POINT (-75.1922707 39.9524134)
7918772170,39.951229,-75.1925272,4,,,POINT (-75.1925272 39.951229)
7918772171,39.9511277,-75.1925496,4,crossing,,POINT (-75.1925496 39.9511277)
7918772172,39.9525375,-75.1987743,4,,,POINT (-75.1987743 39.9525375)
7918772173,39.9514487,-75.1998713,4,crossing,,POINT (-75.1998713 39.9514487)
7918772174,39.9513871,-75.1993608,3,,,POINT (-75.1993608 39.9513871)
7918772175,39.9535778,-75.1989048,3,,,POINT (-75.1989048 39.9535778)
7918772176,39.9531471,-75.1989949,4,crossing,,POINT (-75.1989949 39.9531471)
7918772177,39.952991,-75.199027,4,,,POINT (-75.199027 39.952991)
7918772178,39.9519579,-75.199242,4,,,POINT (-75.199242 39.9519579)
7918772179,39.9516892,-75.1990512,3,,,POINT (-75.1990512 39.9516892)
7918772182,39.9518534,-75.1990192,3,,,POINT (-75.1990192 39.9518534)
7918772183,39.9518395,-75.1989086,4,crossing,,POINT (-75.1989086 39.9518395)
7918772184,39.9516754,-75.1989437,4,crossing,,POINT (-75.1989437 39.9516754)
7918772185,39.9522165,-75.1989414,3,,,POINT (-75.1989414 39.9522165)
7918772186,39.9521908,-75.1987463,1,,,POINT (-75.1987463 39.9521908)
7918772187,39.9522021,-75.1988313,4,crossing,,POINT (-75.1988313 39.9522021)
7918772189,39.9543427,-75.1983886,3,,,POINT (-75.1983886 39.9543427)
7918772191,39.9539692,-75.1984641,4,crossing,,POINT (-75.1984641 39.9539692)
7918772192,39.9539164,-75.1984748,4,crossing,,POINT (-75.1984748 39.9539164)
7998828607,39.9485941,-75.1929618,4,crossing,,POINT (-75.1929618 39.9485941)
8075000579,39.9503068,-75.1998346,3,,,POINT (-75.1998346 39.9503068)
8075000580,39.9502027,-75.1997789,3,,,POINT (-75.1997789 39.9502027)
8075000581,39.9502421,-75.200058,3,,,POINT (-75.200058 39.9502421)
8075000582,39.9499133,-75.1998952,1,,,POINT (-75.1998952 39.9499133)
8075000583,39.9501333,-75.2000041,3,,,POINT (-75.2000041 39.9501333)
8075000585,39.9507119,-75.1995391,3,,,POINT (-75.1995391 39.9507119)
8075000586,39.9509812,-75.1999064,1,,,POINT (-75.1999064 39.9509812)
8110054790,39.9546043,-75.1945771,3,,,POINT (-75.1945771 39.9546043)
8110054797,39.9541645,-75.1965142,4,,,POINT (-75.1965142 39.9541645)
8110054798,39.9541039,-75.196527,4,,,POINT (-75.196527 39.9541039)
8110054801,39.9534869,-75.1968366,3,,,POINT (-75.1968366 39.9534869)
8110054802,39.9534681,-75.196671,4,,,POINT (-75.196671 39.9534681)
8110054811,39.9548451,-75.1965521,4,,,POINT (-75.1965521 39.9548451)
8110054812,39.9546164,-75.1964199,3,,,POINT (-75.1964199 39.9546164)
8110054814,39.9545319,-75.1961028,1,,,POINT (-75.1961028 39.9545319)
8110054815,39.9545065,-75.1964428,3,,,POINT (-75.1964428 39.9545065)
8110054816,39.9546058,-75.1960872,1,,,POINT (-75.1960872 39.9546058)
8110066817,39.9545802,-75.1961791,4,,,POINT (-75.1961791 39.9545802)
8110066818,39.9548225,-75.1963769,4,,,POINT (-75.1963769 39.9548225)
8110066820,39.9549124,-75.1956738,4,,,POINT (-75.1956738 39.9549124)
8110066821,39.9547647,-75.194538,3,,,POINT (-75.194538 39.9547647)
8110066828,39.9553832,-75.1944094,4,,,POINT (-75.1944094 39.9553832)
8110066833,39.9553721,-75.1943222,4,crossing,,POINT (-75.1943222 39.9553721)
8185906372,39.9477143,-75.1883601,3,,,POINT (-75.1883601 39.9477143)
8185906374,39.947696,-75.1881925,3,,,POINT (-75.1881925 39.947696)
8185906378,39.9478729,-75.1882004,3,,,POINT (-75.1882004 39.9478729)
8185906379,39.9477272,-75.1881221,3,,,POINT (-75.1881221 39.9477272)
8185906397,39.9454944,-75.1907823,3,,,POINT (-75.1907823 39.9454944)
8185906400,39.9456739,-75.1905581,3,,,POINT (-75.1905581 39.9456739)
8185907029,39.9506334,-75.1933613,4,,,POINT (-75.1933613 39.9506334)
8185907030,39.9507678,-75.1944596,4,,,POINT (-75.1944596 39.9507678)
8185907031,39.9508685,-75.1952828,4,,,POINT (-75.1952828 39.9508685)
8185907033,39.9494639,-75.1992665,3,,,POINT (-75.1992665 39.9494639)
8185907037,39.9491452,-75.1990384,3,,,POINT (-75.1990384 39.9491452)
8185907038,39.9491265,-75.1990418,1,,,POINT (-75.1990418 39.9491265)
8185907039,39.9491878,-75.1990295,3,,,POINT (-75.1990295 39.9491878)
8185907040,39.9491683,-75.198854,1,,,POINT (-75.198854 39.9491683)
8185907043,39.949474,-75.1993445,3,,,POINT (-75.1993445 39.949474)
8185907048,39.9497514,-75.1994616,3,,,POINT (-75.1994616 39.9497514)
8185907049,39.9497592,-75.199496,3,,,POINT (-75.199496 39.9497592)
8185907051,39.9497514,-75.1992714,3,,,POINT (-75.1992714 39.9497514)
8185907052,39.9497372,-75.1991508,1,,,POINT (-75.1991508 39.9497372)
8185907055,39.9498768,-75.1994851,3,,,POINT (-75.1994851 39.9498768)
8185907064,39.9491914,-75.1993289,3,,,POINT (-75.1993289 39.9491914)
8185907071,39.9504828,-75.195367,3,,,POINT (-75.195367 39.9504828)
8185907073,39.9503838,-75.1927119,4,,,POINT (-75.1927119 39.9503838)
8185907078,39.949509,-75.1928435,1,,,POINT (-75.1928435 39.949509)
8185907079,39.9500693,-75.192612,3,,,POINT (-75.192612 39.9500693)
8185907082,39.9495941,-75.192722,3,,,POINT (-75.192722 39.9495941)
8185907083,39.9500583,-75.1926965,4,crossing,,POINT (-75.1926965 39.9500583)
8185907084,39.949612,-75.1927854,4,crossing,,POINT (-75.1927854 39.949612)
8185907087,39.9510742,-75.1972319,3,,,POINT (-75.1972319 39.9510742)
8185907092,39.9496378,-75.1916493,3,,,POINT (-75.1916493 39.9496378)
8323471338,39.9469004,-75.192297,3,,,POINT (-75.192297 39.9469004)
8323471339,39.9469769,-75.1923537,1,,,POINT (-75.1923537 39.9469769)
8323471340,39.9469474,-75.1921943,3,,,POINT (-75.1921943 39.9469474)
8323471341,39.9470212,-75.1922554,2,,,POINT (-75.1922554 39.9470212)
8845460585,39.9549471,-75.190532,3,,,POINT (-75.190532 39.9549471)
8938691348,39.9491341,-75.1950554,1,,,POINT (-75.1950554 39.9491341)
8938691352,39.9534613,-75.1853689,3,,,POINT (-75.1853689 39.9534613)
8938691356,39.9521051,-75.1856462,1,,,POINT (-75.1856462 39.9521051)
8938691373,39.9461751,-75.1971273,3,,,POINT (-75.1971273 39.9461751)
8938691385,39.9456966,-75.1967167,1,,,POINT (-75.1967167 39.9456966)
8938691386,39.9459857,-75.1977436,3,,,POINT (-75.1977436 39.9459857)
8938691393,39.9456379,-75.1980913,1,,,POINT (-75.1980913 39.9456379)
8938691395,39.9462337,-75.1970251,4,,,POINT (-75.1970251 39.9462337)
8938691403,39.9467289,-75.1959632,4,,,POINT (-75.1959632 39.9467289)
8938691404,39.9466979,-75.1960325,3,,,POINT (-75.1960325 39.9466979)
8938691407,39.9463929,-75.1958131,1,,,POINT (-75.1958131 39.9463929)
8938691408,39.9462736,-75.1969487,3,,,POINT (-75.1969487 39.9462736)
8938695531,39.9469704,-75.1953906,3,,,POINT (-75.1953906 39.9469704)
8938695532,39.9467511,-75.1959113,3,,,POINT (-75.1959113 39.9467511)
8990556237,39.9486419,-75.1978954,3,,,POINT (-75.1978954 39.9486419)
8990556241,39.948882,-75.1982281,3,,,POINT (-75.1982281 39.948882)
8990556242,39.9487639,-75.1983348,4,,,POINT (-75.1983348 39.9487639)
8990556245,39.9484678,-75.1983301,1,,,POINT (-75.1983301 39.9484678)
9044538587,39.953122,-75.1915018,3,,,POINT (-75.1915018 39.953122)
9044538597,39.9528024,-75.1912712,3,,,POINT (-75.1912712 39.9528024)
9044538602,39.9531338,-75.1912238,3,,,POINT (-75.1912238 39.9531338)
9294690425,39.947009,-75.1922453,4,crossing,,POINT (-75.1922453 39.947009)
9294690426,39.9469648,-75.1923447,4,crossing,,POINT (-75.1923447 39.9469648)
9294690440,39.9472996,-75.1947479,1,,,POINT (-75.1947479 39.9472996)
9294690441,39.9473618,-75.1947857,4,crossing,,POINT (-75.1947857 39.9473618)
9314460490,39.9501388,-75.1989065,3,,,POINT (-75.1989065 39.9501388)
9314460491,39.9508217,-75.1978051,3,,,POINT (-75.1978051 39.9508217)
9314460492,39.9508518,-75.1980213,1,,,POINT (-75.1980213 39.9508518)
9314460493,39.9508364,-75.1980692,1,,,POINT (-75.1980692 39.9508364)
9314460494,39.9507341,-75.1980886,4,,,POINT (-75.1980886 39.9507341)
9314460495,39.9507551,-75.1982455,3,,,POINT (-75.1982455 39.9507551)
9314460497,39.9505678,-75.1986264,3,,,POINT (-75.1986264 39.9505678)
9314460498,39.950682,-75.198257,3,,,POINT (-75.198257 39.950682)
9662237064,39.9534058,-75.1857092,1,,,POINT (-75.1857092 39.9534058)
10132159295,39.9522419,-75.1997025,1,,,POINT (-75.1997025 39.9522419)
10182249939,39.9463787,-75.1915323,1,,,POINT (-75.1915323 39.9463787)
10213696953,39.9476381,-75.1915855,3,,,POINT (-75.1915855 39.9476381)
10213696954,39.9477605,-75.1913553,3,,,POINT (-75.1913553 39.9477605)
10213696955,39.9479834,-75.1915807,1,,,POINT (-75.1915807 39.9479834)
10213696956,39.9477363,-75.1916584,3,,,POINT (-75.1916584 39.9477363)
10213696960,39.948066,-75.1917093,1,,,POINT (-75.1917093 39.948066)
10634746736,39.9480213,-75.191878,3,,,POINT (-75.191878 39.9480213)
10634748099,39.9478931,-75.1904006,3,,,POINT (-75.1904006 39.9478931)
10634748101,39.9480096,-75.1920142,1,,,POINT (-75.1920142 39.9480096)
10634748102,39.9482815,-75.1922167,1,,,POINT (-75.1922167 39.9482815)
10634757819,39.9482096,-75.1915824,3,,,POINT (-75.1915824 39.9482096)
10634757820,39.9484782,-75.1919786,3,,,POINT (-75.1919786 39.9484782)
10751019907,39.9511326,-75.1969972,3,,,POINT (-75.1969972 39.9511326)
10751019908,39.9511583,-75.1972149,3,,,POINT (-75.1972149 39.9511583)
10751019920,39.9510929,-75.1971566,4,,,POINT (-75.1971566 39.9510929)
10751019922,39.9512073,-75.196942,1,,,POINT (-75.196942 39.9512073)
10751019923,39.9512484,-75.1943551,4,,,POINT (-75.1943551 39.9512484)
10751019924,39.9511242,-75.1933472,3,,,POINT (-75.1933472 39.9511242)
10751019926,39.9511842,-75.1943711,3,,,POINT (-75.1943711 39.9511842)
10751019929,39.9511829,-75.19382,4,,,POINT (-75.19382 39.9511829)
10751019930,39.9510447,-75.193847,1,,,POINT (-75.193847 39.9510447)
10751019931,39.9512889,-75.1938034,1,,,POINT (-75.1938034 39.9512889)
10751019941,39.9512802,-75.1938051,3,,,POINT (-75.1938051 39.9512802)
10751019945,39.9512283,-75.1938141,3,,,POINT (-75.1938141 39.9512283)
10751019946,39.9512825,-75.1938228,3,,,POINT (-75.1938228 39.9512825)
10751019947,39.9513004,-75.1939572,3,,,POINT (-75.1939572 39.9513004)
10751019948,39.9512907,-75.1939588,1,,,POINT (-75.1939588 39.9512907)
10751019951,39.9514176,-75.1939014,1,,,POINT (-75.1939014 39.9514176)
10751019953,39.9512782,-75.1937872,3,,,POINT (-75.1937872 39.9512782)
10751019955,39.9511456,-75.1935199,3,,,POINT (-75.1935199 39.9511456)
10751019956,39.9512492,-75.1936194,1,,,POINT (-75.1936194 39.9512492)
10751019957,39.9512599,-75.1936173,4,,,POINT (-75.1936173 39.9512599)
10751019960,39.9513884,-75.1936516,1,,,POINT (-75.1936516 39.9513884)
10751019961,39.9510156,-75.1932856,3,,,POINT (-75.1932856 39.9510156)
10751019968,39.9512625,-75.1932455,3,,,POINT (-75.1932455 39.9512625)
10751019971,39.9516768,-75.1942986,3,,,POINT (-75.1942986 39.9516768)
10751019978,39.9513267,-75.1943275,3,,,POINT (-75.1943275 39.9513267)
10751019981,39.9515496,-75.1943027,3,,,POINT (-75.1943027 39.9515496)
10751019982,39.9515404,-75.1942214,1,,,POINT (-75.1942214 39.9515404)
10751019983,39.9516829,-75.1937238,1,,,POINT (-75.1937238 39.9516829)
10784054510,39.9532865,-75.2016992,1,,,POINT (-75.2016992 39.9532865)
10960092216,39.9495046,-75.1986526,3,,,POINT (-75.1986526 39.9495046)
10960115454,39.9511781,-75.1932288,3,,,POINT (-75.1932288 39.9511781)
10960115457,39.9510511,-75.1932521,3,,,POINT (-75.1932521 39.9510511)
10960133621,39.9491023,-75.1986378,3,,,POINT (-75.1986378 39.9491023)
10960133624,39.9491683,-75.1987063,3,,,POINT (-75.1987063 39.9491683)
10960133632,39.9491773,-75.1981227,1,,,POINT (-75.1981227 39.9491773)
10960133635,39.9489736,-75.1981329,3,,,POINT (-75.1981329 39.9489736)
10960138798,39.950141,-75.1989234,3,,,POINT (-75.1989234 39.950141)
10960138799,39.9500256,-75.1989561,1,,,POINT (-75.1989561 39.9500256)
10960151060,39.9500676,-75.1993023,1,,,POINT (-75.1993023 39.9500676)
10960155053,39.9497718,-75.1985938,3,,,POINT (-75.1985938 39.9497718)
10960155054,39.9497521,-75.1984949,1,,,POINT (-75.1984949 39.9497521)
10960184278,39.9514136,-75.1932008,3,,,POINT (-75.1932008 39.9514136)
10960184279,39.9514243,-75.1932965,1,,,POINT (-75.1932965 39.9514243)
10960198690,39.9496307,-75.1980906,1,,,POINT (-75.1980906 39.9496307)
10960198694,39.9494978,-75.1982635,3,,,POINT (-75.1982635 39.9494978)
10960207836,39.9516477,-75.1930271,1,,,POINT (-75.1930271 39.9516477)
10960207837,39.9516629,-75.1931533,3,,,POINT (-75.1931533 39.9516629)
10960215373,39.9514193,-75.1932521,3,,,POINT (-75.1932521 39.9514193)
10960215374,39.9514856,-75.1931872,3,,,POINT (-75.1931872 39.9514856)
11108253415,39.9547157,-75.2014066,1,,,POINT (-75.2014066 39.9547157)
11108253416,39.954568,-75.2001947,4,,,POINT (-75.2001947 39.954568)
11108253418,39.9545567,-75.2000223,4,,,POINT (-75.2000223 39.9545567)
11108253419,39.9544927,-75.1995271,4,crossing,,POINT (-75.1995271 39.9544927)
11108253420,39.9544673,-75.1993222,4,crossing,,POINT (-75.1993222 39.9544673)
11108253421,39.9544102,-75.1988675,4,crossing,,POINT (-75.1988675 39.9544102)
11108253423,39.9537455,-75.1988708,3,,,POINT (-75.1988708 39.9537455)
11108253424,39.9543956,-75.1987492,3,,,POINT (-75.1987492 39.9543956)
11108253426,39.954599,-75.2001863,4,crossing,,POINT (-75.2001863 39.954599)
11108253427,39.9545617,-75.2001065,4,crossing,,POINT (-75.2001065 39.9545617)
11108334649,39.9547103,-75.1955057,3,,,POINT (-75.1955057 39.9547103)
11108334650,39.9540589,-75.1956404,3,,,POINT (-75.1956404 39.9540589)
11108334652,39.95408,-75.1958066,3,,,POINT (-75.1958066 39.95408)
11108334653,39.9547311,-75.1956864,3,,,POINT (-75.1956864 39.9547311)
11108334654,39.9540708,-75.19573,4,crossing,,POINT (-75.19573 39.9540708)
11108334655,39.9539763,-75.1956366,4,crossing,,POINT (-75.1956366 39.9539763)
11108334656,39.9540032,-75.195852,4,crossing,,POINT (-75.195852 39.9540032)
11108334657,39.9541205,-75.196609,4,crossing,,POINT (-75.196609 39.9541205)
11108334658,39.9541792,-75.1965968,4,crossing,,POINT (-75.1965968 39.9541792)
11108334659,39.954236,-75.1974444,3,,,POINT (-75.1974444 39.954236)
11185054104,39.9520238,-75.1851556,3,,,POINT (-75.1851556 39.9520238)
11185054105,39.9520722,-75.1851438,1,,,POINT (-75.1851438 39.9520722)
11185054106,39.9534992,-75.1864398,1,,,POINT (-75.1864398 39.9534992)
11205534337,39.9542461,-75.1975335,3,,,POINT (-75.1975335 39.9542461)
11337128006,39.948773,-75.1960975,3,,,POINT (-75.1960975 39.948773)
11337128043,39.9476966,-75.1912907,1,,,POINT (-75.1912907 39.9476966)
11342268110,39.9522266,-75.2017029,3,,,POINT (-75.2017029 39.9522266)
11342268119,39.9523225,-75.2015875,1,,,POINT (-75.2015875 39.9523225)
11342268136,39.9518183,-75.2007037,3,,,POINT (-75.2007037 39.9518183)
11342268137,39.9517356,-75.2000715,1,,,POINT (-75.2000715 39.9517356)
11342268139,39.9515976,-75.1998399,3,,,POINT (-75.1998399 39.9515976)
11342268140,39.9515908,-75.1997858,1,,,POINT (-75.1997858 39.9515908)
11353487616,39.9492594,-75.1924539,1,,,POINT (-75.1924539 39.9492594)
11353487619,39.9495251,-75.1925027,4,,,POINT (-75.1925027 39.9495251)
