u,v,key,osmid,name,highway,oneway,reversed,length,geometry
537973050,1856733320,0,42943335,乐育路,residential,False,False,123.243,"LINESTRING (116.3602068 39.9602719, 116.3616505 39.9603345)"
537973050,2733383589,0,267948581,,service,False,True,19.042,"LINESTRING (116.3602068 39.9602719, 116.3599836 39.9602644)"
537973050,1226520277,0,42943334,京师路,residential,False,False,134.95000000000002,"LINESTRING (116.3602068 39.9602719, 116.3601645 39.9609449, 116.3601249 39.9614839)"
537973050,6153792434,0,42943334,京师路,residential,False,True,24.382,"LINESTRING (116.3602068 39.9602719, 116.3602183 39.9601495, 116.3602273 39.9600532)"
1226520212,4907044070,0,106617830,,residential,False,False,14.782,"LINESTRING (116.3554152 39.9635948, 116.3554231 39.963462)"
1226520234,1226520316,0,106617831,晨曦路,service,False,False,14.554,"LINESTRING (116.3559191 39.9589801, 116.3560897 39.9589857)"
1226520234,4907129187,0,106617831,晨曦路,service,False,True,52.496,"LINESTRING (116.3559191 39.9589801, 116.3553032 39.9589759)"
1226520234,4907041816,0,106617835,,service,False,False,64.026,"LINESTRING (116.3559191 39.9589801, 116.3559167 39.9584043)"
1226520236,1226520278,0,267952851,辅仁路,residential,False,False,26.68,"LINESTRING (116.3555398 39.9613313, 116.3558526 39.9613406)"
1226520236,4907129879,0,499426662,,residential,False,True,22.998,"LINESTRING (116.3555398 39.9613313, 116.3552707 39.961316)"
1226520236,4907044070,0,499433549,励耘路,residential,False,True,237.132,"LINESTRING (116.3555398 39.9613313, 116.3554231 39.963462)"
1226520258,4907090818,0,106617833,,residential,False,True,18.706,"LINESTRING (116.3588485 39.9614446, 116.3588371 39.9616126)"
1226520258,4907090817,0,267952851,辅仁路,residential,False,True,61.803,"LINESTRING (116.3588485 39.9614446, 116.3581241 39.9614194)"
1226520258,1226520277,0,267952851,辅仁路,residential,False,False,108.873,"LINESTRING (116.3588485 39.9614446, 116.3599108 39.9614773, 116.3601249 39.9614839)"
1226520271,4907030719,0,106617832,立身路,service,False,False,6.844,"LINESTRING (116.3559147 39.9579282, 116.355995 39.9579277)"
1226520271,4907037421,0,106617832,立身路,service,False,True,10.987,"LINESTRING (116.3559147 39.9579282, 116.3557858 39.9579272)"
1226520271,4907041816,0,106617835,,service,False,True,52.94,"LINESTRING (116.3559147 39.9579282, 116.3559159 39.9582113, 116.3559167 39.9584043)"
1226520275,4907053512,0,42943334,京师路,residential,False,False,20.535,"LINESTRING (116.3603323 39.9589312, 116.3603151 39.9591154)"
1226520275,4907086692,0,42943334,京师路,residential,False,True,29.64,"LINESTRING (116.3603323 39.9589312, 116.3603568 39.9586653)"
1226520275,4907123401,0,106617831,晨曦路,service,False,True,15.429,"LINESTRING (116.3603323 39.9589312, 116.3601513 39.9589332)"
1226520277,4907053515,0,42943334,京师路,residential,False,False,47.91,"LINESTRING (116.3601249 39.9614839, 116.3600854 39.9619137)"
1226520277,537973050,0,42943334,京师路,residential,False,True,134.95000000000002,"LINESTRING (116.3601249 39.9614839, 116.3601645 39.9609449, 116.3602068 39.9602719)"
1226520277,1226520258,0,267952851,辅仁路,residential,False,True,108.873,"LINESTRING (116.3601249 39.9614839, 116.3599108 39.9614773, 116.3588485 39.9614446)"
1226520277,4907053518,0,499428270,,service,False,True,96.482,"LINESTRING (116.3601249 39.9614839, 116.3602449 39.9615476, 116.3603197 39.9616228, 116.3605812 39.9616979, 116.36088 39.9617409, 116.3608615 39.9619546)"
1226520277,4907053729,0,499428272,,service,False,False,49.898,"LINESTRING (116.3601249 39.9614839, 116.3602262 39.9614474, 116.3602776 39.9613472, 116.3604224 39.9613328, 116.3605111 39.9613293, 116.360518 39.9612542)"
1226520278,4907041818,0,267952851,辅仁路,residential,False,False,68.594,"LINESTRING (116.3558526 39.9613406, 116.3566566 39.9613685)"
1226520278,1226520236,0,267952851,辅仁路,residential,False,True,26.68,"LINESTRING (116.3558526 39.9613406, 116.3555398 39.9613313)"
1226520278,4907041825,0,106617836,,service,False,True,47.599000000000004,"LINESTRING (116.3558526 39.9613406, 116.3558585 39.961282, 116.3558956 39.9609138)"
1226520288,6225740643,0,499427389,丽泽路,residential,False,False,25.512,"LINESTRING (116.3586948 39.9635443, 116.358994 39.9635516)"
1226520288,4907090823,0,499427389,丽泽路,residential,False,True,57.064,"LINESTRING (116.3586948 39.9635443, 116.3580256 39.9635275)"
1226520288,4907096936,0,106617833,,residential,False,False,99.264,"LINESTRING (116.3586948 39.9635443, 116.3587417 39.9629031, 116.35876 39.962653)"
1226520307,4907086691,0,42943334,京师路,residential,False,False,11.649,"LINESTRING (116.3604273 39.9579021, 116.3604176 39.9580066)"
1226520307,2733378147,0,42943334,京师路,residential,False,True,38.328,"LINESTRING (116.3604273 39.9579021, 116.3604802 39.9575598)"
1226520307,4907123398,0,106617832,立身路,service,False,True,38.295,"LINESTRING (116.3604273 39.9579021, 116.359978 39.9579021)"
1226520316,4907041824,0,106617831,晨曦路,service,False,False,100.923,"LINESTRING (116.3560897 39.9589857, 116.3572735 39.958965)"
1226520316,1226520234,0,106617831,晨曦路,service,False,True,14.554,"LINESTRING (116.3560897 39.9589857, 116.3559191 39.9589801)"
1226520316,4907129185,0,106617836,,service,False,False,213.43900000000002,"LINESTRING (116.3560897 39.9589857, 116.3561116 39.9592047, 116.3560826 39.9595274, 116.3560375 39.9599532, 116.3559873 39.9603466, 116.355943 39.9608668, 116.3559007 39.9608634)"
1856733319,2733378159,0,267947992,,service,False,True,13.401,"LINESTRING (116.3631345 39.9576605, 116.3629773 39.9576583)"
1856733319,2733378154,0,968672849,,service,False,True,48.597,"LINESTRING (116.3631345 39.9576605, 116.3630951 39.9580965)"
1856733319,2733378152,0,267947992,,service,False,False,11.661999999999999,"LINESTRING (116.3631345 39.9576605, 116.3632092 39.9576615, 116.3632713 39.9576624)"
1856733319,2733378160,0,499432546,,service,False,False,93.54299999999999,"LINESTRING (116.3631345 39.9576605, 116.3632025 39.9569434, 116.363043 39.9569444)"
1856733320,4907054921,0,42943335,乐育路,residential,False,False,7.856,"LINESTRING (116.3616505 39.9603345, 116.3617426 39.9603373)"
1856733320,537973050,0,42943335,乐育路,residential,False,True,123.243,"LINESTRING (116.3616505 39.9603345, 116.3602068 39.9602719)"
1856733320,6153792441,0,175017612,,service,False,True,43.784000000000006,"LINESTRING (116.3616505 39.9603345, 116.3616539 39.9602991, 116.3616881 39.9599418)"
1856733322,4907057472,0,42943335,乐育路,residential,False,False,80.543,"LINESTRING (116.3628928 39.9603977, 116.3638339 39.9604635)"
1856733322,4907053732,0,42943335,乐育路,residential,False,True,15.64,"LINESTRING (116.3628928 39.9603977, 116.3627097 39.9603884)"
1856733322,4907053514,0,175017613,,service,False,False,130.45,"LINESTRING (116.3628928 39.9603977, 116.3629857 39.9592267)"
2733378147,1226520307,0,42943334,京师路,residential,False,False,38.328,"LINESTRING (116.3604802 39.9575598, 116.3604273 39.9579021)"
2733378147,4907037427,0,42943334,京师路,residential,False,True,50.846,"LINESTRING (116.3604802 39.9575598, 116.3605326 39.9571043)"
2733378147,2733378148,0,267947992,,service,False,False,122.546,"LINESTRING (116.3604802 39.9575598, 116.3619153 39.9576269)"
2733378148,2733378156,0,267947992,,service,False,False,18.834,"LINESTRING (116.3619153 39.9576269, 116.3621361 39.9576335)"
2733378148,2733378147,0,267947992,,service,False,True,122.546,"LINESTRING (116.3619153 39.9576269, 116.3604802 39.9575598)"
2733378148,2733378153,0,267947993,,service,False,False,45.575,"LINESTRING (116.3619153 39.9576269, 116.3618826 39.958036)"
2733378148,2733378157,0,"[267948000, 267947993]",,service,False,"[False, True]",98.044,"LINESTRING (116.3619153 39.9576269, 116.3619637 39.956919, 116.3621888 39.9569294)"
2733378152,4907081680,0,267947992,,service,False,False,82.09,"LINESTRING (116.3632713 39.9576624, 116.3642341 39.9576815)"
2733378152,1856733319,0,267947992,,service,False,True,11.661999999999999,"LINESTRING (116.3632713 39.9576624, 116.3632092 39.9576615, 116.3631345 39.9576605)"
2733378152,4907081681,0,"[499432544, 267947994]",,service,False,"[False, True]",144.53300000000002,"LINESTRING (116.3632713 39.9576624, 116.3633209 39.9569399, 116.3640725 39.9569546)"
2733378153,5136949083,0,267947993,,service,False,False,74.402,"LINESTRING (116.3618826 39.958036, 116.3618166 39.9587032)"
2733378153,2733378148,0,267947993,,service,False,True,45.575,"LINESTRING (116.3618826 39.958036, 116.3619153 39.9576269)"
2733378153,2733378155,0,267947996,,service,False,False,19.024,"LINESTRING (116.3618826 39.958036, 116.3621054 39.9580463)"
2733378153,6153825287,0,499433179,,service,False,False,24.248,"LINESTRING (116.3618826 39.958036, 116.3615982 39.9580303)"
2733378154,2733378158,0,267947996,,service,False,True,13.096,"LINESTRING (116.3630951 39.9580965, 116.3629422 39.9580849)"
2733378154,1856733319,0,968672849,,service,False,False,48.597,"LINESTRING (116.3630951 39.9580965, 116.3631345 39.9576605)"
2733378154,4907053514,0,"[968672849, 968672850, 175017613]",,service,False,True,126.02600000000001,"LINESTRING (116.3630951 39.9580965, 116.3630897 39.9581257, 116.3630321 39.958755, 116.3629857 39.9592267)"
2733378155,2733378198,0,267947996,,service,False,False,11.485,"LINESTRING (116.3621054 39.9580463, 116.3622399 39.9580525)"
2733378155,2733378153,0,267947996,,service,False,True,19.024,"LINESTRING (116.3621054 39.9580463, 116.3618826 39.958036)"
2733378155,2733378156,0,267947998,,service,False,False,45.976,"LINESTRING (116.3621054 39.9580463, 116.3621361 39.9576335)"
2733378156,2733378199,0,267947992,,service,False,False,12.41,"LINESTRING (116.3621361 39.9576335, 116.3622816 39.9576377)"
2733378156,2733378148,0,267947992,,service,False,True,18.834,"LINESTRING (116.3621361 39.9576335, 116.3619153 39.9576269)"
2733378156,2733378222,0,267947998,,service,False,False,22.22,"LINESTRING (116.3621361 39.9576335, 116.3621511 39.957434)"
2733378156,2733378155,0,267947998,,service,False,True,45.976,"LINESTRING (116.3621361 39.9576335, 116.3621054 39.9580463)"
2733378157,2733378204,0,267947998,,service,False,True,18.244,"LINESTRING (116.3621888 39.9569294, 116.3621765 39.9570932)"
2733378157,2733378200,0,267948000,,service,False,False,12.916,"LINESTRING (116.3621888 39.9569294, 116.3623403 39.956932)"
2733378157,2733378148,0,"[267948000, 267947993]",,service,False,"[False, True]",98.044,"LINESTRING (116.3621888 39.9569294, 116.3619637 39.956919, 116.3619153 39.9576269)"
2733378158,2733378154,0,267947996,,service,False,False,13.096,"LINESTRING (116.3629422 39.9580849, 116.3630951 39.9580965)"
2733378158,2733378201,0,267947996,,service,False,True,12.227,"LINESTRING (116.3629422 39.9580849, 116.362799 39.9580783)"
2733378158,2733378159,0,267947999,,service,False,False,47.53,"LINESTRING (116.3629422 39.9580849, 116.3629773 39.9576583)"
2733378159,1856733319,0,267947992,,service,False,False,13.401,"LINESTRING (116.3629773 39.9576583, 116.3631345 39.9576605)"
2733378159,2733378202,0,267947992,,service,False,True,11.72,"LINESTRING (116.3629773 39.9576583, 116.3628399 39.9576542)"
2733378159,2733378228,0,267947999,,service,False,False,20.868,"LINESTRING (116.3629773 39.9576583, 116.3629946 39.9574711)"
2733378159,2733378158,0,267947999,,service,False,True,47.53,"LINESTRING (116.3629773 39.9576583, 116.3629422 39.9580849)"
2733378160,2733378207,0,267947999,,service,False,True,20.41,"LINESTRING (116.363043 39.9569444, 116.3630262 39.9571275)"
2733378160,2733378203,0,267948000,,service,False,True,12.302,"LINESTRING (116.363043 39.9569444, 116.3628987 39.9569419)"
2733378160,1856733319,0,499432546,,service,False,True,93.54299999999999,"LINESTRING (116.363043 39.9569444, 116.3632025 39.9569434, 116.3631345 39.9576605)"
2733378198,2733378201,0,267947996,,service,False,False,47.74,"LINESTRING (116.3622399 39.9580525, 116.362799 39.9580783)"
2733378198,2733378155,0,267947996,,service,False,True,11.485,"LINESTRING (116.3622399 39.9580525, 116.3621054 39.9580463)"
2733378198,2733378199,0,267948004,,service,False,False,46.26,"LINESTRING (116.3622399 39.9580525, 116.3622816 39.9576377)"
2733378199,2733378230,0,267947992,,service,False,False,23.098,"LINESTRING (116.3622816 39.9576377, 116.3625524 39.9576457)"
2733378199,2733378156,0,267947992,,service,False,True,12.41,"LINESTRING (116.3622816 39.9576377, 116.3621361 39.9576335)"
2733378199,2733378224,0,267948004,,service,False,False,21.972,"LINESTRING (116.3622816 39.9576377, 116.362298 39.9574405)"
2733378199,2733378198,0,267948004,,service,False,True,46.26,"LINESTRING (116.3622816 39.9576377, 116.3622399 39.9580525)"
2733378200,2733378203,0,267948000,,service,False,False,47.607,"LINESTRING (116.3623403 39.956932, 116.3628987 39.9569419)"
2733378200,2733378157,0,267948000,,service,False,True,12.916,"LINESTRING (116.3623403 39.956932, 116.3621888 39.9569294)"
2733378200,2733378205,0,267948004,,service,False,True,18.641,"LINESTRING (116.3623403 39.956932, 116.3623264 39.9570993)"
2733378200,2733378211,0,267948007,,service,False,False,26.500999999999998,"LINESTRING (116.3623403 39.956932, 116.3624132 39.9569568, 116.3624618 39.9569863, 116.3625467 39.9570157, 116.3626194 39.9570327)"
2733378201,2733378158,0,267947996,,service,False,False,12.227,"LINESTRING (116.362799 39.9580783, 116.3629422 39.9580849)"
2733378201,2733378198,0,267947996,,service,False,True,47.74,"LINESTRING (116.362799 39.9580783, 116.3622399 39.9580525)"
2733378201,2733378202,0,267948005,,service,False,False,47.287,"LINESTRING (116.362799 39.9580783, 116.3628399 39.9576542)"
2733378202,2733378159,0,267947992,,service,False,False,11.72,"LINESTRING (116.3628399 39.9576542, 116.3629773 39.9576583)"
2733378202,2733378230,0,267947992,,service,False,True,24.523,"LINESTRING (116.3628399 39.9576542, 116.3625524 39.9576457)"
2733378202,2733378226,0,267948005,,service,False,False,21.08,"LINESTRING (116.3628399 39.9576542, 116.3628555 39.957465)"
2733378202,2733378201,0,267948005,,service,False,True,47.287,"LINESTRING (116.3628399 39.9576542, 116.362799 39.9580783)"
2733378203,2733378160,0,267948000,,service,False,False,12.302,"LINESTRING (116.3628987 39.9569419, 116.363043 39.9569444)"
2733378203,2733378200,0,267948000,,service,False,True,47.607,"LINESTRING (116.3628987 39.9569419, 116.3623403 39.956932)"
2733378203,2733378206,0,267948005,,service,False,True,19.788,"LINESTRING (116.3628987 39.9569419, 116.362884 39.9571195)"
2733378203,2733378211,0,267948007,,service,False,True,26.023000000000003,"LINESTRING (116.3628987 39.9569419, 116.3628014 39.9569832, 116.3627165 39.9570142, 116.3626194 39.9570327)"
2733378204,2733378157,0,267947998,,service,False,False,18.244,"LINESTRING (116.3621765 39.9570932, 116.3621888 39.9569294)"
2733378204,2733378222,0,267947998,,service,False,True,37.957,"LINESTRING (116.3621765 39.9570932, 116.3621511 39.957434)"
2733378204,2733378205,0,267948006,,service,False,False,12.795,"LINESTRING (116.3621765 39.9570932, 116.3623264 39.9570993)"
2733378205,2733378200,0,267948004,,service,False,False,18.641,"LINESTRING (116.3623264 39.9570993, 116.3623403 39.956932)"
2733378205,2733378224,0,267948004,,service,False,True,38.017,"LINESTRING (116.3623264 39.9570993, 116.362298 39.9574405)"
2733378205,2733378218,0,267948006,,service,False,False,23.986,"LINESTRING (116.3623264 39.9570993, 116.3626075 39.9571095)"
2733378205,2733378204,0,267948006,,service,False,True,12.795,"LINESTRING (116.3623264 39.9570993, 116.3621765 39.9570932)"
2733378206,2733378203,0,267948005,,service,False,False,19.788,"LINESTRING (116.362884 39.9571195, 116.3628987 39.9569419)"
2733378206,2733378226,0,267948005,,service,False,True,38.495,"LINESTRING (116.362884 39.9571195, 116.3628555 39.957465)"
2733378206,2733378207,0,267948006,,service,False,False,12.153,"LINESTRING (116.362884 39.9571195, 116.3630262 39.9571275)"
2733378206,2733378218,0,267948006,,service,False,True,23.593,"LINESTRING (116.362884 39.9571195, 116.3626075 39.9571095)"
2733378207,2733378160,0,267947999,,service,False,False,20.41,"LINESTRING (116.3630262 39.9571275, 116.363043 39.9569444)"
2733378207,2733378228,0,267947999,,service,False,True,38.301,"LINESTRING (116.3630262 39.9571275, 116.3629946 39.9574711)"
2733378207,2733378206,0,267948006,,service,False,True,12.153,"LINESTRING (116.3630262 39.9571275, 116.362884 39.9571195)"
2733378211,2733378218,0,267948008,,service,False,False,8.6,"LINESTRING (116.3626194 39.9570327, 116.3626075 39.9571095)"
2733378211,2733378203,0,267948007,,service,False,False,26.023,"LINESTRING (116.3626194 39.9570327, 116.3627165 39.9570142, 116.3628014 39.9569832, 116.3628987 39.9569419)"
2733378211,2733378200,0,267948007,,service,False,True,26.500999999999998,"LINESTRING (116.3626194 39.9570327, 116.3625467 39.9570157, 116.3624618 39.9569863, 116.3624132 39.9569568, 116.3623403 39.956932)"
2733378218,2733378206,0,267948006,,service,False,False,23.593,"LINESTRING (116.3626075 39.9571095, 116.362884 39.9571195)"
2733378218,2733378205,0,267948006,,service,False,True,23.986,"LINESTRING (116.3626075 39.9571095, 116.3623264 39.9570993)"
2733378218,2733378220,0,267948008,,service,False,False,8.497,"LINESTRING (116.3626075 39.9571095, 116.3626054 39.9571859)"
2733378218,2733378211,0,267948008,,service,False,True,8.6,"LINESTRING (116.3626075 39.9571095, 116.3626194 39.9570327)"
2733378220,2733378218,0,267948008,,service,False,True,8.497,"LINESTRING (116.3626054 39.9571859, 116.3626075 39.9571095)"
2733378220,2733378232,0,267948011,,service,False,False,32.261,"LINESTRING (116.3626054 39.9571859, 116.3625674 39.9571871, 116.3625317 39.9571974, 116.3625021 39.9572157, 116.3624814 39.9572402, 116.3624718 39.9572684, 116.362475 39.9573001, 116.3624921 39.957329, 116.362521 39.9573518, 116.3625583 39.9573656, 116.3625806 39.9573674)"
2733378220,2733378232,1,267948011,,service,False,True,31.682999999999996,"LINESTRING (116.3626054 39.9571859, 116.362642 39.9571939, 116.3626735 39.9572103, 116.3626967 39.9572334, 116.3627093 39.957261, 116.36271 39.9572902, 116.3626987 39.957318, 116.3626741 39.9573436, 116.3626397 39.9573613, 116.3625995 39.9573689, 116.3625806 39.9573674)"
2733378222,2733378204,0,267947998,,service,False,False,37.957,"LINESTRING (116.3621511 39.957434, 116.3621765 39.9570932)"
2733378222,2733378156,0,267947998,,service,False,True,22.22,"LINESTRING (116.3621511 39.957434, 116.3621361 39.9576335)"
2733378222,2733378224,0,267948009,,service,False,False,12.542,"LINESTRING (116.3621511 39.957434, 116.362298 39.9574405)"
2733378224,2733378205,0,267948004,,service,False,False,38.017,"LINESTRING (116.362298 39.9574405, 116.3623264 39.9570993)"
2733378224,2733378199,0,267948004,,service,False,True,21.972,"LINESTRING (116.362298 39.9574405, 116.3622816 39.9576377)"
2733378224,2733378231,0,267948009,,service,False,False,23.29,"LINESTRING (116.362298 39.9574405, 116.3625708 39.9574525)"
2733378224,2733378222,0,267948009,,service,False,True,12.542,"LINESTRING (116.362298 39.9574405, 116.3621511 39.957434)"
2733378226,2733378206,0,267948005,,service,False,False,38.495,"LINESTRING (116.3628555 39.957465, 116.362884 39.9571195)"
2733378226,2733378202,0,267948005,,service,False,True,21.08,"LINESTRING (116.3628555 39.957465, 116.3628399 39.9576542)"
2733378226,2733378228,0,267948009,,service,False,False,11.875,"LINESTRING (116.3628555 39.957465, 116.3629946 39.9574711)"
2733378226,2733378231,0,267948009,,service,False,True,24.306,"LINESTRING (116.3628555 39.957465, 116.3625708 39.9574525)"
2733378228,2733378207,0,267947999,,service,False,False,38.301,"LINESTRING (116.3629946 39.9574711, 116.3630262 39.9571275)"
2733378228,2733378159,0,267947999,,service,False,True,20.868,"LINESTRING (116.3629946 39.9574711, 116.3629773 39.9576583)"
2733378228,2733378226,0,267948009,,service,False,True,11.875,"LINESTRING (116.3629946 39.9574711, 116.3628555 39.957465)"
2733378230,2733378202,0,267947992,,service,False,False,24.523,"LINESTRING (116.3625524 39.9576457, 116.3628399 39.9576542)"
2733378230,2733378199,0,267947992,,service,False,True,23.098,"LINESTRING (116.3625524 39.9576457, 116.3622816 39.9576377)"
2733378230,2733378231,0,267948010,,service,False,False,21.54,"LINESTRING (116.3625524 39.9576457, 116.3625708 39.9574525)"
2733378231,2733378226,0,267948009,,service,False,False,24.306,"LINESTRING (116.3625708 39.9574525, 116.3628555 39.957465)"
2733378231,2733378224,0,267948009,,service,False,True,23.29,"LINESTRING (116.3625708 39.9574525, 116.362298 39.9574405)"
2733378231,2733378232,0,267948010,,service,False,False,9.499,"LINESTRING (116.3625708 39.9574525, 116.3625806 39.9573674)"
2733378231,2733378230,0,267948010,,service,False,True,21.54,"LINESTRING (116.3625708 39.9574525, 116.3625524 39.9576457)"
2733378232,2733378231,0,267948010,,service,False,True,9.499,"LINESTRING (116.3625806 39.9573674, 116.3625708 39.9574525)"
2733378232,2733378220,0,267948011,,service,False,False,31.683,"LINESTRING (116.3625806 39.9573674, 116.3625995 39.9573689, 116.3626397 39.9573613, 116.3626741 39.9573436, 116.3626987 39.957318, 116.36271 39.9572902, 116.3627093 39.957261, 116.3626967 39.9572334, 116.3626735 39.9572103, 116.362642 39.9571939, 116.3626054 39.9571859)"
2733378232,2733378220,1,267948011,,service,False,True,32.260999999999996,"LINESTRING (116.3625806 39.9573674, 116.3625583 39.9573656, 116.362521 39.9573518, 116.3624921 39.957329, 116.362475 39.9573001, 116.3624718 39.9572684, 116.3624814 39.9572402, 116.3625021 39.9572157, 116.3625317 39.9571974, 116.3625674 39.9571871, 116.3626054 39.9571859)"
2733383584,6153792435,0,657010261,,footway,False,True,10.858,"LINESTRING (116.3599775 39.9600415, 116.3599846 39.959944)"
2733383584,2733383589,0,267948580,,service,False,False,25.072000000000003,"LINESTRING (116.3599775 39.9600415, 116.36 39.9601126, 116.3599836 39.9602644)"
2733383584,2733383589,1,267948580,,service,False,True,107.19999999999999,"LINESTRING (116.3599775 39.9600415, 116.3599073 39.9600012, 116.3598396 39.9600012, 116.359777 39.96003, 116.3597519 39.9600992, 116.3597219 39.9603854, 116.3597419 39.9604449, 116.359787 39.9604795, 116.3598647 39.9604872, 116.3599248 39.9604584, 116.3599675 39.9604142, 116.3599836 39.9602644)"
2733383589,537973050,0,267948581,,service,False,False,19.042,"LINESTRING (116.3599836 39.9602644, 116.3602068 39.9602719)"
2733383589,2733383584,0,267948580,,service,False,False,107.19999999999999,"LINESTRING (116.3599836 39.9602644, 116.3599675 39.9604142, 116.3599248 39.9604584, 116.3598647 39.9604872, 116.359787 39.9604795, 116.3597419 39.9604449, 116.3597219 39.9603854, 116.3597519 39.9600992, 116.359777 39.96003, 116.3598396 39.9600012, 116.3599073 39.9600012, 116.3599775 39.9600415)"
2733383589,2733383584,1,267948580,,service,False,True,25.072000000000003,"LINESTRING (116.3599836 39.9602644, 116.36 39.9601126, 116.3599775 39.9600415)"
4907030708,4907037421,0,106617832,立身路,service,False,False,17.832,"LINESTRING (116.3555766 39.9579255, 116.3557858 39.9579272)"
4907030708,4907030717,0,499426086,,service,False,False,44.347,"LINESTRING (116.3555766 39.9579255, 116.3555817 39.9575267)"
4907030709,4907030714,0,499426086,,service,False,True,7.773,"LINESTRING (116.3555873 39.9570785, 116.3555866 39.9571484)"
4907030709,4907030713,0,499426087,,service,False,False,108.167,"LINESTRING (116.3555873 39.9570785, 116.3558931 39.9570826, 116.3567498 39.9570724, 116.3567112 39.9571484)"
4907030709,10233497657,0,"[1118957782, 499426087]",,"['footway', 'service']",False,"[False, True]",34.57,"LINESTRING (116.3555873 39.9570785, 116.3554049 39.9570743, 116.3554016 39.9569033)"
4907030713,4907030716,0,499426087,,service,False,False,30.405,"LINESTRING (116.3567112 39.9571484, 116.3563545 39.9571513)"
4907030713,4907041803,0,499426093,,service,False,False,22.089,"LINESTRING (116.3567112 39.9571484, 116.3569703 39.9571441)"
4907030713,4907030709,0,499426087,,service,False,True,108.167,"LINESTRING (116.3567112 39.9571484, 116.3567498 39.9570724, 116.3558931 39.9570826, 116.3555873 39.9570785)"
4907030714,4907030709,0,499426086,,service,False,False,7.773,"LINESTRING (116.3555866 39.9571484, 116.3555873 39.9570785)"
4907030714,4907030717,0,499426086,,service,False,True,42.067,"LINESTRING (116.3555866 39.9571484, 116.3555817 39.9575267)"
4907030714,4907030716,0,499426087,,service,False,True,65.452,"LINESTRING (116.3555866 39.9571484, 116.3563545 39.9571513)"
4907030715,4907041802,0,106617832,立身路,service,False,False,53.374,"LINESTRING (116.356349 39.9579257, 116.3569752 39.9579222)"
4907030715,4907037423,0,106617832,立身路,service,False,True,19.664,"LINESTRING (116.356349 39.9579257, 116.3561183 39.9579268)"
4907030715,4907030718,0,499426088,,service,False,False,43.912,"LINESTRING (116.356349 39.9579257, 116.3563518 39.9575308)"
4907030716,4907030714,0,499426087,,service,False,False,65.452,"LINESTRING (116.3563545 39.9571513, 116.3555866 39.9571484)"
4907030716,4907030713,0,499426087,,service,False,True,30.405,"LINESTRING (116.3563545 39.9571513, 116.3567112 39.9571484)"
4907030716,4907030718,0,499426088,,service,False,True,42.199,"LINESTRING (116.3563545 39.9571513, 116.3563518 39.9575308)"
4907030717,4907030714,0,499426086,,service,False,False,42.067,"LINESTRING (116.3555817 39.9575267, 116.3555866 39.9571484)"
4907030717,4907030708,0,499426086,,service,False,True,44.347,"LINESTRING (116.3555817 39.9575267, 116.3555766 39.9579255)"
4907030717,4907037422,0,499426089,,service,False,False,17.397,"LINESTRING (116.3555817 39.9575267, 116.3557858 39.9575278)"
4907030718,4907030716,0,499426088,,service,False,False,42.199,"LINESTRING (116.3563518 39.9575308, 116.3563545 39.9571513)"
4907030718,4907030715,0,499426088,,service,False,True,43.912,"LINESTRING (116.3563518 39.9575308, 116.356349 39.9579257)"
4907030718,4907037424,0,499426089,,service,False,True,18.984,"LINESTRING (116.3563518 39.9575308, 116.3561291 39.9575336)"
4907030719,4907037423,0,106617832,立身路,service,False,False,10.51,"LINESTRING (116.355995 39.9579277, 116.3561183 39.9579268)"
4907030719,1226520271,0,106617832,立身路,service,False,True,6.844,"LINESTRING (116.355995 39.9579277, 116.3559147 39.9579282)"
4907030719,4907030720,0,499426090,,service,False,False,44.347,"LINESTRING (116.355995 39.9579277, 116.3560003 39.9575289)"
4907030720,4907037424,0,499426089,,service,False,False,10.99,"LINESTRING (116.3560003 39.9575289, 116.3561291 39.9575336)"
4907030720,4907037422,0,499426089,,service,False,True,18.283,"LINESTRING (116.3560003 39.9575289, 116.3557858 39.9575278)"
4907030720,4907030719,0,499426090,,service,False,True,44.347,"LINESTRING (116.3560003 39.9575289, 116.355995 39.9579277)"
4907034335,4907093197,0,106617831,晨曦路,service,False,False,108.604,"LINESTRING (116.3573931 39.9589629, 116.3586672 39.9589492)"
4907034335,4907041824,0,106617831,晨曦路,service,False,True,10.196,"LINESTRING (116.3573931 39.9589629, 116.3572735 39.958965)"
4907034335,4907034336,0,499425703,,service,False,False,115.988,"LINESTRING (116.3573931 39.9589629, 116.3573922 39.9585657, 116.3573908 39.9579198)"
4907034336,4907041804,0,106617832,立身路,service,False,False,8.353,"LINESTRING (116.3573908 39.9579198, 116.3574888 39.9579192)"
4907034336,4907041802,0,106617832,立身路,service,False,True,35.424,"LINESTRING (116.3573908 39.9579198, 116.3569752 39.9579222)"
4907034336,4907034335,0,499425703,,service,False,True,115.988,"LINESTRING (116.3573908 39.9579198, 116.3573922 39.9585657, 116.3573931 39.9589629)"
4907037421,1226520271,0,106617832,立身路,service,False,False,10.987,"LINESTRING (116.3557858 39.9579272, 116.3559147 39.9579282)"
4907037421,4907030708,0,106617832,立身路,service,False,True,17.832,"LINESTRING (116.3557858 39.9579272, 116.3555766 39.9579255)"
4907037421,4907037422,0,499426091,,living_street,False,False,44.411,"LINESTRING (116.3557858 39.9579272, 116.3557858 39.9575278)"
4907037422,4907030720,0,499426089,,service,False,False,18.283,"LINESTRING (116.3557858 39.9575278, 116.3560003 39.9575289)"
4907037422,4907030717,0,499426089,,service,False,True,17.397,"LINESTRING (116.3557858 39.9575278, 116.3555817 39.9575267)"
4907037422,4907037421,0,499426091,,living_street,False,True,44.411,"LINESTRING (116.3557858 39.9575278, 116.3557858 39.9579272)"
4907037423,4907030715,0,106617832,立身路,service,False,False,19.664,"LINESTRING (116.3561183 39.9579268, 116.356349 39.9579257)"
4907037423,4907030719,0,106617832,立身路,service,False,True,10.51,"LINESTRING (116.3561183 39.9579268, 116.355995 39.9579277)"
4907037423,4907037424,0,499426092,,living_street,False,False,43.732,"LINESTRING (116.3561183 39.9579268, 116.3561291 39.9575336)"
4907037424,4907030718,0,499426089,,service,False,False,18.984,"LINESTRING (116.3561291 39.9575336, 116.3563518 39.9575308)"
4907037424,4907030720,0,499426089,,service,False,True,10.99,"LINESTRING (116.3561291 39.9575336, 116.3560003 39.9575289)"
4907037424,4907037423,0,499426092,,living_street,False,True,43.732,"LINESTRING (116.3561291 39.9575336, 116.3561183 39.9579268)"
4907037425,4907037512,0,499426956,,service,False,True,38.496,"LINESTRING (116.3588249 39.9571318, 116.3588253 39.957478)"
4907037425,4907037427,0,499426093,,service,False,False,145.59,"LINESTRING (116.3588249 39.9571318, 116.3593497 39.9571242, 116.3603353 39.9571098, 116.3603629 39.9571093, 116.3604182 39.9571083, 116.3605326 39.9571043)"
4907037425,4907041805,0,499426093,,service,False,True,113.873,"LINESTRING (116.3588249 39.9571318, 116.3583222 39.9571332, 116.3577525 39.9571349, 116.3574889 39.9571356)"
4907037427,2733378147,0,42943334,京师路,residential,False,False,50.846,"LINESTRING (116.3605326 39.9571043, 116.3604802 39.9575598)"
4907037427,4907037425,0,499426093,,service,False,True,145.59,"LINESTRING (116.3605326 39.9571043, 116.3604182 39.9571083, 116.3603629 39.9571093, 116.3603353 39.9571098, 116.3593497 39.9571242, 116.3588249 39.9571318)"
4907037510,4907041805,0,499426953,,service,False,False,39.274,"LINESTRING (116.3574889 39.9574888, 116.3574889 39.9571356)"
4907037510,4907041804,0,499426953,,service,False,True,47.858,"LINESTRING (116.3574889 39.9574888, 116.3574888 39.9579192)"
4907037510,4907037511,0,499426993,,service,False,False,79.56599999999999,"LINESTRING (116.3574889 39.9574888, 116.3575944 39.9574876, 116.3584223 39.957478)"
4907037511,4907037510,0,499426993,,service,False,True,79.56599999999999,"LINESTRING (116.3584223 39.957478, 116.3575944 39.9574876, 116.3574889 39.9574888)"
4907037512,4907037425,0,499426956,,service,False,False,38.496,"LINESTRING (116.3588253 39.957478, 116.3588249 39.9571318)"
4907037512,4907037513,0,499426994,,service,False,False,22.885,"LINESTRING (116.3588253 39.957478, 116.3585568 39.957478)"
4907037512,4907041815,0,499426956,,service,False,True,47.147,"LINESTRING (116.3588253 39.957478, 116.3588259 39.9578743, 116.3588259 39.957902)"
4907037513,4907037512,0,499426994,,service,False,True,22.885,"LINESTRING (116.3585568 39.957478, 116.3588253 39.957478)"
4907039226,6225740645,0,42943334,京师路,residential,False,True,30.384,"LINESTRING (116.3599497 39.9635749, 116.3599677 39.963302)"
4907039226,4907082047,0,499427389,丽泽路,residential,False,False,98.162,"LINESTRING (116.3599497 39.9635749, 116.361101 39.9636006)"
4907039226,6225740643,0,499427389,丽泽路,residential,False,True,81.492,"LINESTRING (116.3599497 39.9635749, 116.358994 39.9635516)"
4907041802,4907034336,0,106617832,立身路,service,False,False,35.424,"LINESTRING (116.3569752 39.9579222, 116.3573908 39.9579198)"
4907041802,4907030715,0,106617832,立身路,service,False,True,53.374,"LINESTRING (116.3569752 39.9579222, 116.356349 39.9579257)"
4907041802,4907041803,0,499426952,,service,False,False,86.522,"LINESTRING (116.3569752 39.9579222, 116.3569703 39.9571441)"
4907041803,4907041805,0,499426093,,service,False,False,44.212,"LINESTRING (116.3569703 39.9571441, 116.3574889 39.9571356)"
4907041803,4907030713,0,499426093,,service,False,True,22.089,"LINESTRING (116.3569703 39.9571441, 116.3567112 39.9571484)"
4907041803,4907041802,0,499426952,,service,False,True,86.522,"LINESTRING (116.3569703 39.9571441, 116.3569752 39.9579222)"
4907041804,4907034336,0,106617832,立身路,service,False,True,8.353,"LINESTRING (116.3574888 39.9579192, 116.3573908 39.9579198)"
4907041804,4907037510,0,499426953,,service,False,False,47.858,"LINESTRING (116.3574888 39.9579192, 116.3574889 39.9574888)"
4907041804,4907041815,0,106617832,立身路,service,False,False,113.98100000000001,"LINESTRING (116.3574888 39.9579192, 116.3587797 39.9579026, 116.3588259 39.957902)"
4907041805,4907041803,0,499426093,,service,False,True,44.212,"LINESTRING (116.3574889 39.9571356, 116.3569703 39.9571441)"
4907041805,4907037510,0,499426953,,service,False,True,39.274,"LINESTRING (116.3574889 39.9571356, 116.3574889 39.9574888)"
4907041805,4907037425,0,499426093,,service,False,False,113.87299999999999,"LINESTRING (116.3574889 39.9571356, 116.3577525 39.9571349, 116.3583222 39.9571332, 116.3588249 39.9571318)"
4907041814,6153792419,0,106617831,晨曦路,service,False,False,69.147,"LINESTRING (116.358813 39.9589476, 116.3596242 39.9589389)"
4907041814,4907123400,0,499426956,,service,False,False,33.994,"LINESTRING (116.358813 39.9589476, 116.3588168 39.9586419)"
4907041814,4907093197,0,106617831,晨曦路,service,False,True,12.428,"LINESTRING (116.358813 39.9589476, 116.3587812 39.9589479, 116.3586672 39.9589492)"
4907041815,4907123398,0,106617832,立身路,service,False,False,98.197,"LINESTRING (116.3588259 39.957902, 116.359978 39.9579021)"
4907041815,4907079478,0,499426956,,service,False,True,10.353,"LINESTRING (116.3588259 39.957902, 116.3588248 39.9579951)"
4907041815,4907041804,0,106617832,立身路,service,False,True,113.98100000000001,"LINESTRING (116.3588259 39.957902, 116.3587797 39.9579026, 116.3574888 39.9579192)"
4907041815,4907037512,0,499426956,,service,False,False,47.147,"LINESTRING (116.3588259 39.957902, 116.3588259 39.9578743, 116.3588253 39.957478)"
4907041816,1226520234,0,106617835,,service,False,True,64.026,"LINESTRING (116.3559167 39.9584043, 116.3559191 39.9589801)"
4907041816,4907041817,0,499426957,,service,False,False,31.255,"LINESTRING (116.3559167 39.9584043, 116.3555502 39.958395)"
4907041816,1226520271,0,106617835,,service,False,False,52.94,"LINESTRING (116.3559167 39.9584043, 116.3559159 39.9582113, 116.3559147 39.9579282)"
4907041817,4907041816,0,499426957,,service,False,True,31.255,"LINESTRING (116.3555502 39.958395, 116.3559167 39.9584043)"
4907041818,4907088623,0,267952851,辅仁路,residential,False,False,15.715,"LINESTRING (116.3566566 39.9613685, 116.3568408 39.9613749)"
4907041818,1226520278,0,267952851,辅仁路,residential,False,True,68.594,"LINESTRING (116.3566566 39.9613685, 116.3558526 39.9613406)"
4907041818,4907041822,0,499426958,,service,False,False,79.855,"LINESTRING (116.3566566 39.9613685, 116.3566663 39.9612675, 116.3566942 39.9609769, 116.3571183 39.9609936)"
4907041821,4907093189,0,267952851,辅仁路,residential,False,False,28.743,"LINESTRING (116.3576302 39.9613999, 116.357967 39.9614132)"
4907041821,4907090815,0,267952851,辅仁路,residential,False,True,25.132,"LINESTRING (116.3576302 39.9613999, 116.3573355 39.9613921)"
4907041821,4907041822,0,499426958,,service,False,True,89.733,"LINESTRING (116.3576302 39.9613999, 116.3576379 39.9613149, 116.3576652 39.9610135, 116.3571183 39.9609936)"
4907041822,4907041821,0,499426958,,service,False,False,89.733,"LINESTRING (116.3571183 39.9609936, 116.3576652 39.9610135, 116.3576379 39.9613149, 116.3576302 39.9613999)"
4907041822,4907041818,0,499426958,,service,False,True,79.85499999999999,"LINESTRING (116.3571183 39.9609936, 116.3566942 39.9609769, 116.3566663 39.9612675, 116.3566566 39.9613685)"
4907041822,4907041824,0,499426959,,service,False,False,226.06199999999998,"LINESTRING (116.3571183 39.9609936, 116.3572738 39.9593881, 116.3572735 39.958965)"
4907041824,4907034335,0,106617831,晨曦路,service,False,False,10.196,"LINESTRING (116.3572735 39.958965, 116.3573931 39.9589629)"
4907041824,1226520316,0,106617831,晨曦路,service,False,True,100.923,"LINESTRING (116.3572735 39.958965, 116.3560897 39.9589857)"
4907041824,4907041822,0,499426959,,service,False,True,226.06199999999998,"LINESTRING (116.3572735 39.958965, 116.3572738 39.9593881, 116.3571183 39.9609936)"
4907041825,4907129185,0,106617836,,service,False,True,5.621,"LINESTRING (116.3558956 39.9609138, 116.3559007 39.9608634)"
4907041825,1226520278,0,106617836,,service,False,False,47.599000000000004,"LINESTRING (116.3558956 39.9609138, 116.3558585 39.961282, 116.3558526 39.9613406)"
4907041825,4907041828,0,499426960,,footway,False,False,70.273,"LINESTRING (116.3558956 39.9609138, 116.3563083 39.960914, 116.3564478 39.9609921, 116.3566865 39.9610024)"
4907041828,4907041825,0,499426960,,footway,False,True,70.273,"LINESTRING (116.3566865 39.9610024, 116.3564478 39.9609921, 116.3563083 39.960914, 116.3558956 39.9609138)"
4907044070,1226520212,0,106617830,,residential,False,True,14.782,"LINESTRING (116.3554231 39.963462, 116.3554152 39.9635948)"
4907044070,4907090821,0,499427389,丽泽路,residential,False,False,104.057,"LINESTRING (116.3554231 39.963462, 116.3566434 39.9634927)"
4907044070,1226520236,0,499433549,励耘路,residential,False,False,237.132,"LINESTRING (116.3554231 39.963462, 116.3555398 39.9613313)"
4907044071,4907082047,0,499427389,丽泽路,residential,False,True,73.362,"LINESTRING (116.361961 39.963629, 116.361101 39.9636006)"
4907044071,4907086479,0,499427390,,residential,False,False,13.254,"LINESTRING (116.361961 39.963629, 116.3619672 39.9635099)"
4907044071,4907083460,0,499427390,,residential,False,True,6.075,"LINESTRING (116.361961 39.963629, 116.3619586 39.9636836)"
4907044075,4907083462,0,499427589,,residential,False,False,82.4,"LINESTRING (116.362112 39.9623801, 116.3630759 39.9624377)"
4907044075,4907053517,0,499427589,,residential,False,True,49.258,"LINESTRING (116.362112 39.9623801, 116.3615349 39.962356)"
4907044075,4907082045,0,"[968672825, 968672827, 968672828]",,residential,False,True,25.066,"LINESTRING (116.362112 39.9623801, 116.362104 39.9624303, 116.3620913 39.9625251, 116.3620815 39.9626043)"
4907049520,4907096935,0,42943334,京师路,residential,False,False,10.056,"LINESTRING (116.3600505 39.9622939, 116.360042 39.9623841)"
4907049520,4907053515,0,42943334,京师路,residential,False,True,42.381,"LINESTRING (116.3600505 39.9622939, 116.3600854 39.9619137)"
4907049520,4907082052,0,499427589,,residential,False,False,104.917,"LINESTRING (116.3600505 39.9622939, 116.3612797 39.9623453)"
4907053512,6153792437,0,42943334,京师路,residential,False,False,50.768,"LINESTRING (116.3603151 39.9591154, 116.3602725 39.9595708)"
4907053512,1226520275,0,42943334,京师路,residential,False,True,20.535,"LINESTRING (116.3603151 39.9591154, 116.3603323 39.9589312)"
4907053512,6153820611,0,499428268,,service,False,False,31.087,"LINESTRING (116.3603151 39.9591154, 116.3606791 39.9591331)"
4907053513,6153820605,0,175017612,,service,False,False,10.748,"LINESTRING (116.3617605 39.9591858, 116.3617513 39.9592822)"
4907053513,5136949083,0,175017612,,service,False,True,53.875,"LINESTRING (116.3617605 39.9591858, 116.3618166 39.9587032)"
4907053513,6153820607,0,499428268,,service,False,True,26.688,"LINESTRING (116.3617605 39.9591858, 116.361448 39.9591706)"
4907053513,4907053514,0,"[968672848, 499428268, 968672847]",,service,False,False,104.53999999999999,"LINESTRING (116.3617605 39.9591858, 116.3621312 39.9591943, 116.3627794 39.9592139, 116.3629857 39.9592267)"
4907053514,1856733322,0,175017613,,service,False,True,130.45,"LINESTRING (116.3629857 39.9592267, 116.3628928 39.9603977)"
4907053514,2733378154,0,"[968672849, 968672850, 175017613]",,service,False,False,126.02600000000001,"LINESTRING (116.3629857 39.9592267, 116.3630321 39.958755, 116.3630897 39.9581257, 116.3630951 39.9580965)"
4907053514,4907053513,0,"[968672848, 499428268, 968672847]",,service,False,True,104.53999999999999,"LINESTRING (116.3629857 39.9592267, 116.3627794 39.9592139, 116.3621312 39.9591943, 116.3617605 39.9591858)"
4907053515,4907049520,0,42943334,京师路,residential,False,False,42.381,"LINESTRING (116.3600854 39.9619137, 116.3600505 39.9622939)"
4907053515,1226520277,0,42943334,京师路,residential,False,True,47.91,"LINESTRING (116.3600854 39.9619137, 116.3601249 39.9614839)"
4907053515,4907053518,0,499428269,,service,False,False,66.301,"LINESTRING (116.3600854 39.9619137, 116.3608615 39.9619546)"
4907053516,4907053517,0,499428269,,service,False,False,40.596,"LINESTRING (116.3615619 39.9619915, 116.3615349 39.962356)"
4907053516,4907053518,0,499428269,,service,False,True,59.834,"LINESTRING (116.3615619 39.9619915, 116.3608615 39.9619546)"
4907053516,4907082036,0,499428271,,service,False,False,8.048,"LINESTRING (116.3615619 39.9619915, 116.3615701 39.9619194)"
4907053517,4907044075,0,499427589,,residential,False,False,49.258,"LINESTRING (116.3615349 39.962356, 116.362112 39.9623801)"
4907053517,4907082052,0,499427589,,residential,False,True,21.783,"LINESTRING (116.3615349 39.962356, 116.3612797 39.9623453)"
4907053517,4907053516,0,499428269,,service,False,True,40.596,"LINESTRING (116.3615349 39.962356, 116.3615619 39.9619915)"
4907053518,4907053516,0,499428269,,service,False,False,59.834,"LINESTRING (116.3608615 39.9619546, 116.3615619 39.9619915)"
4907053518,4907053515,0,499428269,,service,False,True,66.301,"LINESTRING (116.3608615 39.9619546, 116.3600854 39.9619137)"
4907053518,1226520277,0,499428270,,service,False,False,96.482,"LINESTRING (116.3608615 39.9619546, 116.36088 39.9617409, 116.3605812 39.9616979, 116.3603197 39.9616228, 116.3602449 39.9615476, 116.3601249 39.9614839)"
4907053723,4907082036,0,499428271,,service,False,True,68.666,"LINESTRING (116.36164 39.9613042, 116.3615701 39.9619194)"
4907053723,4907053731,0,499428273,,service,False,False,83.96,"LINESTRING (116.36164 39.9613042, 116.3626229 39.9613548)"
4907053723,4907053729,0,499428273,,service,False,True,95.788,"LINESTRING (116.36164 39.9613042, 116.360518 39.9612542)"
4907053723,4907082445,0,"[968672821, 968672822, 499428407]",,service,False,False,34.976,"LINESTRING (116.36164 39.9613042, 116.3616496 39.9612116, 116.3616558 39.9611525, 116.361669 39.9610391, 116.3616733 39.9609907)"
4907053728,4907082446,0,499428272,,service,False,True,14.213,"LINESTRING (116.3605858 39.9605203, 116.360574 39.9606478)"
4907053729,4907082444,0,499428272,,service,False,False,36.396,"LINESTRING (116.360518 39.9612542, 116.3605482 39.9609277)"
4907053729,4907053723,0,499428273,,service,False,False,95.788,"LINESTRING (116.360518 39.9612542, 116.36164 39.9613042)"
4907053729,1226520277,0,499428272,,service,False,True,49.898,"LINESTRING (116.360518 39.9612542, 116.3605111 39.9613293, 116.3604224 39.9613328, 116.3602776 39.9613472, 116.3602262 39.9614474, 116.3601249 39.9614839)"
4907053730,4907053731,0,499428273,,service,False,True,47.873,"LINESTRING (116.3631823 39.9613937, 116.3626229 39.9613548)"
4907053730,4907083462,0,968672837,,service,False,True,116.441,"LINESTRING (116.3631823 39.9613937, 116.3630759 39.9624377)"
4907053730,4907057472,0,"[499428911, 968672817, 968672818, 968672819, 968672820]",,service,False,True,146.946,"LINESTRING (116.3631823 39.9613937, 116.3637666 39.9613308, 116.3637785 39.9612715, 116.3637862 39.9611674, 116.3638017 39.9607976, 116.3638133 39.9606927, 116.3638339 39.9604635)"
4907053731,4907053730,0,499428273,,service,False,False,47.873,"LINESTRING (116.3626229 39.9613548, 116.3631823 39.9613937)"
4907053731,4907053723,0,499428273,,service,False,True,83.96,"LINESTRING (116.3626229 39.9613548, 116.36164 39.9613042)"
4907053731,4907053732,0,499428274,,service,False,False,107.713,"LINESTRING (116.3626229 39.9613548, 116.3627097 39.9603884)"
4907053731,4907082786,0,499432632,,footway,False,False,30.617,"LINESTRING (116.3626229 39.9613548, 116.3626042 39.9613927, 116.3625683 39.9616259)"
4907053732,1856733322,0,42943335,乐育路,residential,False,False,15.64,"LINESTRING (116.3627097 39.9603884, 116.3628928 39.9603977)"
4907053732,4907054921,0,42943335,乐育路,residential,False,True,82.621,"LINESTRING (116.3627097 39.9603884, 116.3617426 39.9603373)"
4907053732,4907053731,0,499428274,,service,False,True,107.713,"LINESTRING (116.3627097 39.9603884, 116.3626229 39.9613548)"
4907054921,4907053732,0,42943335,乐育路,residential,False,False,82.621,"LINESTRING (116.3617426 39.9603373, 116.3627097 39.9603884)"
4907054921,1856733320,0,42943335,乐育路,residential,False,True,7.856,"LINESTRING (116.3617426 39.9603373, 116.3616505 39.9603345)"
4907054921,4907082447,0,"[968672824, 499428407, 968672823]",,service,False,True,41.787,"LINESTRING (116.3617426 39.9603373, 116.3617195 39.960571, 116.3617076 39.9606797, 116.3617014 39.9607117)"
4907057472,1856733322,0,42943335,乐育路,residential,False,True,80.543,"LINESTRING (116.3638339 39.9604635, 116.3628928 39.9603977)"
4907057472,4907053730,0,"[499428911, 968672817, 968672818, 968672819, 968672820]",,service,False,False,146.946,"LINESTRING (116.3638339 39.9604635, 116.3638133 39.9606927, 116.3638017 39.9607976, 116.3637862 39.9611674, 116.3637785 39.9612715, 116.3637666 39.9613308, 116.3631823 39.9613937)"
4907079478,4907041815,0,499426956,,service,False,False,10.353,"LINESTRING (116.3588248 39.9579951, 116.3588259 39.957902)"
4907079478,4907123395,0,499426956,,service,False,True,16.78,"LINESTRING (116.3588248 39.9579951, 116.3588229 39.958146)"
4907079478,6106172636,0,499436792,,footway,False,True,42.872,"LINESTRING (116.3588248 39.9579951, 116.3591399 39.9579987, 116.3591394 39.9581427)"
4907081680,2733378152,0,267947992,,service,False,True,82.09,"LINESTRING (116.3642341 39.9576815, 116.3632713 39.9576624)"
4907081680,4907081681,0,499432544,,service,False,True,99.026,"LINESTRING (116.3642341 39.9576815, 116.3642899 39.9569589, 116.3640725 39.9569546)"
4907081681,4907081680,0,499432544,,service,False,False,99.026,"LINESTRING (116.3640725 39.9569546, 116.3642899 39.9569589, 116.3642341 39.9576815)"
4907081681,2733378152,0,"[499432544, 267947994]",,service,False,"[False, True]",144.53300000000002,"LINESTRING (116.3640725 39.9569546, 116.3633209 39.9569399, 116.3632713 39.9576624)"
4907082035,4907082786,0,499432633,,footway,False,False,88.89,"LINESTRING (116.3619405 39.9619377, 116.3619732 39.9615963, 116.3625683 39.9616259)"
4907082035,4907082783,0,499432633,,footway,False,True,54.9,"LINESTRING (116.3619405 39.9619377, 116.361941 39.9619828, 116.3625247 39.9620161)"
4907082035,4907082036,0,499432696,,footway,False,False,31.634,"LINESTRING (116.3619405 39.9619377, 116.3616194 39.9619218, 116.3615701 39.9619194)"
4907082036,4907053723,0,499428271,,service,False,False,68.666,"LINESTRING (116.3615701 39.9619194, 116.36164 39.9613042)"
4907082036,4907053516,0,499428271,,service,False,True,8.048,"LINESTRING (116.3615701 39.9619194, 116.3615619 39.9619915)"
4907082036,4907082035,0,499432696,,footway,False,True,31.634,"LINESTRING (116.3615701 39.9619194, 116.3616194 39.9619218, 116.3619405 39.9619377)"
4907082039,4907086479,0,499427390,,residential,False,True,25.213,"LINESTRING (116.3619731 39.9632832, 116.3619672 39.9635099)"
4907082039,4907082040,0,499433168,,service,False,False,87.636,"LINESTRING (116.3619731 39.9632832, 116.3630003 39.9633193)"
4907082039,4907082053,0,499433172,,service,False,False,72.323,"LINESTRING (116.3619731 39.9632832, 116.3611252 39.9632568)"
4907082039,4907082042,0,499427390,,residential,False,False,44.025000000000006,"LINESTRING (116.3619731 39.9632832, 116.3619775 39.9631702, 116.362029 39.9631722, 116.3620483 39.9629293)"
4907082040,4907082039,0,499433168,,service,False,True,87.636,"LINESTRING (116.3630003 39.9633193, 116.3619731 39.9632832)"
4907082040,4907082043,0,"[968672841, 968672842, 968672843]",,service,False,False,39.638000000000005,"LINESTRING (116.3630003 39.9633193, 116.3630085 39.9632312, 116.3630155 39.9631367, 116.3630308 39.9629636)"
4907082040,4907086480,0,"[499432739, 968672843, 968672844, 968672845, 968672846]",,service,False,True,25.82,"LINESTRING (116.3630003 39.9633193, 116.3629992 39.9633313, 116.3629925 39.963422, 116.3629911 39.963445, 116.3629871 39.9635346, 116.3629842 39.9635511)"
4907082041,4907096937,0,42943334,京师路,residential,False,True,19.71,"LINESTRING (116.359996 39.9628737, 116.3600126 39.9626969)"
4907082041,4907082050,0,499433169,,service,False,False,105.294,"LINESTRING (116.359996 39.9628737, 116.3612307 39.9629069)"
4907082041,4907082055,0,42943334,京师路,residential,False,False,30.462,"LINESTRING (116.359996 39.9628737, 116.3599913 39.9629455, 116.3599779 39.9631473)"
4907082042,4907082043,0,499433169,,service,False,False,83.822,"LINESTRING (116.3620483 39.9629293, 116.3630308 39.9629636)"
4907082042,4907082050,0,499433169,,service,False,True,69.726,"LINESTRING (116.3620483 39.9629293, 116.3612307 39.9629069)"
4907082042,4907082045,0,"[968672825, 968672826, 499427390]",,residential,False,False,36.249,"LINESTRING (116.3620483 39.9629293, 116.3620544 39.9628668, 116.3620641 39.9627755, 116.3620815 39.9626043)"
4907082042,4907082039,0,499427390,,residential,False,True,44.025,"LINESTRING (116.3620483 39.9629293, 116.362029 39.9631722, 116.3619775 39.9631702, 116.3619731 39.9632832)"
4907082043,4907082042,0,499433169,,service,False,True,83.822,"LINESTRING (116.3630308 39.9629636, 116.3620483 39.9629293)"
4907082043,4907082046,0,"[968672840, 968672841, 968672839]",,service,False,False,36.546,"LINESTRING (116.3630308 39.9629636, 116.363033 39.9629021, 116.3630356 39.9628049, 116.363047 39.9626352)"
4907082043,4907082040,0,"[968672841, 968672842, 968672843]",,service,False,True,39.638,"LINESTRING (116.3630308 39.9629636, 116.3630155 39.9631367, 116.3630085 39.9632312, 116.3630003 39.9633193)"
4907082044,4907096937,0,42943334,京师路,residential,False,False,17.592,"LINESTRING (116.3600274 39.9625391, 116.3600126 39.9626969)"
4907082044,4907096935,0,42943334,京师路,residential,False,True,17.28,"LINESTRING (116.3600274 39.9625391, 116.360042 39.9623841)"
4907082044,4907082051,0,499433170,,service,False,False,105.167,"LINESTRING (116.3600274 39.9625391, 116.3612605 39.9625745)"
4907082045,4907082046,0,499433170,,service,False,False,82.358,"LINESTRING (116.3620815 39.9626043, 116.363047 39.9626352)"
4907082045,4907082051,0,499433170,,service,False,True,70.05,"LINESTRING (116.3620815 39.9626043, 116.3612605 39.9625745)"
4907082045,4907044075,0,"[968672825, 968672827, 968672828]",,residential,False,False,25.066,"LINESTRING (116.3620815 39.9626043, 116.3620913 39.9625251, 116.362104 39.9624303, 116.362112 39.9623801)"
4907082045,4907082042,0,"[968672825, 968672826, 499427390]",,residential,False,True,36.249,"LINESTRING (116.3620815 39.9626043, 116.3620641 39.9627755, 116.3620544 39.9628668, 116.3620483 39.9629293)"
4907082046,4907082045,0,499433170,,service,False,True,82.358,"LINESTRING (116.363047 39.9626352, 116.3620815 39.9626043)"
4907082046,4907083462,0,"[968672837, 968672838, 968672839]",,service,False,False,22.114,"LINESTRING (116.363047 39.9626352, 116.3630558 39.9625751, 116.3630662 39.9624787, 116.3630759 39.9624377)"
4907082046,4907082043,0,"[968672840, 968672841, 968672839]",,service,False,True,36.546,"LINESTRING (116.363047 39.9626352, 116.3630356 39.9628049, 116.363033 39.9629021, 116.3630308 39.9629636)"
4907082047,4907044071,0,499427389,丽泽路,residential,False,False,73.362,"LINESTRING (116.361101 39.9636006, 116.361961 39.963629)"
4907082047,4907039226,0,499427389,丽泽路,residential,False,True,98.162,"LINESTRING (116.361101 39.9636006, 116.3599497 39.9635749)"
4907082047,4907082053,0,499433171,,service,False,False,38.284,"LINESTRING (116.361101 39.9636006, 116.3611252 39.9632568)"
4907082050,4907082042,0,499433169,,service,False,False,69.726,"LINESTRING (116.3612307 39.9629069, 116.3620483 39.9629293)"
4907082050,4907082041,0,499433169,,service,False,True,105.294,"LINESTRING (116.3612307 39.9629069, 116.359996 39.9628737)"
4907082050,4907082051,0,"[499433171, 968672829, 968672830]",,service,False,False,37.055,"LINESTRING (116.3612307 39.9629069, 116.3612374 39.9628438, 116.361249 39.9627466, 116.3612605 39.9625745)"
4907082050,4907082054,0,499433171,,service,False,True,38.441,"LINESTRING (116.3612307 39.9629069, 116.3612236 39.9630009, 116.3611435 39.9629962, 116.3611302 39.9631859)"
4907082051,4907082045,0,499433170,,service,False,False,70.05,"LINESTRING (116.3612605 39.9625745, 116.3620815 39.9626043)"
4907082051,4907082044,0,499433170,,service,False,True,105.167,"LINESTRING (116.3612605 39.9625745, 116.3600274 39.9625391)"
4907082051,4907082052,0,"[968672832, 968672829, 968672831]",,service,False,False,25.539,"LINESTRING (116.3612605 39.9625745, 116.361264 39.9625203, 116.3612719 39.9624248, 116.3612797 39.9623453)"
4907082051,4907082050,0,"[499433171, 968672829, 968672830]",,service,False,True,37.055,"LINESTRING (116.3612605 39.9625745, 116.361249 39.9627466, 116.3612374 39.9628438, 116.3612307 39.9629069)"
4907082052,4907053517,0,499427589,,residential,False,False,21.783,"LINESTRING (116.3612797 39.9623453, 116.3615349 39.962356)"
4907082052,4907049520,0,499427589,,residential,False,True,104.917,"LINESTRING (116.3612797 39.9623453, 116.3600505 39.9622939)"
4907082052,4907082051,0,"[968672832, 968672829, 968672831]",,service,False,True,25.539,"LINESTRING (116.3612797 39.9623453, 116.3612719 39.9624248, 116.361264 39.9625203, 116.3612605 39.9625745)"
4907082053,4907082054,0,499433171,,service,False,False,7.895,"LINESTRING (116.3611252 39.9632568, 116.3611302 39.9631859)"
4907082053,4907082047,0,499433171,,service,False,True,38.284,"LINESTRING (116.3611252 39.9632568, 116.361101 39.9636006)"
4907082053,4907082039,0,499433172,,service,False,True,72.323,"LINESTRING (116.3611252 39.9632568, 116.3619731 39.9632832)"
4907082054,4907082053,0,499433171,,service,False,True,7.895,"LINESTRING (116.3611302 39.9631859, 116.3611252 39.9632568)"
4907082054,4907082055,0,499433173,,service,False,False,98.3,"LINESTRING (116.3611302 39.9631859, 116.3599779 39.9631473)"
4907082054,4907082050,0,499433171,,service,False,False,38.441,"LINESTRING (116.3611302 39.9631859, 116.3611435 39.9629962, 116.3612236 39.9630009, 116.3612307 39.9629069)"
4907082055,6225740645,0,42943334,京师路,residential,False,False,17.224,"LINESTRING (116.3599779 39.9631473, 116.3599677 39.963302)"
4907082055,4907082054,0,499433173,,service,False,True,98.3,"LINESTRING (116.3599779 39.9631473, 116.3611302 39.9631859)"
4907082055,4907082041,0,42943334,京师路,residential,False,True,30.462,"LINESTRING (116.3599779 39.9631473, 116.3599913 39.9629455, 116.359996 39.9628737)"
4907082444,4907053729,0,499428272,,service,False,True,36.396,"LINESTRING (116.3605482 39.9609277, 116.360518 39.9612542)"
4907082444,4907082445,0,499432561,,service,False,False,96.147,"LINESTRING (116.3605482 39.9609277, 116.3616733 39.9609907)"
4907082444,4907082446,0,499428272,,service,False,False,31.201,"LINESTRING (116.3605482 39.9609277, 116.3605633 39.9607639, 116.360574 39.9606478)"
4907082445,4907082444,0,499432561,,service,False,True,96.147,"LINESTRING (116.3616733 39.9609907, 116.3605482 39.9609277)"
4907082445,4907082447,0,499428407,,service,False,False,31.116,"LINESTRING (116.3616733 39.9609907, 116.3616901 39.9608239, 116.3617014 39.9607117)"
4907082445,4907053723,0,"[968672821, 968672822, 499428407]",,service,False,True,34.976,"LINESTRING (116.3616733 39.9609907, 116.361669 39.9610391, 116.3616558 39.9611525, 116.3616496 39.9612116, 116.36164 39.9613042)"
4907082446,4907053728,0,499428272,,service,False,False,14.213,"LINESTRING (116.360574 39.9606478, 116.3605858 39.9605203)"
4907082446,4907082447,0,499432562,,service,False,False,96.35,"LINESTRING (116.360574 39.9606478, 116.3617014 39.9607117)"
4907082446,4907082444,0,499428272,,service,False,True,31.201,"LINESTRING (116.360574 39.9606478, 116.3605633 39.9607639, 116.3605482 39.9609277)"
4907082447,4907082446,0,499432562,,service,False,True,96.35,"LINESTRING (116.3617014 39.9607117, 116.360574 39.9606478)"
4907082447,4907054921,0,"[968672824, 968672823, 499428407]",,service,False,False,41.787,"LINESTRING (116.3617014 39.9607117, 116.3617076 39.9606797, 116.3617195 39.960571, 116.3617426 39.9603373)"
4907082447,4907082445,0,499428407,,service,False,True,31.116,"LINESTRING (116.3617014 39.9607117, 116.3616901 39.9608239, 116.3616733 39.9609907)"
4907082782,4907082783,0,499432632,,footway,False,True,31.159,"LINESTRING (116.3624935 39.9622953, 116.3625247 39.9620161)"
4907082783,4907082782,0,499432632,,footway,False,False,31.159,"LINESTRING (116.3625247 39.9620161, 116.3624935 39.9622953)"
4907082783,4907082786,0,499432632,,footway,False,True,43.547,"LINESTRING (116.3625247 39.9620161, 116.3625683 39.9616259)"
4907082783,4907082035,0,499432633,,footway,False,False,54.9,"LINESTRING (116.3625247 39.9620161, 116.361941 39.9619828, 116.3619405 39.9619377)"
4907082786,4907082783,0,499432632,,footway,False,False,43.547,"LINESTRING (116.3625683 39.9616259, 116.3625247 39.9620161)"
4907082786,4907053731,0,499432632,,footway,False,True,30.617,"LINESTRING (116.3625683 39.9616259, 116.3626042 39.9613927, 116.3626229 39.9613548)"
4907082786,4907082035,0,499432633,,footway,False,True,88.89,"LINESTRING (116.3625683 39.9616259, 116.3619732 39.9615963, 116.3619405 39.9619377)"
4907083460,4907044071,0,499427390,,residential,False,False,6.075,"LINESTRING (116.3619586 39.9636836, 116.361961 39.963629)"
4907083460,4907086480,0,499432739,,service,False,False,104.457,"LINESTRING (116.3619586 39.9636836, 116.3629738 39.9637117, 116.3629842 39.9635511)"
4907083462,4907044075,0,499427589,,residential,False,True,82.4,"LINESTRING (116.3630759 39.9624377, 116.362112 39.9623801)"
4907083462,4907053730,0,968672837,,service,False,False,116.441,"LINESTRING (116.3630759 39.9624377, 116.3631823 39.9613937)"
4907083462,4907082046,0,"[968672837, 968672838, 968672839]",,service,False,True,22.113999999999997,"LINESTRING (116.3630759 39.9624377, 116.3630662 39.9624787, 116.3630558 39.9625751, 116.363047 39.9626352)"
4907086479,4907082039,0,499427390,,residential,False,False,25.213,"LINESTRING (116.3619672 39.9635099, 116.3619731 39.9632832)"
4907086479,4907044071,0,499427390,,residential,False,True,13.254,"LINESTRING (116.3619672 39.9635099, 116.361961 39.963629)"
4907086479,4907086480,0,499433174,,service,False,False,86.79599999999999,"LINESTRING (116.3619672 39.9635099, 116.3624425 39.9635292, 116.3629842 39.9635511)"
4907086480,4907082040,0,"[499432739, 968672843, 968672844, 968672845, 968672846]",,service,False,False,25.82,"LINESTRING (116.3629842 39.9635511, 116.3629871 39.9635346, 116.3629911 39.963445, 116.3629925 39.963422, 116.3629992 39.9633313, 116.3630003 39.9633193)"
4907086480,4907083460,0,499432739,,service,False,True,104.457,"LINESTRING (116.3629842 39.9635511, 116.3629738 39.9637117, 116.3619586 39.9636836)"
4907086480,4907086479,0,499433174,,service,False,True,86.79599999999999,"LINESTRING (116.3629842 39.9635511, 116.3624425 39.9635292, 116.3619672 39.9635099)"
4907086691,4907121572,0,42943334,京师路,residential,False,False,68.154,"LINESTRING (116.3604176 39.9580066, 116.3603612 39.958618)"
4907086691,1226520307,0,42943334,京师路,residential,False,True,11.649,"LINESTRING (116.3604176 39.9580066, 116.3604273 39.9579021)"
4907086691,6153822081,0,499433179,,service,False,True,49.017,"LINESTRING (116.3604176 39.9580066, 116.3609925 39.9580181)"
4907086692,1226520275,0,42943334,京师路,residential,False,False,29.64,"LINESTRING (116.3603568 39.9586653, 116.3603323 39.9589312)"
4907086692,4907121572,0,42943334,京师路,residential,False,True,5.273,"LINESTRING (116.3603568 39.9586653, 116.3603612 39.958618)"
4907086692,6153822080,0,499433180,,service,False,False,52.371,"LINESTRING (116.3603568 39.9586653, 116.3609709 39.9586812)"
4907088623,4907090815,0,267952851,辅仁路,residential,False,False,42.206,"LINESTRING (116.3568408 39.9613749, 116.3573355 39.9613921)"
4907088623,4907041818,0,267952851,辅仁路,residential,False,True,15.715,"LINESTRING (116.3568408 39.9613749, 116.3566566 39.9613685)"
4907088623,4907088626,0,499433421,,service,False,False,93.01599999999999,"LINESTRING (116.3568408 39.9613749, 116.3568335 39.961604, 116.3569636 39.9617723, 116.3569392 39.9621836)"
4907088626,4907088623,0,499433421,,service,False,True,93.01599999999999,"LINESTRING (116.3569392 39.9621836, 116.3569636 39.9617723, 116.3568335 39.961604, 116.3568408 39.9613749)"
4907088627,4907090818,0,106617833,,residential,False,False,76.015,"LINESTRING (116.3587862 39.9622951, 116.3588371 39.9616126)"
4907088627,4907096934,0,106617833,,residential,False,True,5.635,"LINESTRING (116.3587862 39.9622951, 116.3587825 39.9623457)"
4907088627,4907088629,0,"[665148377, 499433422]",,service,False,False,61.906000000000006,"LINESTRING (116.3587862 39.9622951, 116.3586119 39.9622916, 116.3582442 39.9622833, 116.3582361 39.9624243)"
4907088629,6153733785,0,657002273,,service,False,False,50.764,"LINESTRING (116.3582361 39.9624243, 116.3581906 39.9628795)"
4907088629,4907088630,0,665148377,,service,False,False,127.208,"LINESTRING (116.3582361 39.9624243, 116.356744 39.9623955)"
4907088629,4907088627,0,"[665148377, 499433422]",,service,False,True,61.906,"LINESTRING (116.3582361 39.9624243, 116.3582442 39.9622833, 116.3586119 39.9622916, 116.3587862 39.9622951)"
4907088630,4907088629,0,665148377,,service,False,True,127.208,"LINESTRING (116.356744 39.9623955, 116.3582361 39.9624243)"
4907090815,4907041821,0,267952851,辅仁路,residential,False,False,25.132,"LINESTRING (116.3573355 39.9613921, 116.3576302 39.9613999)"
4907090815,4907088623,0,267952851,辅仁路,residential,False,True,42.206,"LINESTRING (116.3573355 39.9613921, 116.3568408 39.9613749)"
4907090815,4907090816,0,"[499433848, 499433846]",,footway,False,"[False, True]",87.197,"LINESTRING (116.3573355 39.9613921, 116.3573248 39.9615713, 116.3581134 39.9615919)"
4907090816,4907090817,0,499433847,,footway,False,False,19.203,"LINESTRING (116.3581134 39.9615919, 116.3581241 39.9614194)"
4907090816,4907090818,0,499433848,,footway,False,False,61.723,"LINESTRING (116.3581134 39.9615919, 116.3588371 39.9616126)"
4907090816,4907090815,0,"[499433848, 499433846]",,footway,False,"[False, True]",87.197,"LINESTRING (116.3581134 39.9615919, 116.3573248 39.9615713, 116.3573355 39.9613921)"
4907090817,1226520258,0,267952851,辅仁路,residential,False,False,61.803,"LINESTRING (116.3581241 39.9614194, 116.3588485 39.9614446)"
4907090817,4907093189,0,267952851,辅仁路,residential,False,True,13.407,"LINESTRING (116.3581241 39.9614194, 116.357967 39.9614132)"
4907090817,4907090816,0,499433847,,footway,False,True,19.203,"LINESTRING (116.3581241 39.9614194, 116.3581134 39.9615919)"
4907090818,1226520258,0,106617833,,residential,False,False,18.706,"LINESTRING (116.3588371 39.9616126, 116.3588485 39.9614446)"
4907090818,4907088627,0,106617833,,residential,False,True,76.015,"LINESTRING (116.3588371 39.9616126, 116.3587862 39.9622951)"
4907090818,4907090816,0,499433848,,footway,False,True,61.723,"LINESTRING (116.3588371 39.9616126, 116.3581134 39.9615919)"
4907090821,4907090823,0,499427389,丽泽路,residential,False,False,117.863,"LINESTRING (116.3566434 39.9634927, 116.3580256 39.9635275)"
4907090821,4907044070,0,499427389,丽泽路,residential,False,True,104.057,"LINESTRING (116.3566434 39.9634927, 116.3554231 39.963462)"
4907090821,4907090822,0,499433730,,service,False,False,30.223,"LINESTRING (116.3566434 39.9634927, 116.3566571 39.9632211)"
4907090822,4907090821,0,499433730,,service,False,True,30.223,"LINESTRING (116.3566571 39.9632211, 116.3566434 39.9634927)"
4907090823,1226520288,0,499427389,丽泽路,residential,False,False,57.064,"LINESTRING (116.3580256 39.9635275, 116.3586948 39.9635443)"
4907090823,4907090821,0,499427389,丽泽路,residential,False,True,117.863,"LINESTRING (116.3580256 39.9635275, 116.3566434 39.9634927)"
4907090823,4907090824,0,"[968672835, 499433731, 968672836]",,service,False,False,31.305000000000003,"LINESTRING (116.3580256 39.9635275, 116.3580302 39.9633998, 116.3580344 39.9633027, 116.3580394 39.9632462)"
4907090824,4907090823,0,"[499433731, 968672835, 968672836]",,service,False,True,31.305,"LINESTRING (116.3580394 39.9632462, 116.3580344 39.9633027, 116.3580302 39.9633998, 116.3580256 39.9635275)"
4907093189,4907090817,0,267952851,辅仁路,residential,False,False,13.407,"LINESTRING (116.357967 39.9614132, 116.3581241 39.9614194)"
4907093189,4907041821,0,267952851,辅仁路,residential,False,True,28.743,"LINESTRING (116.357967 39.9614132, 116.3576302 39.9613999)"
4907093189,4907093196,0,499434059,,footway,False,False,285.663,"LINESTRING (116.357967 39.9614132, 116.3580034 39.9610412, 116.358008 39.9609911, 116.3583443 39.9609338, 116.3585171 39.9608944, 116.3585497 39.9606403, 116.3586537 39.9594699, 116.358663 39.9591549)"
4907093196,4907093197,0,499434059,,footway,False,False,22.876,"LINESTRING (116.358663 39.9591549, 116.3586672 39.9589492)"
4907093196,4907093198,0,499434060,,footway,False,False,6.883,"LINESTRING (116.358663 39.9591549, 116.3587436 39.9591588)"
4907093196,4907093189,0,499434059,,footway,False,True,285.663,"LINESTRING (116.358663 39.9591549, 116.3586537 39.9594699, 116.3585497 39.9606403, 116.3585171 39.9608944, 116.3583443 39.9609338, 116.358008 39.9609911, 116.3580034 39.9610412, 116.357967 39.9614132)"
4907093197,4907034335,0,106617831,晨曦路,service,False,True,108.604,"LINESTRING (116.3586672 39.9589492, 116.3573931 39.9589629)"
4907093197,4907093196,0,499434059,,footway,False,True,22.876,"LINESTRING (116.3586672 39.9589492, 116.358663 39.9591549)"
4907093197,4907041814,0,106617831,晨曦路,service,False,False,12.428,"LINESTRING (116.3586672 39.9589492, 116.3587812 39.9589479, 116.358813 39.9589476)"
4907093198,4907093196,0,499434060,,footway,False,True,6.883,"LINESTRING (116.3587436 39.9591588, 116.358663 39.9591549)"
4907096934,4907088627,0,106617833,,residential,False,False,5.635,"LINESTRING (116.3587825 39.9623457, 116.3587862 39.9622951)"
4907096934,4907096936,0,106617833,,residential,False,True,34.224,"LINESTRING (116.3587825 39.9623457, 116.35876 39.962653)"
4907096934,6225740650,0,499434613,,footway,False,False,30.544,"LINESTRING (116.3587825 39.9623457, 116.3591406 39.9623566)"
4907096935,4907082044,0,42943334,京师路,residential,False,False,17.28,"LINESTRING (116.360042 39.9623841, 116.3600274 39.9625391)"
4907096935,4907049520,0,42943334,京师路,residential,False,True,10.056,"LINESTRING (116.360042 39.9623841, 116.3600505 39.9622939)"
4907096935,6225740653,0,499434613,,footway,False,True,50.529,"LINESTRING (116.360042 39.9623841, 116.3594496 39.962366)"
4907096936,4907096934,0,106617833,,residential,False,False,34.224,"LINESTRING (116.35876 39.962653, 116.3587825 39.9623457)"
4907096936,6225740648,0,499434614,,footway,False,False,31.507,"LINESTRING (116.35876 39.962653, 116.3591293 39.9626659)"
4907096936,1226520288,0,106617833,,residential,False,True,99.264,"LINESTRING (116.35876 39.962653, 116.3587417 39.9629031, 116.3586948 39.9635443)"
4907096937,4907082041,0,42943334,京师路,residential,False,False,19.71,"LINESTRING (116.3600126 39.9626969, 116.359996 39.9628737)"
4907096937,4907082044,0,42943334,京师路,residential,False,True,17.592,"LINESTRING (116.3600126 39.9626969, 116.3600274 39.9625391)"
4907096937,6225740649,0,499434614,,footway,False,True,50.533,"LINESTRING (116.3600126 39.9626969, 116.3594203 39.9626761)"
4907121572,4907086692,0,42943334,京师路,residential,False,False,5.273,"LINESTRING (116.3603612 39.958618, 116.3603568 39.9586653)"
4907121572,4907086691,0,42943334,京师路,residential,False,True,68.154,"LINESTRING (116.3603612 39.958618, 116.3604176 39.9580066)"
4907121572,4907123405,0,499436473,,service,False,False,19.707,"LINESTRING (116.3603612 39.958618, 116.36013 39.9586157)"
4907121574,4907121575,0,499436473,,service,False,False,44.114,"LINESTRING (116.3592016 39.9586041, 116.3592077 39.9582074)"
4907121574,4907121577,0,499436473,,service,False,True,56.705,"LINESTRING (116.3592016 39.9586041, 116.3598668 39.958613)"
4907121574,4907123400,0,499436675,,service,False,False,34.331,"LINESTRING (116.3592016 39.9586041, 116.359143 39.9586419, 116.3588168 39.9586419)"
4907121575,4907121576,0,499436473,,service,False,False,56.997,"LINESTRING (116.3592077 39.9582074, 116.3598764 39.9582116)"
4907121575,4907121574,0,499436473,,service,False,True,44.114,"LINESTRING (116.3592077 39.9582074, 116.3592016 39.9586041)"
4907121575,6106172636,0,499436673,,service,False,False,9.255,"LINESTRING (116.3592077 39.9582074, 116.3591394 39.9581427)"
4907121576,4907121577,0,499436473,,service,False,False,44.641,"LINESTRING (116.3598764 39.9582116, 116.3598668 39.958613)"
4907121576,4907121575,0,499436473,,service,False,True,56.997,"LINESTRING (116.3598764 39.9582116, 116.3592077 39.9582074)"
4907121576,4907123398,0,"[968672833, 968672834, 499436674]",,service,False,False,42.563,"LINESTRING (116.3598764 39.9582116, 116.3598763 39.9581588, 116.3599771 39.9581547, 116.3599777 39.9579972, 116.359978 39.9579021)"
4907121577,4907121574,0,499436473,,service,False,False,56.705,"LINESTRING (116.3598668 39.958613, 116.3592016 39.9586041)"
4907121577,4907123405,0,499436473,,service,False,True,22.435,"LINESTRING (116.3598668 39.958613, 116.36013 39.9586157)"
4907121577,4907121576,0,499436473,,service,False,True,44.641,"LINESTRING (116.3598668 39.958613, 116.3598764 39.9582116)"
4907123395,4907079478,0,499426956,,service,False,False,16.78,"LINESTRING (116.3588229 39.958146, 116.3588248 39.9579951)"
4907123395,4907123400,0,499426956,,service,False,True,55.144,"LINESTRING (116.3588229 39.958146, 116.3588168 39.9586419)"
4907123395,6106172636,0,499436673,,service,False,True,26.979,"LINESTRING (116.3588229 39.958146, 116.3591394 39.9581427)"
4907123398,1226520307,0,106617832,立身路,service,False,False,38.295,"LINESTRING (116.359978 39.9579021, 116.3604273 39.9579021)"
4907123398,4907041815,0,106617832,立身路,service,False,True,98.197,"LINESTRING (116.359978 39.9579021, 116.3588259 39.957902)"
4907123398,4907121576,0,"[968672833, 499436674, 968672834]",,service,False,True,42.563,"LINESTRING (116.359978 39.9579021, 116.3599777 39.9579972, 116.3599771 39.9581547, 116.3598763 39.9581588, 116.3598764 39.9582116)"
4907123400,4907123395,0,499426956,,service,False,False,55.144,"LINESTRING (116.3588168 39.9586419, 116.3588229 39.958146)"
4907123400,4907041814,0,499426956,,service,False,True,33.994,"LINESTRING (116.3588168 39.9586419, 116.358813 39.9589476)"
4907123400,4907121574,0,499436675,,service,False,True,34.331,"LINESTRING (116.3588168 39.9586419, 116.359143 39.9586419, 116.3592016 39.9586041)"
4907123401,1226520275,0,106617831,晨曦路,service,False,False,15.429,"LINESTRING (116.3601513 39.9589332, 116.3603323 39.9589312)"
4907123401,6153792419,0,106617831,晨曦路,service,False,True,44.93,"LINESTRING (116.3601513 39.9589332, 116.3596242 39.9589389)"
4907123401,4907123405,0,499436676,,footway,False,False,41.553,"LINESTRING (116.3601513 39.9589332, 116.3600591 39.9588346, 116.360056 39.9587614, 116.360133 39.958726, 116.36013 39.9586157)"
4907123405,4907121577,0,499436473,,service,False,False,22.435,"LINESTRING (116.36013 39.9586157, 116.3598668 39.958613)"
4907123405,4907121572,0,499436473,,service,False,True,19.707,"LINESTRING (116.36013 39.9586157, 116.3603612 39.958618)"
4907123405,4907123401,0,499436676,,footway,False,True,41.553,"LINESTRING (116.36013 39.9586157, 116.360133 39.958726, 116.360056 39.9587614, 116.3600591 39.9588346, 116.3601513 39.9589332)"
4907129185,4907041825,0,106617836,,service,False,False,5.621,"LINESTRING (116.3559007 39.9608634, 116.3558956 39.9609138)"
4907129185,4907129880,0,499437261,,service,False,False,51.845,"LINESTRING (116.3559007 39.9608634, 116.3552925 39.960855)"
4907129185,1226520316,0,106617836,,service,False,True,213.43900000000002,"LINESTRING (116.3559007 39.9608634, 116.355943 39.9608668, 116.3559873 39.9603466, 116.3560375 39.9599532, 116.3560826 39.9595274, 116.3561116 39.9592047, 116.3560897 39.9589857)"
4907129187,1226520234,0,106617831,晨曦路,service,False,False,52.496,"LINESTRING (116.3553032 39.9589759, 116.3559191 39.9589801)"
4907129187,4907129880,0,"[499437261, 499437262]",,"['footway', 'service']",False,True,214.444,"LINESTRING (116.3553032 39.9589759, 116.3552612 39.9599024, 116.355228 39.9608541, 116.3552925 39.960855)"
4907129879,1226520236,0,499426662,,residential,False,False,22.998,"LINESTRING (116.3552707 39.961316, 116.3555398 39.9613313)"
4907129879,4907129880,0,499437310,,footway,False,False,51.295,"LINESTRING (116.3552707 39.961316, 116.3552925 39.960855)"
4907129880,4907129185,0,499437261,,service,False,True,51.845,"LINESTRING (116.3552925 39.960855, 116.3559007 39.9608634)"
4907129880,4907129879,0,499437310,,footway,False,True,51.295,"LINESTRING (116.3552925 39.960855, 116.3552707 39.961316)"
4907129880,4907129187,0,"[499437261, 499437262]",,"['footway', 'service']",False,False,214.44400000000002,"LINESTRING (116.3552925 39.960855, 116.355228 39.9608541, 116.3552612 39.9599024, 116.3553032 39.9589759)"
5136949083,4907053513,0,175017612,,service,False,False,53.875,"LINESTRING (116.3618166 39.9587032, 116.3617605 39.9591858)"
5136949083,2733378153,0,267947993,,service,False,True,74.402,"LINESTRING (116.3618166 39.9587032, 116.3618826 39.958036)"
5136949083,6153822082,0,499433180,,service,False,True,53.855,"LINESTRING (116.3618166 39.9587032, 116.3611851 39.9586868)"
6106172636,4907123395,0,499436673,,service,False,False,26.979,"LINESTRING (116.3591394 39.9581427, 116.3588229 39.958146)"
6106172636,4907121575,0,499436673,,service,False,True,9.255,"LINESTRING (116.3591394 39.9581427, 116.3592077 39.9582074)"
6106172636,4907079478,0,499436792,,footway,False,False,42.872,"LINESTRING (116.3591394 39.9581427, 116.3591399 39.9579987, 116.3588248 39.9579951)"
6153733785,4907088629,0,657002273,,service,False,True,50.764,"LINESTRING (116.3581906 39.9628795, 116.3582361 39.9624243)"
6153792419,4907123401,0,106617831,晨曦路,service,False,False,44.93,"LINESTRING (116.3596242 39.9589389, 116.3601513 39.9589332)"
6153792419,4907041814,0,106617831,晨曦路,service,False,True,69.147,"LINESTRING (116.3596242 39.9589389, 116.358813 39.9589476)"
6153792419,6153792435,0,657010261,,footway,False,False,122.92499999999998,"LINESTRING (116.3596242 39.9589389, 116.3595976 39.9592579, 116.3596811 39.9594265, 116.359738 39.9596911, 116.35999 39.9598702, 116.3599846 39.959944)"
6153792427,6153792433,0,657010262,,footway,False,False,15.786,"LINESTRING (116.3600918 39.9601913, 116.3601031 39.9600496)"
6153792428,6153792429,0,657010262,,footway,False,True,5.002,"LINESTRING (116.3601301 39.9597021, 116.3601266 39.959747)"
6153792429,6153792428,0,657010262,,footway,False,False,5.002,"LINESTRING (116.3601266 39.959747, 116.3601301 39.9597021)"
6153792429,6153792431,0,657010262,,footway,False,True,16.977,"LINESTRING (116.3601266 39.959747, 116.3601146 39.9598994)"
6153792429,6153792430,0,657010263,,footway,False,False,11.014,"LINESTRING (116.3601266 39.959747, 116.3602558 39.959749)"
6153792430,6153792432,0,42943334,京师路,residential,False,False,17.169,"LINESTRING (116.3602558 39.959749, 116.3602413 39.959903)"
6153792430,6153792437,0,42943334,京师路,residential,False,True,19.866,"LINESTRING (116.3602558 39.959749, 116.3602725 39.9595708)"
6153792430,6153792429,0,657010263,,footway,False,True,11.014,"LINESTRING (116.3602558 39.959749, 116.3601266 39.959747)"
6153792431,6153792429,0,657010262,,footway,False,False,16.977,"LINESTRING (116.3601146 39.9598994, 116.3601266 39.959747)"
6153792431,6153792436,0,657010262,,footway,False,True,5.402,"LINESTRING (116.3601146 39.9598994, 116.3601109 39.9599479)"
6153792431,6153792432,0,657010265,,footway,False,False,10.806,"LINESTRING (116.3601146 39.9598994, 116.3602413 39.959903)"
6153792432,6153792434,0,42943334,京师路,residential,False,False,16.744,"LINESTRING (116.3602413 39.959903, 116.3602273 39.9600532)"
6153792432,6153792430,0,42943334,京师路,residential,False,True,17.169,"LINESTRING (116.3602413 39.959903, 116.3602558 39.959749)"
6153792432,6153792431,0,657010265,,footway,False,True,10.806,"LINESTRING (116.3602413 39.959903, 116.3601146 39.9598994)"
6153792433,6153792436,0,657010262,,footway,False,False,11.328,"LINESTRING (116.3601031 39.9600496, 116.3601109 39.9599479)"
6153792433,6153792427,0,657010262,,footway,False,True,15.786,"LINESTRING (116.3601031 39.9600496, 116.3600918 39.9601913)"
6153792433,6153792434,0,657010266,,footway,False,False,10.593,"LINESTRING (116.3601031 39.9600496, 116.3602273 39.9600532)"
6153792434,6153792432,0,42943334,京师路,residential,False,True,16.744,"LINESTRING (116.3602273 39.9600532, 116.3602413 39.959903)"
6153792434,6153792433,0,657010266,,footway,False,True,10.593,"LINESTRING (116.3602273 39.9600532, 116.3601031 39.9600496)"
6153792434,537973050,0,42943334,京师路,residential,False,False,24.382,"LINESTRING (116.3602273 39.9600532, 116.3602183 39.9601495, 116.3602068 39.9602719)"
6153792435,2733383584,0,657010261,,footway,False,False,10.858,"LINESTRING (116.3599846 39.959944, 116.3599775 39.9600415)"
6153792435,6153792436,0,657010267,,footway,False,False,10.773,"LINESTRING (116.3599846 39.959944, 116.3601109 39.9599479)"
6153792435,6153792419,0,657010261,,footway,False,True,122.925,"LINESTRING (116.3599846 39.959944, 116.35999 39.9598702, 116.359738 39.9596911, 116.3596811 39.9594265, 116.3595976 39.9592579, 116.3596242 39.9589389)"
6153792436,6153792431,0,657010262,,footway,False,False,5.402,"LINESTRING (116.3601109 39.9599479, 116.3601146 39.9598994)"
6153792436,6153792433,0,657010262,,footway,False,True,11.328,"LINESTRING (116.3601109 39.9599479, 116.3601031 39.9600496)"
6153792436,6153792435,0,657010267,,footway,False,True,10.773,"LINESTRING (116.3601109 39.9599479, 116.3599846 39.959944)"
6153792437,6153792430,0,42943334,京师路,residential,False,False,19.866,"LINESTRING (116.3602725 39.9595708, 116.3602558 39.959749)"
6153792437,4907053512,0,42943334,京师路,residential,False,True,50.768,"LINESTRING (116.3602725 39.9595708, 116.3603151 39.9591154)"
6153792437,6153792439,0,657010268,,footway,False,False,70.343,"LINESTRING (116.3602725 39.9595708, 116.3610962 39.9596105)"
6153792438,6153792441,0,175017612,,service,False,False,33.616,"LINESTRING (116.361717 39.9596403, 116.3616881 39.9599418)"
6153792438,6153820605,0,175017612,,service,False,True,39.926,"LINESTRING (116.361717 39.9596403, 116.3617513 39.9592822)"
6153792438,6153792453,0,657010268,,footway,False,True,12.067,"LINESTRING (116.361717 39.9596403, 116.3615765 39.9596269)"
6153792439,6153792443,0,657010268,,footway,False,False,29.881,"LINESTRING (116.3610962 39.9596105, 116.3614461 39.9596273)"
6153792439,6153792437,0,657010268,,footway,False,True,70.343,"LINESTRING (116.3610962 39.9596105, 116.3602725 39.9595708)"
6153792439,6153792442,0,657010269,,footway,False,False,63.596999999999994,"LINESTRING (116.3610962 39.9596105, 116.3610684 39.9599165, 116.3614139 39.9599306)"
6153792441,6153792438,0,175017612,,service,False,True,33.616,"LINESTRING (116.3616881 39.9599418, 116.361717 39.9596403)"
6153792441,6153792444,0,657010269,,footway,False,True,16.806,"LINESTRING (116.3616881 39.9599418, 116.3614912 39.9599337)"
6153792441,1856733320,0,175017612,,service,False,False,43.784000000000006,"LINESTRING (116.3616881 39.9599418, 116.3616539 39.9602991, 116.3616505 39.9603345)"
6153792442,6153792444,0,657010269,,footway,False,False,6.597,"LINESTRING (116.3614139 39.9599306, 116.3614912 39.9599337)"
6153792442,6153792443,0,657010270,,footway,False,False,33.837,"LINESTRING (116.3614139 39.9599306, 116.3614461 39.9596273)"
6153792442,6153792439,0,657010269,,footway,False,True,63.596999999999994,"LINESTRING (116.3614139 39.9599306, 116.3610684 39.9599165, 116.3610962 39.9596105)"
6153792443,6153820601,0,657010268,,footway,False,False,4.168,"LINESTRING (116.3614461 39.9596273, 116.361495 39.9596272)"
6153792443,6153792439,0,657010268,,footway,False,True,29.881,"LINESTRING (116.3614461 39.9596273, 116.3610962 39.9596105)"
6153792443,6153792442,0,657010270,,footway,False,True,33.837,"LINESTRING (116.3614461 39.9596273, 116.3614139 39.9599306)"
6153792444,6153792441,0,657010269,,footway,False,False,16.806,"LINESTRING (116.3614912 39.9599337, 116.3616881 39.9599418)"
6153792444,6153792442,0,657010269,,footway,False,True,6.597,"LINESTRING (116.3614912 39.9599337, 116.3614139 39.9599306)"
6153792444,6153792447,0,657010271,,footway,False,False,16.724,"LINESTRING (116.3614912 39.9599337, 116.3615102 39.9598935, 116.3615585 39.959875, 116.3615645 39.9598089)"
6153792447,6153792444,0,657010271,,footway,False,True,16.724,"LINESTRING (116.3615645 39.9598089, 116.3615585 39.959875, 116.3615102 39.9598935, 116.3614912 39.9599337)"
6153792447,6153792450,0,657010273,,footway,False,False,24.849,"LINESTRING (116.3615645 39.9598089, 116.3615936 39.9598075, 116.3616205 39.9597989, 116.3616422 39.959784, 116.3616564 39.9597645, 116.3616616 39.9597425, 116.361657 39.9597204, 116.3616433 39.9597007, 116.3616219 39.9596855, 116.3615953 39.9596764, 116.3615662 39.9596746)"
6153792447,6153792450,1,657010273,,footway,False,True,22.06,"LINESTRING (116.3615645 39.9598089, 116.3615367 39.959803, 116.3615129 39.9597907, 116.3614956 39.9597731, 116.3614866 39.9597522, 116.3614869 39.9597301, 116.3614965 39.9597093, 116.3615142 39.959692, 116.3615383 39.95968, 116.3615662 39.9596746)"
6153792450,6153792453,0,657010272,,footway,False,False,5.376,"LINESTRING (116.3615662 39.9596746, 116.3615765 39.9596269)"
6153792450,6153792447,0,657010273,,footway,False,False,22.06,"LINESTRING (116.3615662 39.9596746, 116.3615383 39.95968, 116.3615142 39.959692, 116.3614965 39.9597093, 116.3614869 39.9597301, 116.3614866 39.9597522, 116.3614956 39.9597731, 116.3615129 39.9597907, 116.3615367 39.959803, 116.3615645 39.9598089)"
6153792450,6153792447,1,657010273,,footway,False,True,24.849000000000004,"LINESTRING (116.3615662 39.9596746, 116.3615953 39.9596764, 116.3616219 39.9596855, 116.3616433 39.9597007, 116.361657 39.9597204, 116.3616616 39.9597425, 116.3616564 39.9597645, 116.3616422 39.959784, 116.3616205 39.9597989, 116.3615936 39.9598075, 116.3615645 39.9598089)"
6153792453,6153792438,0,657010268,,footway,False,False,12.067,"LINESTRING (116.3615765 39.9596269, 116.361717 39.9596403)"
6153792453,6153820601,0,657010268,,footway,False,True,6.946,"LINESTRING (116.3615765 39.9596269, 116.361495 39.9596272)"
6153792453,6153792450,0,657010272,,footway,False,True,5.376,"LINESTRING (116.3615765 39.9596269, 116.3615662 39.9596746)"
6153820601,6153792453,0,657010268,,footway,False,False,6.946,"LINESTRING (116.361495 39.9596272, 116.3615765 39.9596269)"
6153820601,6153792443,0,657010268,,footway,False,True,4.168,"LINESTRING (116.361495 39.9596272, 116.3614461 39.9596273)"
6153820601,6153820604,0,657013583,,footway,False,False,40.861000000000004,"LINESTRING (116.361495 39.9596272, 116.3615109 39.9595036, 116.3615492 39.9594645, 116.3615687 39.9592707)"
6153820604,6153820605,0,657013584,,footway,False,False,15.616,"LINESTRING (116.3615687 39.9592707, 116.3617513 39.9592822)"
6153820604,6153820606,0,657013584,,footway,False,True,11.118,"LINESTRING (116.3615687 39.9592707, 116.3614387 39.9592625)"
6153820604,6153820601,0,657013583,,footway,False,True,40.861000000000004,"LINESTRING (116.3615687 39.9592707, 116.3615492 39.9594645, 116.3615109 39.9595036, 116.361495 39.9596272)"
6153820605,6153792438,0,175017612,,service,False,False,39.926,"LINESTRING (116.3617513 39.9592822, 116.361717 39.9596403)"
6153820605,4907053513,0,175017612,,service,False,True,10.748,"LINESTRING (116.3617513 39.9592822, 116.3617605 39.9591858)"
6153820605,6153820604,0,657013584,,footway,False,True,15.616,"LINESTRING (116.3617513 39.9592822, 116.3615687 39.9592707)"
6153820606,6153820604,0,657013584,,footway,False,False,11.118,"LINESTRING (116.3614387 39.9592625, 116.3615687 39.9592707)"
6153820606,6153820607,0,657013585,,footway,False,False,10.25,"LINESTRING (116.3614387 39.9592625, 116.361448 39.9591706)"
6153820606,6153820611,0,"[657013584, 657013586]",,footway,False,"[False, True]",75.24799999999999,"LINESTRING (116.3614387 39.9592625, 116.3608794 39.9592273, 116.3608838 39.9591941, 116.360672 39.9591833, 116.3606791 39.9591331)"
6153820607,4907053513,0,499428268,,service,False,False,26.688,"LINESTRING (116.361448 39.9591706, 116.3617605 39.9591858)"
6153820607,6153820611,0,499428268,,service,False,True,65.667,"LINESTRING (116.361448 39.9591706, 116.3606791 39.9591331)"
6153820607,6153820606,0,657013585,,footway,False,True,10.25,"LINESTRING (116.361448 39.9591706, 116.3614387 39.9592625)"
6153820611,6153820607,0,499428268,,service,False,False,65.667,"LINESTRING (116.3606791 39.9591331, 116.361448 39.9591706)"
6153820611,4907053512,0,499428268,,service,False,True,31.087,"LINESTRING (116.3606791 39.9591331, 116.3603151 39.9591154)"
6153820611,6153820606,0,"[657013584, 657013586]",,footway,False,"[False, True]",75.24799999999999,"LINESTRING (116.3606791 39.9591331, 116.360672 39.9591833, 116.3608838 39.9591941, 116.3608794 39.9592273, 116.3614387 39.9592625)"
6153822080,6153822082,0,499433180,,service,False,False,18.267,"LINESTRING (116.3609709 39.9586812, 116.3611851 39.9586868)"
6153822080,4907086692,0,499433180,,service,False,True,52.371,"LINESTRING (116.3609709 39.9586812, 116.3603568 39.9586653)"
6153822080,6153822081,0,657014165,,footway,False,False,73.756,"LINESTRING (116.3609709 39.9586812, 116.3609925 39.9580181)"
6153822081,4907086691,0,499433179,,service,False,False,49.017,"LINESTRING (116.3609925 39.9580181, 116.3604176 39.9580066)"
6153822081,6153825287,0,499433179,,service,False,True,51.643,"LINESTRING (116.3609925 39.9580181, 116.3615982 39.9580303)"
6153822081,6153822080,0,657014165,,footway,False,True,73.756,"LINESTRING (116.3609925 39.9580181, 116.3609709 39.9586812)"
6153822082,5136949083,0,499433180,,service,False,False,53.855,"LINESTRING (116.3611851 39.9586868, 116.3618166 39.9587032)"
6153822082,6153822080,0,499433180,,service,False,True,18.267,"LINESTRING (116.3611851 39.9586868, 116.3609709 39.9586812)"
6153822082,6153825286,0,657014166,,footway,False,False,23.514,"LINESTRING (116.3611851 39.9586868, 116.361196 39.9584755)"
6153822084,6153825287,0,657014167,,footway,False,False,20.148,"LINESTRING (116.3615906 39.9582114, 116.3615982 39.9580303)"
6153822084,6153825286,0,657014168,,footway,False,False,63.098,"LINESTRING (116.3615906 39.9582114, 116.3615805 39.9584839, 116.361196 39.9584755)"
6153822084,6153825286,1,657014168,,footway,False,True,63.086999999999996,"LINESTRING (116.3615906 39.9582114, 116.3612061 39.9582031, 116.361196 39.9584755)"
6153825286,6153822082,0,657014166,,footway,False,True,23.514,"LINESTRING (116.361196 39.9584755, 116.3611851 39.9586868)"
6153825286,6153822084,0,657014168,,footway,False,False,63.086999999999996,"LINESTRING (116.361196 39.9584755, 116.3612061 39.9582031, 116.3615906 39.9582114)"
6153825286,6153822084,1,657014168,,footway,False,True,63.098,"LINESTRING (116.361196 39.9584755, 116.3615805 39.9584839, 116.3615906 39.9582114)"
6153825287,6153822081,0,499433179,,service,False,False,51.643,"LINESTRING (116.3615982 39.9580303, 116.3609925 39.9580181)"
6153825287,2733378153,0,499433179,,service,False,True,24.248,"LINESTRING (116.3615982 39.9580303, 116.3618826 39.958036)"
6153825287,6153822084,0,657014167,,footway,False,True,20.148,"LINESTRING (116.3615982 39.9580303, 116.3615906 39.9582114)"
6225740643,4907039226,0,499427389,丽泽路,residential,False,False,81.492,"LINESTRING (116.358994 39.9635516, 116.3599497 39.9635749)"
6225740643,1226520288,0,499427389,丽泽路,residential,False,True,25.512,"LINESTRING (116.358994 39.9635516, 116.3586948 39.9635443)"
6225740643,6225740646,0,665148378,,footway,False,False,49.896,"LINESTRING (116.358994 39.9635516, 116.3590148 39.9632714, 116.3592339 39.9632784)"
6225740645,4907039226,0,42943334,京师路,residential,False,False,30.384,"LINESTRING (116.3599677 39.963302, 116.3599497 39.9635749)"
6225740645,4907082055,0,42943334,京师路,residential,False,True,17.224,"LINESTRING (116.3599677 39.963302, 116.3599779 39.9631473)"
6225740645,6225740646,0,665148378,,footway,False,True,62.594,"LINESTRING (116.3599677 39.963302, 116.3592339 39.9632784)"
6225740646,6225740645,0,665148378,,footway,False,False,62.594,"LINESTRING (116.3592339 39.9632784, 116.3599677 39.963302)"
6225740646,6225740647,0,665148379,,footway,False,False,27.673,"LINESTRING (116.3592339 39.9632784, 116.359246 39.9630297)"
6225740646,6225740643,0,665148378,,footway,False,True,49.896,"LINESTRING (116.3592339 39.9632784, 116.3590148 39.9632714, 116.358994 39.9635516)"
6225740647,6225740646,0,665148379,,footway,False,True,27.673,"LINESTRING (116.359246 39.9630297, 116.3592339 39.9632784)"
6225740647,6225740648,0,665148379,,footway,False,False,46.116,"LINESTRING (116.359246 39.9630297, 116.3591629 39.9630141, 116.3591293 39.9626659)"
6225740647,6225740649,0,665148380,,footway,False,False,45.957,"LINESTRING (116.359246 39.9630297, 116.3593277 39.9630185, 116.3594203 39.9626761)"
6225740648,6225740649,0,499434614,,footway,False,False,24.827,"LINESTRING (116.3591293 39.9626659, 116.3594203 39.9626761)"
6225740648,4907096936,0,499434614,,footway,False,True,31.507,"LINESTRING (116.3591293 39.9626659, 116.35876 39.962653)"
6225740648,6225740650,0,665148381,,footway,False,False,34.406,"LINESTRING (116.3591293 39.9626659, 116.3591406 39.9623566)"
6225740648,6225740647,0,665148379,,footway,False,True,46.116,"LINESTRING (116.3591293 39.9626659, 116.3591629 39.9630141, 116.359246 39.9630297)"
6225740649,4907096937,0,499434614,,footway,False,False,50.533,"LINESTRING (116.3594203 39.9626761, 116.3600126 39.9626969)"
6225740649,6225740648,0,499434614,,footway,False,True,24.827,"LINESTRING (116.3594203 39.9626761, 116.3591293 39.9626659)"
6225740649,6225740653,0,665148382,,footway,False,False,34.572,"LINESTRING (116.3594203 39.9626761, 116.3594496 39.962366)"
6225740649,6225740647,0,665148380,,footway,False,True,45.957,"LINESTRING (116.3594203 39.9626761, 116.3593277 39.9630185, 116.359246 39.9630297)"
6225740650,6225740653,0,499434613,,footway,False,False,26.356,"LINESTRING (116.3591406 39.9623566, 116.3594496 39.962366)"
6225740650,4907096934,0,499434613,,footway,False,True,30.544,"LINESTRING (116.3591406 39.9623566, 116.3587825 39.9623457)"
6225740650,6225740648,0,665148381,,footway,False,True,34.406,"LINESTRING (116.3591406 39.9623566, 116.3591293 39.9626659)"
6225740653,4907096935,0,499434613,,footway,False,False,50.529,"LINESTRING (116.3594496 39.962366, 116.360042 39.9623841)"
6225740653,6225740650,0,499434613,,footway,False,True,26.356,"LINESTRING (116.3594496 39.962366, 116.3591406 39.9623566)"
6225740653,6225740649,0,665148382,,footway,False,True,34.572,"LINESTRING (116.3594496 39.962366, 116.3594203 39.9626761)"
10233497657,4907030709,0,"[1118957782, 499426087]",,"['footway', 'service']",False,"[False, True]",34.57,"LINESTRING (116.3554016 39.9569033, 116.3554049 39.9570743, 116.3555873 39.9570785)"
