u,v,key,osmid,name,highway,oneway,reversed,length,service,geometry,tunnel
1598814958,1808717245,0,146612951,银杏大道,residential,False,False,16.154,,"LINESTRING (116.4717178 39.8748612, 116.4719071 39.8748606)",
1808717112,5258122209,0,169707880,,residential,False,False,44.89,,"LINESTRING (116.4727816 39.8706201, 116.4727803 39.8710238)",
1808717112,5258122202,0,169707880,,residential,False,True,30.695,,"LINESTRING (116.4727816 39.8706201, 116.4731412 39.8706147)",
1808717118,5258122173,0,169707850,,residential,False,False,19.129,,"LINESTRING (116.4757513 39.8772694, 116.4757468 39.8774414)",
1808717118,1808717121,0,169707850,,residential,False,True,13.102,,"LINESTRING (116.4757513 39.8772694, 116.4757481 39.8771516)",
1808717118,2139848966,0,169707870,,footway,False,True,84.894,,"LINESTRING (116.4757513 39.8772694, 116.4747565 39.8772773)",
1808717121,1808717118,0,169707850,,residential,False,False,13.102,,"LINESTRING (116.4757481 39.8771516, 116.4757513 39.8772694)",
1808717121,5258122156,0,1047352405,思源路,residential,False,False,33.792,,"LINESTRING (116.4757481 39.8771516, 116.4761441 39.8771511)",
1808717121,1808717396,0,1047352405,思源路,residential,False,True,21.427,,"LINESTRING (116.4757481 39.8771516, 116.475497 39.877152)",
1808717127,1808717213,0,169707841,日新路,residential,False,False,143.576,,"LINESTRING (116.4744821 39.8722957, 116.4761645 39.8722996)",
1808717127,1808717248,0,169707880,,residential,False,False,116.733,,"LINESTRING (116.4744821 39.8722957, 116.4744823 39.8712459)",
1808717127,1808717393,0,169707880,,residential,False,True,28.906,,"LINESTRING (116.4744821 39.8722957, 116.474187 39.8724233)",
1808717129,1808717301,0,169707885,,service,False,True,64.85,driveway,"LINESTRING (116.4726829 39.8764747, 116.471923 39.8764678)",
1808717129,1808717208,0,543815684,,unclassified,False,False,83.545,,"LINESTRING (116.4726829 39.8764747, 116.4736619 39.8764689)",
1808717129,9630747849,0,543815686,,path,False,False,45.512,,"LINESTRING (116.4726829 39.8764747, 116.4726846 39.8760654)",
1808717129,5257003799,0,1047352425,,path,False,True,56.879,,"LINESTRING (116.4726829 39.8764747, 116.4722788 39.8760679)",
1808717150,1808717203,0,169707863,,residential,False,False,13.121,,"LINESTRING (116.472048 39.8771633, 116.4720486 39.8772813)",
1808717150,1808717197,0,1047352405,思源路,residential,False,False,25.976,,"LINESTRING (116.472048 39.8771633, 116.4723524 39.8771623)",
1808717150,1808717301,0,"[1047352405, 169707798]","['秋实路', '思源路']",residential,False,True,82.019,,"LINESTRING (116.472048 39.8771633, 116.471905 39.8770407, 116.4719152 39.8766987, 116.471923 39.8764678)",
1808717162,1808717170,0,169707878,,residential,False,False,36.722,,"LINESTRING (116.4755013 39.8758116, 116.4759316 39.8758149)",
1808717162,1808717407,0,954600896,,residential,False,True,71.867,,"LINESTRING (116.4755013 39.8758116, 116.4755065 39.8764579)",
1808717162,1808717286,0,169707878,,residential,False,True,47.956,,"LINESTRING (116.4755013 39.8758116, 116.4752492 39.8758157, 116.4750977 39.8756083)",
1808717166,1808717247,0,169707880,,residential,False,False,87.512,,"LINESTRING (116.4727779 39.8717564, 116.4727762 39.8722998, 116.4730498 39.8724233)",
1808717166,5258122181,0,169707880,,residential,False,True,58.5,,"LINESTRING (116.4727779 39.8717564, 116.4727795 39.8712764, 116.4727796 39.8712303)",
1808717170,1808717162,0,169707878,,residential,False,True,36.722,,"LINESTRING (116.4759316 39.8758149, 116.4755013 39.8758116)",
1808717170,5257003753,0,543815665,,residential,False,False,95.826,,"LINESTRING (116.4759316 39.8758149, 116.4759469 39.8766766)",
1808717170,5258122168,0,543815665,,residential,False,True,64.683,,"LINESTRING (116.4759316 39.8758149, 116.4759364 39.8752332)",
1808717172,1808717358,0,169707798,秋实路,residential,False,False,50.794,,"LINESTRING (116.4719143 39.8756083, 116.471917 39.8760651)",
1808717172,1808717245,0,169707798,秋实路,residential,False,True,83.143,,"LINESTRING (116.4719143 39.8756083, 116.4719071 39.8748606)",
1808717172,5257003800,0,169707878,,residential,False,False,65.811,,"LINESTRING (116.4719143 39.8756083, 116.4726855 39.8756089)",
1808717194,1808717229,0,169707850,,residential,False,True,33.925,,"LINESTRING (116.4757418 39.8779487, 116.4757411 39.8777543, 116.4757415 39.8776436)",
1808717197,1808717313,0,169707852,,footway,False,False,57.172,,"LINESTRING (116.4723524 39.8771623, 116.4727601 39.8767543)",
1808717197,1808717211,0,1047352405,思源路,residential,False,False,34.791,,"LINESTRING (116.4723524 39.8771623, 116.4727601 39.8771609)",
1808717197,1808717150,0,1047352405,思源路,residential,False,True,25.976,,"LINESTRING (116.4723524 39.8771623, 116.472048 39.8771633)",
1808717203,1808717334,0,169707863,,residential,False,False,41.198,,"LINESTRING (116.4720486 39.8772813, 116.4720504 39.8776518)",
1808717203,1808717150,0,169707863,,residential,False,True,13.121,,"LINESTRING (116.4720486 39.8772813, 116.472048 39.8771633)",
1808717203,1808717326,0,169707870,,footway,False,False,138.155,,"LINESTRING (116.4720486 39.8772813, 116.4736676 39.8772813)",
1808717207,1808717213,0,169707836,春华路,residential,False,False,114.076,,"LINESTRING (116.4761686 39.8712737, 116.4761645 39.8722996)",
1808717207,5464996385,0,169707836,春华路,residential,False,True,40.942,,"LINESTRING (116.4761686 39.8712737, 116.4761691 39.8709055)",
1808717207,1808717390,0,169707882,博雅路,residential,False,False,267.775,,"LINESTRING (116.4761686 39.8712737, 116.4763132 39.871323, 116.476431 39.8713636, 116.4765673 39.8714278, 116.4769764 39.8716858, 116.4771006 39.8717487, 116.4772334 39.8718042, 116.4773276 39.8718372, 116.4774218 39.8718582, 116.4775794 39.8718778, 116.4777187 39.871886, 116.4778548 39.8718871, 116.4779779 39.8718729, 116.4782843 39.8718205, 116.478387 39.871821, 116.4785479 39.8718341, 116.4787062 39.8718531, 116.4790633 39.8718922)",
1808717207,1808717248,0,169707882,博雅路,residential,False,True,145.03,,"LINESTRING (116.4761686 39.8712737, 116.4760699 39.8712335, 116.4747805 39.8712436, 116.4744823 39.8712459)",
1808717208,1808717129,0,543815684,,unclassified,False,True,83.545,,"LINESTRING (116.4736619 39.8764689, 116.4726829 39.8764747)",
1808717208,9630747850,0,1047352422,,path,False,True,65.972,,"LINESTRING (116.4736619 39.8764689, 116.4730944 39.876066)",
1808717208,1808717299,0,169707797,学子路,residential,False,False,44.694,,"LINESTRING (116.4736619 39.8764689, 116.4736612 39.8764113, 116.4736684 39.876067)",
1808717208,1808717232,0,169707797,学子路,residential,False,True,76.604,,"LINESTRING (116.4736619 39.8764689, 116.4736628 39.8765972, 116.4736667 39.8771578)",
1808717208,5257003780,0,543815684,,unclassified,False,False,122.74,,"LINESTRING (116.4736619 39.8764689, 116.4738489 39.8764677, 116.4751002 39.8764603)",
1808717211,1808717313,0,169707821,,footway,False,False,45.212,,"LINESTRING (116.4727601 39.8771609, 116.4727601 39.8767543)",
1808717211,1808717389,0,1047352405,思源路,residential,False,False,55.39,,"LINESTRING (116.4727601 39.8771609, 116.4734092 39.8771587)",
1808717211,1808717197,0,1047352405,思源路,residential,False,True,34.791,,"LINESTRING (116.4727601 39.8771609, 116.4723524 39.8771623)",
1808717213,1808717207,0,169707836,春华路,residential,False,True,114.076,,"LINESTRING (116.4761645 39.8722996, 116.4761686 39.8712737)",
1808717213,1808717127,0,169707841,日新路,residential,False,True,143.576,,"LINESTRING (116.4761645 39.8722996, 116.4744821 39.8722957)",
1808717213,5257004560,0,169707836,春华路,residential,False,False,50.894,,"LINESTRING (116.4761645 39.8722996, 116.4761643 39.8723515, 116.476166 39.8727573)",
1808717213,1808717262,0,169707841,日新路,residential,False,False,215.65200000000002,,"LINESTRING (116.4761645 39.8722996, 116.4762311 39.8722998, 116.4770302 39.8723863, 116.4778456 39.8725551, 116.4785966 39.8727856)",
1808717226,5258122202,0,169707880,,residential,False,False,40.272,,"LINESTRING (116.473613 39.8706077, 116.4731412 39.8706147)",
1808717226,5258122208,0,169707880,,residential,False,True,26.008,,"LINESTRING (116.473613 39.8706077, 116.4739177 39.8706121)",
1808717229,5258122173,0,169707850,,residential,False,True,22.488,,"LINESTRING (116.4757415 39.8776436, 116.4757468 39.8774414)",
1808717229,1808717381,0,169707864,,service,False,True,83.824,driveway,"LINESTRING (116.4757415 39.8776436, 116.4747592 39.8776477)",
1808717229,5258122177,0,543940624,,living_street,False,False,46.464,,"LINESTRING (116.4757415 39.8776436, 116.476286 39.8776422)",
1808717229,1808717194,0,169707850,,residential,False,False,33.925,,"LINESTRING (116.4757415 39.8776436, 116.4757411 39.8777543, 116.4757418 39.8779487)",
1808717232,1808717326,0,169707797,学子路,residential,False,True,13.733,,"LINESTRING (116.4736667 39.8771578, 116.4736676 39.8772813)",
1808717232,1808717389,0,1047352405,思源路,residential,False,True,21.974,,"LINESTRING (116.4736667 39.8771578, 116.4734092 39.8771587)",
1808717232,1808717208,0,169707797,学子路,residential,False,False,76.604,,"LINESTRING (116.4736667 39.8771578, 116.4736628 39.8765972, 116.4736619 39.8764689)",
1808717232,1808717315,0,1047352405,思源路,residential,False,False,51.278999999999996,,"LINESTRING (116.4736667 39.8771578, 116.4737308 39.8771588, 116.4742676 39.8771559)",
1808717245,5257003802,0,146612951,银杏大道,residential,False,False,67.851,,"LINESTRING (116.4719071 39.8748606, 116.4727022 39.8748582)",
1808717245,1598814958,0,146612951,银杏大道,residential,False,True,16.154,,"LINESTRING (116.4719071 39.8748606, 116.4717178 39.8748612)",
1808717245,1808717172,0,169707798,秋实路,residential,False,False,83.143,,"LINESTRING (116.4719071 39.8748606, 116.4719143 39.8756083)",
1808717245,1808717415,0,169707798,秋实路,residential,False,True,212.187,,"LINESTRING (116.4719071 39.8748606, 116.4719233 39.8729524)",
1808717247,1808717393,0,169707880,,residential,False,False,97.048,,"LINESTRING (116.4730498 39.8724233, 116.474187 39.8724233)",
1808717247,1808717411,0,954600895,,residential,False,True,59.067,,"LINESTRING (116.4730498 39.8724233, 116.4730474 39.8729545)",
1808717247,1808717166,0,169707880,,residential,False,True,87.512,,"LINESTRING (116.4730498 39.8724233, 116.4727762 39.8722998, 116.4727779 39.8717564)",
1808717248,5258122210,0,169707880,,residential,False,False,25.002,,"LINESTRING (116.4744823 39.8712459, 116.4744764 39.8710211)",
1808717248,1808717127,0,169707880,,residential,False,True,116.733,,"LINESTRING (116.4744823 39.8712459, 116.4744821 39.8722957)",
1808717248,1808717207,0,169707882,博雅路,residential,False,False,145.03,,"LINESTRING (116.4744823 39.8712459, 116.4747805 39.8712436, 116.4760699 39.8712335, 116.4761686 39.8712737)",
1808717248,9630983020,0,543940626,,footway,False,True,34.451,,"LINESTRING (116.4744823 39.8712459, 116.4743216 39.8712393, 116.4740811 39.8712295, 116.4740802 39.8712308)",
1808717253,1808717380,0,146612951,银杏大道,residential,False,False,44.409,,"LINESTRING (116.4736613 39.8748553, 116.4741817 39.8748537)",
1808717253,1808717379,0,146612951,银杏大道,residential,False,True,53.105,,"LINESTRING (116.4736613 39.8748553, 116.473039 39.8748572)",
1808717253,1808717341,0,169707797,学子路,residential,False,True,84.179,,"LINESTRING (116.4736613 39.8748553, 116.4736718 39.8756123)",
1808717255,1808717353,0,169707841,日新路,residential,False,True,52.827,,"LINESTRING (116.4809945 39.8729503, 116.4807983 39.8728777, 116.4806941 39.8728392, 116.4804098 39.8728186)",
1808717255,5464996347,0,567888875,实训路,living_street,False,False,332.81200000000007,,"LINESTRING (116.4809945 39.8729503, 116.4811907 39.8727264, 116.4812831 39.8724473, 116.4812523 39.8719744, 116.4810982 39.8715299, 116.4807162 39.8711563, 116.4804512 39.8710664, 116.4801678 39.871038, 116.4798165 39.8711373, 116.4795269 39.8711752, 116.4794352 39.8711583)",
1808717255,5464996384,0,567888881,四教北路,living_street,False,False,437.122,,"LINESTRING (116.4809945 39.8729503, 116.4809039 39.873104, 116.4808449 39.8733716, 116.4808663 39.8736433, 116.4808824 39.8739356, 116.48092 39.874195, 116.4809039 39.8744461, 116.4777586 39.8744415)",
1808717262,5464996372,0,169707811,奥林匹克路,residential,False,True,35.174,,"LINESTRING (116.4785966 39.8727856, 116.47875 39.872492)",
1808717262,5464996384,0,169707811,奥林匹克路,residential,False,False,197.52700000000002,,"LINESTRING (116.4785966 39.8727856, 116.4784073 39.8731596, 116.4777586 39.8744415)",
1808717262,5464996353,0,169707841,日新路,residential,False,False,116.953,,"LINESTRING (116.4785966 39.8727856, 116.4790579 39.8729092, 116.47953 39.8729503, 116.4799305 39.8728959)",
1808717262,1808717213,0,169707841,日新路,residential,False,True,215.65200000000002,,"LINESTRING (116.4785966 39.8727856, 116.4778456 39.8725551, 116.4770302 39.8723863, 116.4762311 39.8722998, 116.4761645 39.8722996)",
1808717268,5258122158,0,1047352405,思源路,residential,False,True,32.999,,"LINESTRING (116.4770238 39.8771498, 116.4766371 39.8771504)",
1808717280,2139848966,0,169707875,,residential,False,False,13.666,,"LINESTRING (116.4747556 39.8771544, 116.4747565 39.8772773)",
1808717280,1808717396,0,1047352405,思源路,residential,False,False,63.267,,"LINESTRING (116.4747556 39.8771544, 116.475497 39.877152)",
1808717280,1808717315,0,1047352405,思源路,residential,False,True,41.644,,"LINESTRING (116.4747556 39.8771544, 116.4746253 39.8771536, 116.4742676 39.8771559)",
1808717284,1808717377,0,146612951,银杏大道,residential,False,True,117.689,,"LINESTRING (116.4775541 39.8748456, 116.476175 39.8748397)",
1808717284,1808717338,0,169707811,奥林匹克路,residential,False,False,200.442,,"LINESTRING (116.4775541 39.8748456, 116.4775446 39.8766482)",
1808717284,5464996384,0,169707811,奥林匹克路,residential,False,True,48.204,,"LINESTRING (116.4775541 39.8748456, 116.4777586 39.8744415)",
1808717286,1808717341,0,169707878,,residential,False,True,121.68,,"LINESTRING (116.4750977 39.8756083, 116.4736718 39.8756123)",
1808717286,5257003754,0,543815666,,path,False,False,41.405,,"LINESTRING (116.4750977 39.8756083, 116.475089 39.875236)",
1808717286,1808717162,0,169707878,,residential,False,False,47.956,,"LINESTRING (116.4750977 39.8756083, 116.4752492 39.8758157, 116.4755013 39.8758116)",
1808717299,9630747850,0,543815685,,path,False,False,48.982,,"LINESTRING (116.4736684 39.876067, 116.4730944 39.876066)",
1808717299,1808717341,0,169707797,学子路,residential,False,False,50.562000000000005,,"LINESTRING (116.4736684 39.876067, 116.4736702 39.8757386, 116.4736718 39.8756123)",
1808717299,1808717208,0,169707797,学子路,residential,False,True,44.694,,"LINESTRING (116.4736684 39.876067, 116.4736612 39.8764113, 116.4736619 39.8764689)",
1808717301,1808717129,0,169707885,,service,False,False,64.85,driveway,"LINESTRING (116.471923 39.8764678, 116.4726829 39.8764747)",
1808717301,1808717150,0,"[1047352405, 169707798]","['思源路', '秋实路']",residential,False,False,82.019,,"LINESTRING (116.471923 39.8764678, 116.4719152 39.8766987, 116.471905 39.8770407, 116.472048 39.8771633)",
1808717301,1808717358,0,169707798,秋实路,residential,False,True,44.782,,"LINESTRING (116.471923 39.8764678, 116.4719178 39.8762644, 116.471917 39.8760651)",
1808717313,1808717211,0,169707821,,footway,False,True,45.212,,"LINESTRING (116.4727601 39.8767543, 116.4727601 39.8771609)",
1808717313,1808717197,0,169707852,,footway,False,True,57.172,,"LINESTRING (116.4727601 39.8767543, 116.4723524 39.8771623)",
1808717313,1808717389,0,543815683,,footway,False,False,71.345,,"LINESTRING (116.4727601 39.8767543, 116.4734092 39.8771587)",
1808717315,11256616933,0,"[169707810, 543815678]",,footway,False,False,109.435,,"LINESTRING (116.4742676 39.8771559, 116.4745805 39.8770857, 116.4745724 39.8769107, 116.474695 39.8768252, 116.4750951 39.8768275, 116.4750968 39.8767028)",
1808717315,1808717280,0,1047352405,思源路,residential,False,False,41.644,,"LINESTRING (116.4742676 39.8771559, 116.4746253 39.8771536, 116.4747556 39.8771544)",
1808717315,1808717232,0,1047352405,思源路,residential,False,True,51.278999999999996,,"LINESTRING (116.4742676 39.8771559, 116.4737308 39.8771588, 116.4736667 39.8771578)",
1808717326,1808717232,0,169707797,学子路,residential,False,False,13.733,,"LINESTRING (116.4736676 39.8772813, 116.4736667 39.8771578)",
1808717326,1808717409,0,169707797,学子路,residential,False,True,42.577,,"LINESTRING (116.4736676 39.8772813, 116.4736705 39.8776642)",
1808717326,1808717203,0,169707870,,footway,False,True,138.155,,"LINESTRING (116.4736676 39.8772813, 116.4720486 39.8772813)",
1808717326,2139848966,0,169707870,,footway,False,False,92.92,,"LINESTRING (116.4736676 39.8772813, 116.473732 39.8772811, 116.4746265 39.8772778, 116.4747565 39.8772773)",
1808717334,1808717412,0,169707863,,residential,False,False,33.87,,"LINESTRING (116.4720504 39.8776518, 116.472052 39.8779564)",
1808717334,1808717203,0,169707863,,residential,False,True,41.198,,"LINESTRING (116.4720504 39.8776518, 116.4720486 39.8772813)",
1808717334,1808717409,0,169707868,,service,False,False,138.255,driveway,"LINESTRING (116.4720504 39.8776518, 116.4736705 39.8776642)",
1808717338,1808717284,0,169707811,奥林匹克路,residential,False,True,200.442,,"LINESTRING (116.4775446 39.8766482, 116.4775541 39.8748456)",
1808717338,5258122159,0,169707813,,residential,False,True,76.966,,"LINESTRING (116.4775446 39.8766482, 116.4766429 39.8766642)",
1808717340,5257003753,0,169707813,,residential,False,False,37.873,,"LINESTRING (116.4755032 39.8766844, 116.4759469 39.8766766)",
1808717340,1808717407,0,954600896,,residential,False,False,25.187,,"LINESTRING (116.4755032 39.8766844, 116.4755065 39.8764579)",
1808717340,1808717396,0,954600896,,residential,False,True,51.998,,"LINESTRING (116.4755032 39.8766844, 116.475497 39.877152)",
1808717341,1808717253,0,169707797,学子路,residential,False,False,84.179,,"LINESTRING (116.4736718 39.8756123, 116.4736613 39.8748553)",
1808717341,1808717286,0,169707878,,residential,False,False,121.68,,"LINESTRING (116.4736718 39.8756123, 116.4750977 39.8756083)",
1808717341,9630747850,0,1047352423,,path,False,True,70.519,,"LINESTRING (116.4736718 39.8756123, 116.4730944 39.876066)",
1808717341,1808717299,0,169707797,学子路,residential,False,True,50.562000000000005,,"LINESTRING (116.4736718 39.8756123, 116.4736702 39.8757386, 116.4736684 39.876067)",
1808717341,5257003800,0,169707878,,residential,False,True,84.167,,"LINESTRING (116.4736718 39.8756123, 116.4727988 39.8756089, 116.4726855 39.8756089)",
1808717353,1808717255,0,169707841,日新路,residential,False,False,52.827000000000005,,"LINESTRING (116.4804098 39.8728186, 116.4806941 39.8728392, 116.4807983 39.8728777, 116.4809945 39.8729503)",
1808717353,5464996353,0,169707841,日新路,residential,False,True,41.803,,"LINESTRING (116.4804098 39.8728186, 116.480045 39.8728803, 116.4799305 39.8728959)",
1808717353,5464996371,0,567888876,,living_street,False,False,111.793,,"LINESTRING (116.4804098 39.8728186, 116.4803325 39.8725379, 116.4802512 39.8722883, 116.4799991 39.8720636, 116.4798067 39.8719907)",
1808717358,1808717172,0,169707798,秋实路,residential,False,True,50.794,,"LINESTRING (116.471917 39.8760651, 116.4719143 39.8756083)",
1808717358,1808717301,0,169707798,秋实路,residential,False,False,44.782,,"LINESTRING (116.471917 39.8760651, 116.4719178 39.8762644, 116.471923 39.8764678)",
1808717364,5258122208,0,169707880,,residential,False,False,46.801,,"LINESTRING (116.474466 39.8706201, 116.4739177 39.8706121)",
1808717364,5258122210,0,169707880,,residential,False,True,44.598,,"LINESTRING (116.474466 39.8706201, 116.4744764 39.8710211)",
1808717364,5464996385,0,169707836,春华路,residential,False,False,212.66500000000002,,"LINESTRING (116.474466 39.8706201, 116.4745572 39.8704348, 116.4761611 39.8704224, 116.4761696 39.8704905, 116.4761691 39.8709055)",
1808717377,1808717284,0,146612951,银杏大道,residential,False,False,117.689,,"LINESTRING (116.476175 39.8748397, 116.4775541 39.8748456)",
1808717377,1808717392,0,146612951,银杏大道,residential,False,True,20.088,,"LINESTRING (116.476175 39.8748397, 116.4759396 39.8748387)",
1808717377,5257004551,0,169707836,春华路,residential,False,True,77.915,,"LINESTRING (116.476175 39.8748397, 116.4761719 39.874139)",
1808717379,1808717253,0,146612951,银杏大道,residential,False,False,53.105,,"LINESTRING (116.473039 39.8748572, 116.4736613 39.8748553)",
1808717379,1808717411,0,954600895,,residential,False,False,211.572,,"LINESTRING (116.473039 39.8748572, 116.4730474 39.8729545)",
1808717379,5257003802,0,146612951,银杏大道,residential,False,True,28.741,,"LINESTRING (116.473039 39.8748572, 116.4727654 39.874858, 116.4727022 39.8748582)",
1808717380,5257004541,0,146612951,银杏大道,residential,False,False,32.635,,"LINESTRING (116.4741817 39.8748537, 116.4745641 39.8748503)",
1808717380,1808717253,0,146612951,银杏大道,residential,False,True,44.409,,"LINESTRING (116.4741817 39.8748537, 116.4736613 39.8748553)",
1808717380,5257004550,0,169707862,,service,False,False,79.249,driveway,"LINESTRING (116.4741817 39.8748537, 116.4741833 39.874141)",
1808717380,5257003754,0,543815666,,path,False,True,120.096,,"LINESTRING (116.4741817 39.8748537, 116.474184 39.8752392, 116.475089 39.875236)",
1808717381,1808717229,0,169707864,,service,False,False,83.824,driveway,"LINESTRING (116.4747592 39.8776477, 116.4757415 39.8776436)",
1808717381,2139848966,0,169707875,,residential,False,True,41.187,,"LINESTRING (116.4747592 39.8776477, 116.4747565 39.8772773)",
1808717389,1808717313,0,543815683,,footway,False,True,71.345,,"LINESTRING (116.4734092 39.8771587, 116.4727601 39.8767543)",
1808717389,1808717232,0,1047352405,思源路,residential,False,False,21.974,,"LINESTRING (116.4734092 39.8771587, 116.4736667 39.8771578)",
1808717389,1808717211,0,1047352405,思源路,residential,False,True,55.39,,"LINESTRING (116.4734092 39.8771587, 116.4727601 39.8771609)",
1808717390,5464996367,0,169707811,奥林匹克路,residential,False,False,12.519,,"LINESTRING (116.4790633 39.8718922, 116.4790087 39.8719967)",
1808717390,5464996347,0,169707811,奥林匹克路,residential,False,True,87.561,,"LINESTRING (116.4790633 39.8718922, 116.4794352 39.8711583)",
1808717390,1808717207,0,169707882,博雅路,residential,False,True,267.77500000000003,,"LINESTRING (116.4790633 39.8718922, 116.4787062 39.8718531, 116.4785479 39.8718341, 116.478387 39.871821, 116.4782843 39.8718205, 116.4779779 39.8718729, 116.4778548 39.8718871, 116.4777187 39.871886, 116.4775794 39.8718778, 116.4774218 39.8718582, 116.4773276 39.8718372, 116.4772334 39.8718042, 116.4771006 39.8717487, 116.4769764 39.8716858, 116.4765673 39.8714278, 116.476431 39.8713636, 116.4763132 39.871323, 116.4761686 39.8712737)",
1808717390,5464996371,0,567888876,,living_street,False,True,65.70100000000001,,"LINESTRING (116.4790633 39.8718922, 116.4792836 39.8718733, 116.4796698 39.8719388, 116.4798067 39.8719907)",
1808717392,1808717377,0,146612951,银杏大道,residential,False,False,20.088,,"LINESTRING (116.4759396 39.8748387, 116.476175 39.8748397)",
1808717392,5258122168,0,543815665,,residential,False,False,43.867,,"LINESTRING (116.4759396 39.8748387, 116.4759364 39.8752332)",
1808717392,5257004545,0,146612951,银杏大道,residential,False,True,36.561,,"LINESTRING (116.4759396 39.8748387, 116.4757751 39.8748402, 116.4755112 39.8748425)",
1808717393,5257004568,0,169707862,,service,False,True,33.792,driveway,"LINESTRING (116.474187 39.8724233, 116.4741863 39.8727272)",
1808717393,1808717127,0,169707880,,residential,False,False,28.906,,"LINESTRING (116.474187 39.8724233, 116.4744821 39.8722957)",
1808717393,1808717247,0,169707880,,residential,False,True,97.048,,"LINESTRING (116.474187 39.8724233, 116.4730498 39.8724233)",
1808717396,1808717340,0,954600896,,residential,False,False,51.998,,"LINESTRING (116.475497 39.877152, 116.4755032 39.8766844)",
1808717396,1808717121,0,1047352405,思源路,residential,False,False,21.427,,"LINESTRING (116.475497 39.877152, 116.4757481 39.8771516)",
1808717396,1808717280,0,1047352405,思源路,residential,False,True,63.267,,"LINESTRING (116.475497 39.877152, 116.4747556 39.8771544)",
1808717397,1808717409,0,169707797,学子路,residential,False,False,22.884,,"LINESTRING (116.473672 39.87787, 116.4736705 39.8776642)",
1808717407,11256616932,0,543815684,,unclassified,False,True,16.769,,"LINESTRING (116.4755065 39.8764579, 116.47531 39.8764591)",
1808717407,1808717162,0,954600896,,residential,False,False,71.867,,"LINESTRING (116.4755065 39.8764579, 116.4755013 39.8758116)",
1808717407,1808717340,0,954600896,,residential,False,True,25.187,,"LINESTRING (116.4755065 39.8764579, 116.4755032 39.8766844)",
1808717409,1808717326,0,169707797,学子路,residential,False,False,42.577,,"LINESTRING (116.4736705 39.8776642, 116.4736676 39.8772813)",
1808717409,1808717397,0,169707797,学子路,residential,False,True,22.884,,"LINESTRING (116.4736705 39.8776642, 116.473672 39.87787)",
1808717409,1808717334,0,169707868,,service,False,True,138.255,driveway,"LINESTRING (116.4736705 39.8776642, 116.4720504 39.8776518)",
1808717411,1808717415,0,169707881,,residential,False,True,95.929,,"LINESTRING (116.4730474 39.8729545, 116.4719233 39.8729524)",
1808717411,1808717247,0,954600895,,residential,False,False,59.067,,"LINESTRING (116.4730474 39.8729545, 116.4730498 39.8724233)",
1808717411,1808717379,0,954600895,,residential,False,True,211.572,,"LINESTRING (116.4730474 39.8729545, 116.473039 39.8748572)",
1808717412,1808717334,0,169707863,,residential,False,True,33.87,,"LINESTRING (116.472052 39.8779564, 116.4720504 39.8776518)",
1808717415,1808717245,0,169707798,秋实路,residential,False,False,212.187,,"LINESTRING (116.4719233 39.8729524, 116.4719071 39.8748606)",
1808717415,1808717411,0,169707881,,residential,False,False,95.929,,"LINESTRING (116.4719233 39.8729524, 116.4730474 39.8729545)",
2139848966,1808717118,0,169707870,,footway,False,False,84.894,,"LINESTRING (116.4747565 39.8772773, 116.4757513 39.8772694)",
2139848966,1808717381,0,169707875,,residential,False,False,41.187,,"LINESTRING (116.4747565 39.8772773, 116.4747592 39.8776477)",
2139848966,1808717280,0,169707875,,residential,False,True,13.666,,"LINESTRING (116.4747565 39.8772773, 116.4747556 39.8771544)",
2139848966,1808717326,0,169707870,,footway,False,True,92.92,,"LINESTRING (116.4747565 39.8772773, 116.4746265 39.8772778, 116.473732 39.8772811, 116.4736676 39.8772813)",
5257003753,5258122157,0,169707813,,residential,False,False,16.832,,"LINESTRING (116.4759469 39.8766766, 116.4761441 39.8766731)",
5257003753,1808717340,0,169707813,,residential,False,True,37.873,,"LINESTRING (116.4759469 39.8766766, 116.4755032 39.8766844)",
5257003753,1808717170,0,543815665,,residential,False,True,95.826,,"LINESTRING (116.4759469 39.8766766, 116.4759316 39.8758149)",
5257003754,1808717286,0,543815666,,path,False,True,41.405,,"LINESTRING (116.475089 39.875236, 116.4750977 39.8756083)",
5257003754,1808717380,0,543815666,,path,False,False,120.096,,"LINESTRING (116.475089 39.875236, 116.474184 39.8752392, 116.4741817 39.8748537)",
5257003754,5258122168,0,543940620,,footway,False,False,72.31400000000001,,"LINESTRING (116.475089 39.875236, 116.4751743 39.8752357, 116.4758754 39.8752334, 116.4759364 39.8752332)",
5257003780,11256616933,0,543815678,,footway,False,True,26.966,,"LINESTRING (116.4751002 39.8764603, 116.4750968 39.8767028)",
5257003780,11256616932,0,543815684,,unclassified,False,False,17.904,,"LINESTRING (116.4751002 39.8764603, 116.47531 39.8764591)",
5257003780,1808717208,0,543815684,,unclassified,False,True,122.74,,"LINESTRING (116.4751002 39.8764603, 116.4738489 39.8764677, 116.4736619 39.8764689)",
5257003799,9630747849,0,543815685,,path,False,True,34.63,,"LINESTRING (116.4722788 39.8760679, 116.4726846 39.8760654)",
5257003799,5257003800,0,1047352424,,path,False,False,61.721,,"LINESTRING (116.4722788 39.8760679, 116.4726855 39.8756089)",
5257003799,1808717129,0,1047352425,,path,False,False,56.879,,"LINESTRING (116.4722788 39.8760679, 116.4726829 39.8764747)",
5257003800,1808717172,0,169707878,,residential,False,True,65.811,,"LINESTRING (116.4726855 39.8756089, 116.4719143 39.8756083)",
5257003800,9630747849,0,543815686,,path,False,True,50.761,,"LINESTRING (116.4726855 39.8756089, 116.4726846 39.8760654)",
5257003800,5257003799,0,1047352424,,path,False,True,61.721,,"LINESTRING (116.4726855 39.8756089, 116.4722788 39.8760679)",
5257003800,1808717341,0,169707878,,residential,False,False,84.167,,"LINESTRING (116.4726855 39.8756089, 116.4727988 39.8756089, 116.4736718 39.8756123)",
5257003801,5257003802,0,543815687,,path,False,False,56.789,,"LINESTRING (116.4726973 39.8753689, 116.4727022 39.8748582)",
5257003802,1808717245,0,146612951,银杏大道,residential,False,True,67.851,,"LINESTRING (116.4727022 39.8748582, 116.4719071 39.8748606)",
5257003802,5257003801,0,543815687,,path,False,True,56.789,,"LINESTRING (116.4727022 39.8748582, 116.4726973 39.8753689)",
5257003802,1808717379,0,146612951,银杏大道,residential,False,False,28.741,,"LINESTRING (116.4727022 39.8748582, 116.4727654 39.874858, 116.473039 39.8748572)",
5257004541,5257004543,0,146612951,银杏大道,residential,False,False,40.153,,"LINESTRING (116.4745641 39.8748503, 116.4750346 39.8748464)",
5257004541,1808717380,0,146612951,银杏大道,residential,False,True,32.635,,"LINESTRING (116.4745641 39.8748503, 116.4741817 39.8748537)",
5257004541,5257004542,0,543815694,,footway,False,False,46.983,,"LINESTRING (116.4745641 39.8748503, 116.4745706 39.8744278)",
5257004542,5257004541,0,543815694,,footway,False,True,46.983,,"LINESTRING (116.4745706 39.8744278, 116.4745641 39.8748503)",
5257004543,5257004545,0,146612951,银杏大道,residential,False,False,40.674,,"LINESTRING (116.4750346 39.8748464, 116.4755112 39.8748425)",
5257004543,5257004541,0,146612951,银杏大道,residential,False,True,40.153,,"LINESTRING (116.4750346 39.8748464, 116.4745641 39.8748503)",
5257004543,5257004544,0,543815695,,footway,False,False,46.55,,"LINESTRING (116.4750346 39.8748464, 116.4750281 39.8744278)",
5257004544,5257004543,0,543815695,,footway,False,True,46.55,,"LINESTRING (116.4750281 39.8744278, 116.4750346 39.8748464)",
5257004545,5257004543,0,146612951,银杏大道,residential,False,True,40.674,,"LINESTRING (116.4755112 39.8748425, 116.4750346 39.8748464)",
5257004545,1808717392,0,146612951,银杏大道,residential,False,False,36.561,,"LINESTRING (116.4755112 39.8748425, 116.4757751 39.8748402, 116.4759396 39.8748387)",
5257004545,5257004546,0,543815696,,footway,False,False,45.011,,"LINESTRING (116.4755112 39.8748425, 116.4755112 39.8747393, 116.4755113 39.8744377)",
5257004546,5257004545,0,543815696,,footway,False,True,45.011,,"LINESTRING (116.4755113 39.8744377, 116.4755112 39.8747393, 116.4755112 39.8748425)",
5257004548,5257004561,0,169707862,,service,False,False,54.73,driveway,"LINESTRING (116.4741839 39.8738393, 116.474185 39.8733471)",
5257004548,5257004550,0,169707862,,service,False,True,33.548,driveway,"LINESTRING (116.4741839 39.8738393, 116.4741833 39.874141)",
5257004548,5257004552,0,543815697,,footway,False,False,81.942,,"LINESTRING (116.4741839 39.8738393, 116.4751441 39.873837)",
5257004549,5257004551,0,169707836,春华路,residential,False,False,34.093,,"LINESTRING (116.4761706 39.8738324, 116.4761719 39.874139)",
5257004549,5257004555,0,169707836,春华路,residential,False,True,37.384,,"LINESTRING (116.4761706 39.8738324, 116.4761692 39.8734962)",
5257004549,5257004552,0,543815697,,footway,False,True,87.6,,"LINESTRING (116.4761706 39.8738324, 116.4751441 39.873837)",
5257004550,5257004548,0,169707862,,service,False,False,33.548,driveway,"LINESTRING (116.4741833 39.874141, 116.4741839 39.8738393)",
5257004550,1808717380,0,169707862,,service,False,True,79.249,driveway,"LINESTRING (116.4741833 39.874141, 116.4741817 39.8748537)",
5257004550,5257004551,0,"[954600898, 543815698]",,footway,False,False,169.702,,"LINESTRING (116.4741833 39.874141, 116.4743217 39.8741409, 116.4760249 39.8741391, 116.4761719 39.874139)",building_passage
5257004551,1808717377,0,169707836,春华路,residential,False,False,77.915,,"LINESTRING (116.4761719 39.874139, 116.476175 39.8748397)",
5257004551,5257004549,0,169707836,春华路,residential,False,True,34.093,,"LINESTRING (116.4761719 39.874139, 116.4761706 39.8738324)",
5257004551,5257004550,0,"[954600898, 543815698]",,footway,False,True,169.702,,"LINESTRING (116.4761719 39.874139, 116.4760249 39.8741391, 116.4743217 39.8741409, 116.4741833 39.874141)",building_passage
5257004552,5257004549,0,543815697,,footway,False,False,87.6,,"LINESTRING (116.4751441 39.873837, 116.4761706 39.8738324)",
5257004552,5257004548,0,543815697,,footway,False,True,81.942,,"LINESTRING (116.4751441 39.873837, 116.4741839 39.8738393)",
5257004552,5257004554,0,543815699,,footway,False,False,37.873,,"LINESTRING (116.4751441 39.873837, 116.475146 39.8734964)",
5257004554,5257004562,0,543815699,,footway,False,False,17.558,,"LINESTRING (116.475146 39.8734964, 116.475147 39.8733385)",
5257004554,5257004552,0,543815699,,footway,False,True,37.873,,"LINESTRING (116.475146 39.8734964, 116.4751441 39.873837)",
5257004554,5257004555,0,543815700,,footway,False,False,87.318,,"LINESTRING (116.475146 39.8734964, 116.4761692 39.8734962)",
5257004555,5257004549,0,169707836,春华路,residential,False,False,37.384,,"LINESTRING (116.4761692 39.8734962, 116.4761706 39.8738324)",
5257004555,5257004559,0,169707836,春华路,residential,False,True,47.225,,"LINESTRING (116.4761692 39.8734962, 116.4761674 39.8730715)",
5257004555,5257004554,0,543815700,,footway,False,True,87.318,,"LINESTRING (116.4761692 39.8734962, 116.475146 39.8734964)",
5257004558,5257004563,0,543815699,,footway,False,False,9.096,,"LINESTRING (116.4751486 39.8730759, 116.4751491 39.8729941)",
5257004558,5257004562,0,543815699,,footway,False,True,29.2,,"LINESTRING (116.4751486 39.8730759, 116.475147 39.8733385)",
5257004558,5257004559,0,543815702,,footway,False,False,86.944,,"LINESTRING (116.4751486 39.8730759, 116.4761674 39.8730715)",
5257004559,5257004555,0,169707836,春华路,residential,False,False,47.225,,"LINESTRING (116.4761674 39.8730715, 116.4761692 39.8734962)",
5257004559,5257004560,0,169707836,春华路,residential,False,True,34.938,,"LINESTRING (116.4761674 39.8730715, 116.476166 39.8727573)",
5257004559,5257004558,0,543815702,,footway,False,True,86.944,,"LINESTRING (116.4761674 39.8730715, 116.4751486 39.8730759)",
5257004560,5257004559,0,169707836,春华路,residential,False,False,34.938,,"LINESTRING (116.476166 39.8727573, 116.4761674 39.8730715)",
5257004560,1808717213,0,169707836,春华路,residential,False,True,50.894,,"LINESTRING (116.476166 39.8727573, 116.4761643 39.8723515, 116.4761645 39.8722996)",
5257004560,5257004563,0,"[543815699, 543815703]",,footway,False,True,111.998,,"LINESTRING (116.476166 39.8727573, 116.4751505 39.8727663, 116.4751491 39.8729941)",
5257004561,5257004548,0,169707862,,service,False,True,54.73,driveway,"LINESTRING (116.474185 39.8733471, 116.4741839 39.8738393)",
5257004561,5257004562,0,543815704,,footway,False,False,82.101,,"LINESTRING (116.474185 39.8733471, 116.475147 39.8733385)",
5257004561,5257004568,0,169707862,,service,False,False,68.93,driveway,"LINESTRING (116.474185 39.8733471, 116.4741851 39.8732896, 116.4741863 39.8727272)",
5257004562,5257004558,0,543815699,,footway,False,False,29.2,,"LINESTRING (116.475147 39.8733385, 116.4751486 39.8730759)",
5257004562,5257004554,0,543815699,,footway,False,True,17.558,,"LINESTRING (116.475147 39.8733385, 116.475146 39.8734964)",
5257004562,5257004561,0,543815704,,footway,False,True,82.101,,"LINESTRING (116.475147 39.8733385, 116.474185 39.8733471)",
5257004563,5257004558,0,543815699,,footway,False,True,9.096,,"LINESTRING (116.4751491 39.8729941, 116.4751486 39.8730759)",
5257004563,5257004560,0,"[543815699, 543815703]",,footway,False,False,111.998,,"LINESTRING (116.4751491 39.8729941, 116.4751505 39.8727663, 116.476166 39.8727573)",
5257004563,5257004568,0,543815705,,footway,False,False,112.49700000000001,,"LINESTRING (116.4751491 39.8729941, 116.4747498 39.8729979, 116.4747464 39.8727857, 116.4746717 39.8727864, 116.4746707 39.8727225, 116.4741863 39.8727272)",
5257004568,1808717393,0,169707862,,service,False,False,33.792,driveway,"LINESTRING (116.4741863 39.8727272, 116.474187 39.8724233)",
5257004568,5257004561,0,169707862,,service,False,True,68.93,driveway,"LINESTRING (116.4741863 39.8727272, 116.4741851 39.8732896, 116.474185 39.8733471)",
5257004568,5257004563,0,543815705,,footway,False,True,112.49700000000001,,"LINESTRING (116.4741863 39.8727272, 116.4746707 39.8727225, 116.4746717 39.8727864, 116.4747464 39.8727857, 116.4747498 39.8729979, 116.4751491 39.8729941)",
5258122156,5258122157,0,543940616,,service,False,False,53.151,,"LINESTRING (116.4761441 39.8771511, 116.4761441 39.8766731)",
5258122156,5258122175,0,1047352405,思源路,residential,False,False,12.945,,"LINESTRING (116.4761441 39.8771511, 116.4762958 39.8771508)",
5258122156,1808717121,0,1047352405,思源路,residential,False,True,33.792,,"LINESTRING (116.4761441 39.8771511, 116.4757481 39.8771516)",
5258122157,5258122159,0,169707813,,residential,False,False,42.576,,"LINESTRING (116.4761441 39.8766731, 116.4766429 39.8766642)",
5258122157,5257003753,0,169707813,,residential,False,True,16.832,,"LINESTRING (116.4761441 39.8766731, 116.4759469 39.8766766)",
5258122157,5258122156,0,543940616,,service,False,True,53.151,,"LINESTRING (116.4761441 39.8766731, 116.4761441 39.8771511)",
5258122158,5258122159,0,543940617,,service,False,False,54.065,,"LINESTRING (116.4766371 39.8771504, 116.4766429 39.8766642)",
5258122158,1808717268,0,1047352405,思源路,residential,False,False,32.999,,"LINESTRING (116.4766371 39.8771504, 116.4770238 39.8771498)",
5258122158,5258122175,0,1047352405,思源路,residential,False,True,29.124,,"LINESTRING (116.4766371 39.8771504, 116.4762958 39.8771508)",
5258122159,1808717338,0,169707813,,residential,False,False,76.966,,"LINESTRING (116.4766429 39.8766642, 116.4775446 39.8766482)",
5258122159,5258122157,0,169707813,,residential,False,True,42.576,,"LINESTRING (116.4766429 39.8766642, 116.4761441 39.8766731)",
5258122159,5258122158,0,543940617,,service,False,True,54.065,,"LINESTRING (116.4766429 39.8766642, 116.4766371 39.8771504)",
5258122168,1808717170,0,543815665,,residential,False,False,64.683,,"LINESTRING (116.4759364 39.8752332, 116.4759316 39.8758149)",
5258122168,1808717392,0,543815665,,residential,False,True,43.867,,"LINESTRING (116.4759364 39.8752332, 116.4759396 39.8748387)",
5258122168,5257003754,0,543940620,,footway,False,True,72.314,,"LINESTRING (116.4759364 39.8752332, 116.4758754 39.8752334, 116.4751743 39.8752357, 116.475089 39.875236)",
5258122173,1808717229,0,169707850,,residential,False,False,22.488,,"LINESTRING (116.4757468 39.8774414, 116.4757415 39.8776436)",
5258122173,1808717118,0,169707850,,residential,False,True,19.129,,"LINESTRING (116.4757468 39.8774414, 116.4757513 39.8772694)",
5258122173,5258122174,0,543940622,,living_street,False,False,46.353,,"LINESTRING (116.4757468 39.8774414, 116.47629 39.8774415)",
5258122174,5258122173,0,543940622,,living_street,False,True,46.353,,"LINESTRING (116.47629 39.8774415, 116.4757468 39.8774414)",
5258122174,5258122177,0,543940623,,living_street,False,False,22.319,,"LINESTRING (116.47629 39.8774415, 116.476286 39.8776422)",
5258122174,5258122175,0,543940623,,living_street,False,True,32.328,,"LINESTRING (116.47629 39.8774415, 116.4762958 39.8771508)",
5258122175,5258122174,0,543940623,,living_street,False,False,32.328,,"LINESTRING (116.4762958 39.8771508, 116.47629 39.8774415)",
5258122175,5258122158,0,1047352405,思源路,residential,False,False,29.124,,"LINESTRING (116.4762958 39.8771508, 116.4766371 39.8771504)",
5258122175,5258122156,0,1047352405,思源路,residential,False,True,12.945,,"LINESTRING (116.4762958 39.8771508, 116.4761441 39.8771511)",
5258122176,5258122177,0,543940623,,living_street,False,True,23.509999999999998,,"LINESTRING (116.4762818 39.8778536, 116.4762853 39.877752, 116.476286 39.8776422)",
5258122177,5258122174,0,543940623,,living_street,False,True,22.319,,"LINESTRING (116.476286 39.8776422, 116.47629 39.8774415)",
5258122177,1808717229,0,543940624,,living_street,False,True,46.464,,"LINESTRING (116.476286 39.8776422, 116.4757415 39.8776436)",
5258122177,5258122176,0,543940623,,living_street,False,False,23.509999999999998,,"LINESTRING (116.476286 39.8776422, 116.4762853 39.877752, 116.4762818 39.8778536)",
5258122181,1808717166,0,169707880,,residential,False,False,58.5,,"LINESTRING (116.4727796 39.8712303, 116.4727795 39.8712764, 116.4727779 39.8717564)",
5258122181,5258122209,0,169707880,,residential,False,True,22.962,,"LINESTRING (116.4727796 39.8712303, 116.4727797 39.8712117, 116.4727803 39.8710238)",
5258122181,5258122182,0,543940626,,footway,False,False,14.428999999999998,,"LINESTRING (116.4727796 39.8712303, 116.4728243 39.871227, 116.4729479 39.8712179)",
5258122182,5258122185,0,543940627,,footway,False,False,17.542,,"LINESTRING (116.4729479 39.8712179, 116.4731506 39.8711917)",
5258122182,9630983020,0,543940626,,footway,False,False,125.27599999999998,,"LINESTRING (116.4729479 39.8712179, 116.4730766 39.871384, 116.473399 39.8714968, 116.4737816 39.8715032, 116.473964 39.8713953, 116.4740474 39.8713173, 116.4740802 39.8712308)",
5258122182,5258122181,0,543940626,,footway,False,True,14.428999999999998,,"LINESTRING (116.4729479 39.8712179, 116.4728243 39.871227, 116.4727796 39.8712303)",
5258122185,5258122182,0,543940627,,footway,False,True,17.542,,"LINESTRING (116.4731506 39.8711917, 116.4729479 39.8712179)",
5258122185,5258122190,0,543940627,,footway,False,False,70.241,,"LINESTRING (116.4731506 39.8711917, 116.4732646 39.8712673, 116.4734495 39.8713146, 116.4736189 39.8713146, 116.4737792 39.8712839, 116.4738931 39.8712177)",
5258122185,5258122197,0,543940628,,footway,False,False,15.700000000000001,,"LINESTRING (116.4731506 39.8711917, 116.4731938 39.8711278, 116.473253 39.8710756)",
5258122190,9630983020,0,543940627,,footway,False,False,16.034,,"LINESTRING (116.4738931 39.8712177, 116.4740802 39.8712308)",
5258122190,5258122185,0,543940627,,footway,False,True,70.241,,"LINESTRING (116.4738931 39.8712177, 116.4737792 39.8712839, 116.4736189 39.8713146, 116.4734495 39.8713146, 116.4732646 39.8712673, 116.4731506 39.8711917)",
5258122190,5258122203,0,543940628,,footway,False,True,17.174,,"LINESTRING (116.4738931 39.8712177, 116.4738716 39.8711444, 116.4738122 39.8710795)",
5258122197,5258122198,0,543940629,,footway,False,False,10.253,,"LINESTRING (116.473253 39.8710756, 116.4731691 39.8710096)",
5258122197,5258122203,0,543940628,,footway,False,False,52.188,,"LINESTRING (116.473253 39.8710756, 116.4732769 39.8710545, 116.473471 39.8710072, 116.4736559 39.8710096, 116.4737884 39.8710521, 116.4738122 39.8710795)",
5258122197,5258122185,0,543940628,,footway,False,True,15.700000000000001,,"LINESTRING (116.473253 39.8710756, 116.4731938 39.8711278, 116.4731506 39.8711917)",
5258122198,5258122197,0,543940629,,footway,False,True,10.253,,"LINESTRING (116.4731691 39.8710096, 116.473253 39.8710756)",
5258122198,5258122209,0,543940631,,footway,False,True,33.218,,"LINESTRING (116.4731691 39.8710096, 116.4727803 39.8710238)",
5258122198,5258122202,0,543940629,,footway,False,False,48.339,,"LINESTRING (116.4731691 39.8710096, 116.4730859 39.8709197, 116.4730459 39.8708275, 116.4730705 39.8707235, 116.4731412 39.8706147)",
5258122202,1808717112,0,169707880,,residential,False,False,30.695,,"LINESTRING (116.4731412 39.8706147, 116.4727816 39.8706201)",
5258122202,1808717226,0,169707880,,residential,False,True,40.272,,"LINESTRING (116.4731412 39.8706147, 116.473613 39.8706077)",
5258122202,5258122198,0,543940629,,footway,False,True,48.339,,"LINESTRING (116.4731412 39.8706147, 116.4730705 39.8707235, 116.4730459 39.8708275, 116.4730859 39.8709197, 116.4731691 39.8710096)",
5258122203,5258122204,0,543940630,,footway,False,False,14.352,,"LINESTRING (116.4738122 39.8710795, 116.4739424 39.8709978)",
5258122203,5258122190,0,543940628,,footway,False,False,17.174,,"LINESTRING (116.4738122 39.8710795, 116.4738716 39.8711444, 116.4738931 39.8712177)",
5258122203,5258122197,0,543940628,,footway,False,True,52.188,,"LINESTRING (116.4738122 39.8710795, 116.4737884 39.8710521, 116.4736559 39.8710096, 116.473471 39.8710072, 116.4732769 39.8710545, 116.473253 39.8710756)",
5258122204,5258122203,0,543940630,,footway,False,True,14.352,,"LINESTRING (116.4739424 39.8709978, 116.4738122 39.8710795)",
5258122204,5258122210,0,543940632,,footway,False,False,45.646,,"LINESTRING (116.4739424 39.8709978, 116.4744764 39.8710211)",
5258122204,5258122208,0,543940630,,footway,False,False,47.856,,"LINESTRING (116.4739424 39.8709978, 116.4740226 39.8709126, 116.474038 39.8708015, 116.4739794 39.8706714, 116.4739177 39.8706121)",
5258122208,1808717226,0,169707880,,residential,False,False,26.008,,"LINESTRING (116.4739177 39.8706121, 116.473613 39.8706077)",
5258122208,1808717364,0,169707880,,residential,False,True,46.801,,"LINESTRING (116.4739177 39.8706121, 116.474466 39.8706201)",
5258122208,5258122204,0,543940630,,footway,False,True,47.856,,"LINESTRING (116.4739177 39.8706121, 116.4739794 39.8706714, 116.474038 39.8708015, 116.4740226 39.8709126, 116.4739424 39.8709978)",
5258122209,1808717112,0,169707880,,residential,False,True,44.89,,"LINESTRING (116.4727803 39.8710238, 116.4727816 39.8706201)",
5258122209,5258122198,0,543940631,,footway,False,False,33.218,,"LINESTRING (116.4727803 39.8710238, 116.4731691 39.8710096)",
5258122209,5258122181,0,169707880,,residential,False,False,22.962,,"LINESTRING (116.4727803 39.8710238, 116.4727797 39.8712117, 116.4727796 39.8712303)",
5258122210,1808717364,0,169707880,,residential,False,False,44.598,,"LINESTRING (116.4744764 39.8710211, 116.474466 39.8706201)",
5258122210,1808717248,0,169707880,,residential,False,True,25.002,,"LINESTRING (116.4744764 39.8710211, 116.4744823 39.8712459)",
5258122210,5258122204,0,543940632,,footway,False,True,45.646,,"LINESTRING (116.4744764 39.8710211, 116.4739424 39.8709978)",
5464996347,1808717390,0,169707811,奥林匹克路,residential,False,False,87.561,,"LINESTRING (116.4794352 39.8711583, 116.4790633 39.8718922)",
5464996347,1808717255,0,567888875,实训路,living_street,False,True,332.812,,"LINESTRING (116.4794352 39.8711583, 116.4795269 39.8711752, 116.4798165 39.8711373, 116.4801678 39.871038, 116.4804512 39.8710664, 116.4807162 39.8711563, 116.4810982 39.8715299, 116.4812523 39.8719744, 116.4812831 39.8724473, 116.4811907 39.8727264, 116.4809945 39.8729503)",
5464996347,5464996385,0,567888882,,residential,False,True,324.79200000000003,,"LINESTRING (116.4794352 39.8711583, 116.4793318 39.871184, 116.4792435 39.8712119, 116.4790934 39.8712538, 116.4790763 39.8712468, 116.4788409 39.8711499, 116.4787659 39.8711081, 116.4785479 39.8709864, 116.4783674 39.8708261, 116.478185 39.8706847, 116.4779731 39.8705778, 116.4777026 39.8705026, 116.4774288 39.8704796, 116.4769916 39.870554, 116.4766912 39.870744, 116.4764393 39.870912, 116.4761691 39.8709055)",
5464996353,1808717353,0,169707841,日新路,residential,False,False,41.803,,"LINESTRING (116.4799305 39.8728959, 116.480045 39.8728803, 116.4804098 39.8728186)",
5464996353,1808717262,0,169707841,日新路,residential,False,True,116.953,,"LINESTRING (116.4799305 39.8728959, 116.47953 39.8729503, 116.4790579 39.8729092, 116.4785966 39.8727856)",
5464996353,5464996368,0,567888877,,footway,False,False,91.86500000000001,,"LINESTRING (116.4799305 39.8728959, 116.4798975 39.8727844, 116.4799056 39.8727064, 116.4799219 39.8726471, 116.4799625 39.8725816, 116.4799707 39.8725098, 116.4799707 39.872438, 116.4799544 39.872385, 116.4798812 39.8723007, 116.4797796 39.8722352, 116.4796586 39.872201)",
5464996367,5464996372,0,169707811,奥林匹克路,residential,False,False,59.335,,"LINESTRING (116.4790087 39.8719967, 116.47875 39.872492)",
5464996367,1808717390,0,169707811,奥林匹克路,residential,False,True,12.519,,"LINESTRING (116.4790087 39.8719967, 116.4790633 39.8718922)",
5464996367,5464996368,0,567888877,,footway,False,True,61.660000000000004,,"LINESTRING (116.4790087 39.8719967, 116.479121 39.872073, 116.4792592 39.8721385, 116.4794503 39.872151, 116.4796251 39.8721915, 116.4796586 39.872201)",
5464996368,5464996367,0,567888877,,footway,False,False,61.66000000000001,,"LINESTRING (116.4796586 39.872201, 116.4796251 39.8721915, 116.4794503 39.872151, 116.4792592 39.8721385, 116.479121 39.872073, 116.4790087 39.8719967)",
5464996368,5464996353,0,567888877,,footway,False,True,91.86500000000001,,"LINESTRING (116.4796586 39.872201, 116.4797796 39.8722352, 116.4798812 39.8723007, 116.4799544 39.872385, 116.4799707 39.872438, 116.4799707 39.8725098, 116.4799625 39.8725816, 116.4799219 39.8726471, 116.4799056 39.8727064, 116.4798975 39.8727844, 116.4799305 39.8728959)",
5464996368,5464996371,0,567888879,,footway,False,False,27.371,,"LINESTRING (116.4796586 39.872201, 116.4796983 39.8720855, 116.4797633 39.8720199, 116.4798067 39.8719907)",
5464996368,5464996372,0,567888880,,footway,False,True,93.511,,"LINESTRING (116.4796586 39.872201, 116.4794015 39.8722227, 116.479308 39.8722758, 116.4792348 39.8723476, 116.4791738 39.8724755, 116.4790641 39.8724755, 116.47875 39.872492)",
5464996371,1808717390,0,567888876,,living_street,False,False,65.701,,"LINESTRING (116.4798067 39.8719907, 116.4796698 39.8719388, 116.4792836 39.8718733, 116.4790633 39.8718922)",
5464996371,1808717353,0,567888876,,living_street,False,True,111.793,,"LINESTRING (116.4798067 39.8719907, 116.4799991 39.8720636, 116.4802512 39.8722883, 116.4803325 39.8725379, 116.4804098 39.8728186)",
5464996371,5464996368,0,567888879,,footway,False,True,27.371,,"LINESTRING (116.4798067 39.8719907, 116.4797633 39.8720199, 116.4796983 39.8720855, 116.4796586 39.872201)",
5464996372,1808717262,0,169707811,奥林匹克路,residential,False,False,35.174,,"LINESTRING (116.47875 39.872492, 116.4785966 39.8727856)",
5464996372,5464996367,0,169707811,奥林匹克路,residential,False,True,59.335,,"LINESTRING (116.47875 39.872492, 116.4790087 39.8719967)",
5464996372,5464996368,0,567888880,,footway,False,False,93.511,,"LINESTRING (116.47875 39.872492, 116.4790641 39.8724755, 116.4791738 39.8724755, 116.4792348 39.8723476, 116.479308 39.8722758, 116.4794015 39.8722227, 116.4796586 39.872201)",
5464996384,1808717284,0,169707811,奥林匹克路,residential,False,False,48.204,,"LINESTRING (116.4777586 39.8744415, 116.4775541 39.8748456)",
5464996384,1808717262,0,169707811,奥林匹克路,residential,False,True,197.52700000000002,,"LINESTRING (116.4777586 39.8744415, 116.4784073 39.8731596, 116.4785966 39.8727856)",
5464996384,1808717255,0,567888881,四教北路,living_street,False,True,437.12199999999996,,"LINESTRING (116.4777586 39.8744415, 116.4809039 39.8744461, 116.48092 39.874195, 116.4808824 39.8739356, 116.4808663 39.8736433, 116.4808449 39.8733716, 116.4809039 39.873104, 116.4809945 39.8729503)",
5464996385,1808717207,0,169707836,春华路,residential,False,False,40.942,,"LINESTRING (116.4761691 39.8709055, 116.4761686 39.8712737)",
5464996385,1808717364,0,169707836,春华路,residential,False,True,212.665,,"LINESTRING (116.4761691 39.8709055, 116.4761696 39.8704905, 116.4761611 39.8704224, 116.4745572 39.8704348, 116.474466 39.8706201)",
5464996385,5464996347,0,567888882,,residential,False,False,324.79200000000003,,"LINESTRING (116.4761691 39.8709055, 116.4764393 39.870912, 116.4766912 39.870744, 116.4769916 39.870554, 116.4774288 39.8704796, 116.4777026 39.8705026, 116.4779731 39.8705778, 116.478185 39.8706847, 116.4783674 39.8708261, 116.4785479 39.8709864, 116.4787659 39.8711081, 116.4788409 39.8711499, 116.4790763 39.8712468, 116.4790934 39.8712538, 116.4792435 39.8712119, 116.4793318 39.871184, 116.4794352 39.8711583)",
9630747849,5257003799,0,543815685,,path,False,False,34.63,,"LINESTRING (116.4726846 39.8760654, 116.4722788 39.8760679)",
9630747849,9630747850,0,543815685,,path,False,True,34.97,,"LINESTRING (116.4726846 39.8760654, 116.4730944 39.876066)",
9630747849,5257003800,0,543815686,,path,False,False,50.761,,"LINESTRING (116.4726846 39.8760654, 116.4726855 39.8756089)",
9630747849,1808717129,0,543815686,,path,False,True,45.512,,"LINESTRING (116.4726846 39.8760654, 116.4726829 39.8764747)",
9630747850,9630747849,0,543815685,,path,False,False,34.97,,"LINESTRING (116.4730944 39.876066, 116.4726846 39.8760654)",
9630747850,1808717299,0,543815685,,path,False,True,48.982,,"LINESTRING (116.4730944 39.876066, 116.4736684 39.876067)",
9630747850,1808717208,0,1047352422,,path,False,False,65.972,,"LINESTRING (116.4730944 39.876066, 116.4736619 39.8764689)",
9630747850,1808717341,0,1047352423,,path,False,False,70.519,,"LINESTRING (116.4730944 39.876066, 116.4736718 39.8756123)",
9630983020,5258122190,0,543940627,,footway,False,True,16.034,,"LINESTRING (116.4740802 39.8712308, 116.4738931 39.8712177)",
9630983020,1808717248,0,543940626,,footway,False,False,34.451,,"LINESTRING (116.4740802 39.8712308, 116.4740811 39.8712295, 116.4743216 39.8712393, 116.4744823 39.8712459)",
9630983020,5258122182,0,543940626,,footway,False,True,125.27600000000001,,"LINESTRING (116.4740802 39.8712308, 116.4740474 39.8713173, 116.473964 39.8713953, 116.4737816 39.8715032, 116.473399 39.8714968, 116.4730766 39.871384, 116.4729479 39.8712179)",
11256616932,1808717407,0,543815684,,unclassified,False,False,16.769,,"LINESTRING (116.47531 39.8764591, 116.4755065 39.8764579)",
11256616932,5257003780,0,543815684,,unclassified,False,True,17.904,,"LINESTRING (116.47531 39.8764591, 116.4751002 39.8764603)",
11256616932,11256616933,0,1214956495,,footway,False,True,32.639,,"LINESTRING (116.47531 39.8764591, 116.4750968 39.8767028)",
11256616933,5257003780,0,543815678,,footway,False,False,26.966,,"LINESTRING (116.4750968 39.8767028, 116.4751002 39.8764603)",
11256616933,11256616932,0,1214956495,,footway,False,False,32.639,,"LINESTRING (116.4750968 39.8767028, 116.47531 39.8764591)",
11256616933,1808717315,0,"[169707810, 543815678]",,footway,False,True,109.435,,"LINESTRING (116.4750968 39.8767028, 116.4750951 39.8768275, 116.474695 39.8768252, 116.4745724 39.8769107, 116.4745805 39.8770857, 116.4742676 39.8771559)",
